SchoolName,SchoolYear,School List,JD1 Transfers Out,Transfer In,75th Percentile JD1 GPA,GPA50thPercentile,GPA25thPercentile,TransferIn,50th Percentile JD1 GPA,25th Percentile JD1 GPA
,2022,"AKRON, UNIVERSITY OF",1,3.0,0.0,0.0,0.0,,,
,2022,"ALABAMA, UNIVERSITY OF",0,3.0,0.0,0.0,0.0,,,
,2022,ALBANY LAW SCHOOL,4,2.0,0.0,0.0,0.0,,,
,2022,AMERICAN UNIVERSITY,31,14.0,3.55,3.16,2.91,,,
,2022,APPALACHIAN SCHOOL OF LAW,6,0.0,0.0,0.0,0.0,,,
,2022,ARIZONA STATE UNIVERSITY,12,39.0,3.53,3.41,3.09,,,
,2022,"ARIZONA, UNIVERSITY OF",10,2.0,0.0,0.0,0.0,,,
,2022,"ARKANSAS, FAYETTEVILLE, UNIVERSITY OF",2,1.0,0.0,0.0,0.0,,,
,2022,"ARKANSAS, LITTLE ROCK, UNIVERSITY OF",0,0.0,0.0,0.0,0.0,,,
,2022,ATLANTA'S JOHN MARSHALL LAW SCHOOL,0,2.0,0.0,0.0,0.0,,,
,2022,AVE MARIA SCHOOL OF LAW,8,2.0,0.0,0.0,0.0,,,
,2022,"BALTIMORE, UNIVERSITY OF",22,7.0,0.0,2.85,0.0,,,
,2022,BARRY UNIVERSITY,15,4.0,0.0,0.0,0.0,,,
,2022,BAYLOR UNIVERSITY,0,0.0,0.0,0.0,0.0,,,
,2022,BELMONT UNIVERSITY,2,0.0,0.0,0.0,0.0,,,
,2022,BOSTON COLLEGE,7,0.0,0.0,0.0,0.0,,,
,2022,BOSTON UNIVERSITY,15,4.0,0.0,0.0,0.0,,,
,2022,BRIGHAM YOUNG UNIVERSITY,0,3.0,0.0,0.0,0.0,,,
,2022,BROOKLYN LAW SCHOOL,15,11.0,0.0,3.12,0.0,,,
,2022,CALIFORNIA WESTERN SCHOOL OF LAW,9,1.0,0.0,0.0,0.0,,,
,2022,"CALIFORNIA-BERKELEY, UNIVERSITY OF",7,33.0,3.89,3.83,3.73,,,
,2022,"CALIFORNIA-DAVIS, UNIVERSITY OF",11,0.0,0.0,0.0,0.0,,,
,2022,"CALIFORNIA-IRVINE, UNIVERSITY OF",10,5.0,0.0,0.0,0.0,,,
,2022,"CALIFORNIA-LOS ANGELES, UNIVERSITY OF",6,12.0,4.0,3.96,3.6,,,
,2022,CAMPBELL UNIVERSITY,4,0.0,0.0,0.0,0.0,,,
,2022,CAPITAL UNIVERSITY,2,0.0,0.0,0.0,0.0,,,
,2022,CARDOZO SCHOOL OF LAW,7,7.0,0.0,3.37,0.0,,,
,2022,CASE WESTERN RESERVE UNIVERSITY,5,3.0,0.0,0.0,0.0,,,
,2022,CATHOLIC UNIVERSITY OF AMERICA,16,6.0,0.0,2.94,0.0,,,
,2022,CHAPMAN UNIVERSITY,5,8.0,0.0,3.22,0.0,,,
,2022,CHARLESTON SCHOOL OF LAW,3,1.0,0.0,0.0,0.0,,,
,2022,"CHICAGO, UNIVERSITY OF",0,14.0,3.87,3.83,3.79,,,
,2022,CHICAGO-KENT COLLEGE OF LAW-IIT,7,5.0,0.0,0.0,0.0,,,
,2022,"CINCINNATI, UNIVERSITY OF",1,5.0,0.0,0.0,0.0,,,
,2022,CITY UNIVERSITY OF NEW YORK,0,1.0,0.0,0.0,0.0,,,
,2022,CLEVELAND STATE UNIVERSITY,0,1.0,0.0,0.0,0.0,,,
,2022,"COLORADO, UNIVERSITY OF",3,0.0,0.0,0.0,0.0,,,
,2022,COLUMBIA UNIVERSITY,1,19.0,3.95,3.89,3.77,,,
,2022,"CONNECTICUT, UNIVERSITY OF",5,1.0,0.0,0.0,0.0,,,
,2022,CORNELL UNIVERSITY,7,2.0,0.0,0.0,0.0,,,
,2022,CREIGHTON UNIVERSITY,2,0.0,0.0,0.0,0.0,,,
,2022,"DAYTON, UNIVERSITY OF",0,3.0,0.0,0.0,0.0,,,
,2022,"DENVER, UNIVERSITY OF",0,16.0,3.45,3.35,3.08,,,
,2022,DEPAUL UNIVERSITY,9,0.0,0.0,0.0,0.0,,,
,2022,"DETROIT MERCY, UNIVERSITY OF",9,1.0,0.0,0.0,0.0,,,
,2022,DISTRICT OF COLUMBIA,8,1.0,0.0,0.0,0.0,,,
,2022,DRAKE UNIVERSITY,0,0.0,0.0,0.0,0.0,,,
,2022,DREXEL UNIVERSITY,0,4.0,0.0,0.0,0.0,,,
,2022,DUKE UNIVERSITY,4,0.0,0.0,0.0,0.0,,,
,2022,DUQUESNE UNIVERSITY,4,3.0,0.0,0.0,0.0,,,
,2022,ELON UNIVERSITY,4,2.0,0.0,0.0,0.0,,,
,2022,EMORY UNIVERSITY,10,13.0,3.39,3.14,3.08,,,
,2022,FAULKNER UNIVERSITY,5,4.0,0.0,0.0,0.0,,,
,2022,FLORIDA A&M UNIVERSITY,7,0.0,0.0,0.0,0.0,,,
,2022,FLORIDA INTERNATIONAL UNIVERSITY,3,11.0,0.0,3.31,0.0,,,
,2022,FLORIDA STATE UNIVERSITY,4,26.0,3.5,3.29,3.02,,,
,2022,"FLORIDA, UNIVERSITY OF",1,22.0,3.69,3.45,3.41,,,
,2022,FORDHAM UNIVERSITY,5,16.0,3.61,3.48,3.31,,,
,2022,GEORGE MASON UNIVERSITY,11,26.0,3.49,3.39,3.12,,,
,2022,GEORGE WASHINGTON UNIVERSITY,20,69.0,3.5,3.39,3.18,,,
,2022,GEORGETOWN UNIVERSITY,6,120.0,3.83,3.69,3.58,,,
,2022,GEORGIA STATE UNIVERSITY,0,2.0,0.0,0.0,0.0,,,
,2022,"GEORGIA, UNIVERSITY OF",3,3.0,0.0,0.0,0.0,,,
,2022,GOLDEN GATE UNIVERSITY,10,0.0,0.0,0.0,0.0,,,
,2022,GONZAGA UNIVERSITY,9,1.0,0.0,0.0,0.0,,,
,2022,HARVARD UNIVERSITY,0,50.0,4.0,3.95,3.85,,,
,2022,"HAWAII, UNIVERSITY OF",3,4.0,0.0,0.0,0.0,,,
,2022,HOFSTRA UNIVERSITY,0,16.0,2.89,2.75,2.6,,,
,2022,"HOUSTON, UNIVERSITY OF",4,18.0,3.71,3.5,3.31,,,
,2022,HOWARD UNIVERSITY,2,0.0,0.0,0.0,0.0,,,
,2022,"IDAHO, UNIVERSITY OF",6,4.0,0.0,0.0,0.0,,,
,2022,"ILLINOIS, UNIVERSITY OF",1,2.0,0.0,0.0,0.0,,,
,2022,INDIANA UNIVERSITY - BLOOMINGTON,1,0.0,0.0,0.0,0.0,,,
,2022,INDIANA UNIVERSITY - INDIANAPOLIS,1,0.0,0.0,0.0,0.0,,,
,2022,INTER AMERICAN UNIVERSITY OF PUERTO RICO,2,2.0,0.0,0.0,0.0,,,
,2022,"IOWA, UNIVERSITY OF",3,3.0,0.0,0.0,0.0,,,
,2022,"KANSAS, UNIVERSITY OF",1,1.0,0.0,0.0,0.0,,,
,2022,"KENTUCKY, UNIVERSITY OF",3,3.0,0.0,0.0,0.0,,,
,2022,LEWIS AND CLARK COLLEGE,3,8.0,0.0,3.29,0.0,,,
,2022,LIBERTY UNIVERSITY,2,3.0,0.0,0.0,0.0,,,
,2022,LINCOLN MEMORIAL,6,2.0,0.0,0.0,0.0,,,
,2022,LOUISIANA STATE UNIVERSITY,5,2.0,0.0,0.0,0.0,,,
,2022,"LOUISVILLE, UNIVERSITY OF",5,2.0,0.0,0.0,0.0,,,
,2022,LOYOLA MARYMOUNT UNIVERSITY-LOS ANGELES,9,21.0,3.45,3.29,3.1,,,
,2022,LOYOLA UNIVERSITY-CHICAGO,13,0.0,0.0,0.0,0.0,,,
,2022,LOYOLA UNIVERSITY-NEW ORLEANS,3,3.0,0.0,0.0,0.0,,,
,2022,"MAINE, UNIVERSITY OF",1,3.0,0.0,0.0,0.0,,,
,2022,MARQUETTE UNIVERSITY,7,4.0,0.0,0.0,0.0,,,
,2022,"MARYLAND, UNIVERSITY OF",15,8.0,0.0,3.41,0.0,,,
,2022,MCGEORGE SCHOOL OF LAW,2,3.0,0.0,0.0,0.0,,,
,2022,"MEMPHIS, UNIVERSITY OF",0,2.0,0.0,0.0,0.0,,,
,2022,MERCER UNIVERSITY,7,0.0,0.0,0.0,0.0,,,
,2022,"MIAMI, UNIVERSITY OF",15,27.0,3.52,3.35,3.22,,,
,2022,MICHIGAN STATE UNIVERSITY,8,2.0,0.0,0.0,0.0,,,
,2022,"MICHIGAN, UNIVERSITY OF",3,12.0,3.87,3.77,3.7,,,
,2022,"MINNESOTA, UNIVERSITY OF",4,6.0,0.0,3.33,0.0,,,
,2022,MISSISSIPPI COLLEGE,3,0.0,0.0,0.0,0.0,,,
,2022,"MISSISSIPPI, UNIVERSITY OF",3,5.0,0.0,0.0,0.0,,,
,2022,"MISSOURI, UNIVERSITY OF",5,3.0,0.0,0.0,0.0,,,
,2022,"MISSOURI-KANSAS CITY, UNIVERSITY OF",0,3.0,0.0,0.0,0.0,,,
,2022,MITCHELL|HAMLINE,1,6.0,0.0,3.05,0.0,,,
,2022,"MONTANA, UNIVERSITY OF",0,0.0,0.0,0.0,0.0,,,
,2022,"NEBRASKA, UNIVERSITY OF",1,0.0,0.0,0.0,0.0,,,
,2022,NEW ENGLAND LAW | BOSTON,7,3.0,0.0,0.0,0.0,,,
,2022,NEW HAMPSHIRE UNIVERSITY OF,4,8.0,0.0,2.96,0.0,,,
,2022,"NEW MEXICO, UNIVERSITY OF",0,1.0,0.0,0.0,0.0,,,
,2022,NEW YORK LAW SCHOOL,9,0.0,0.0,0.0,0.0,,,
,2022,NEW YORK UNIVERSITY,0,51.0,3.85,3.77,3.71,,,
,2022,NORTH CAROLINA CENTRAL UNIVERSITY,2,3.0,0.0,0.0,0.0,,,
,2022,"NORTH CAROLINA, UNIVERSITY OF",1,6.0,0.0,3.62,0.0,,,
,2022,"NORTH DAKOTA, UNIVERSITY OF",5,1.0,0.0,0.0,0.0,,,
,2022,NORTHEASTERN UNIVERSITY,4,5.0,0.0,0.0,0.0,,,
,2022,NORTHERN ILLINOIS UNIVERSITY,8,2.0,0.0,0.0,0.0,,,
,2022,NORTHERN KENTUCKY UNIVERSITY,0,1.0,0.0,0.0,0.0,,,
,2022,NORTHWESTERN UNIVERSITY,5,29.0,3.83,3.74,3.66,,,
,2022,"NOTRE DAME, UNIVERSITY OF",0,9.0,0.0,3.52,0.0,,,
,2022,NOVA SOUTHEASTERN UNIVERSITY,14,7.0,0.0,3.06,0.0,,,
,2022,OHIO NORTHERN UNIVERSITY,0,2.0,0.0,0.0,0.0,,,
,2022,OHIO STATE UNIVERSITY,1,6.0,0.0,3.56,0.0,,,
,2022,OKLAHOMA CITY UNIVERSITY,9,2.0,0.0,0.0,0.0,,,
,2022,"OKLAHOMA, UNIVERSITY OF",6,3.0,0.0,0.0,0.0,,,
,2022,"OREGON, UNIVERSITY OF",3,1.0,0.0,0.0,0.0,,,
,2022,PACE UNIVERSITY,8,4.0,0.0,0.0,0.0,,,
,2022,PENNSYLVANIA STATE - DICKINSON LAW,4,4.0,0.0,0.0,0.0,,,
,2022,PENNSYLVANIA STATE - PENN STATE LAW,1,0.0,0.0,0.0,0.0,,,
,2022,"PENNSYLVANIA, UNIVERSITY OF",4,1.0,0.0,0.0,0.0,,,
,2022,PEPPERDINE UNIVERSITY,5,5.0,0.0,0.0,0.0,,,
,2022,"PITTSBURGH, UNIVERSITY OF",2,2.0,0.0,0.0,0.0,,,
,2022,PONTIFICAL CATHOLIC UNIVERSITY OF P.R.,3,0.0,0.0,0.0,0.0,,,
,2022,"PUERTO RICO, UNIVERSITY OF",0,2.0,0.0,0.0,0.0,,,
,2022,QUINNIPIAC UNIVERSITY,6,0.0,0.0,0.0,0.0,,,
,2022,REGENT UNIVERSITY,4,0.0,0.0,0.0,0.0,,,
,2022,"RICHMOND, UNIVERSITY OF",4,7.0,0.0,3.27,0.0,,,
,2022,ROGER WILLIAMS UNIVERSITY,5,3.0,0.0,0.0,0.0,,,
,2022,RUTGERS UNIVERSITY,7,19.0,3.4,3.34,3.16,,,
,2022,SAINT LOUIS UNIVERSITY,4,2.0,0.0,0.0,0.0,,,
,2022,SAMFORD UNIVERSITY,0,0.0,0.0,0.0,0.0,,,
,2022,"SAN DIEGO, UNIVERSITY OF",8,10.0,0.0,3.35,0.0,,,
,2022,"SAN FRANCISCO, UNIVERSITY OF",6,1.0,0.0,0.0,0.0,,,
,2022,SANTA CLARA UNIVERSITY,4,1.0,0.0,0.0,0.0,,,
,2022,SEATTLE UNIVERSITY,7,3.0,0.0,0.0,0.0,,,
,2022,SETON HALL UNIVERSITY,10,9.0,0.0,3.29,0.0,,,
,2022,"SOUTH CAROLINA, UNIVERSITY OF",4,1.0,0.0,0.0,0.0,,,
,2022,"SOUTH DAKOTA, UNIVERSITY OF",3,1.0,0.0,0.0,0.0,,,
,2022,SOUTH TEXAS COLLEGE OF LAW HOUSTON,14,4.0,0.0,0.0,0.0,,,
,2022,"SOUTHERN CALIFORNIA, UNIVERSITY OF",1,9.0,0.0,3.75,0.0,,,
,2022,SOUTHERN ILLINOIS UNIVERSITY-CARBONDALE,2,0.0,0.0,0.0,0.0,,,
,2022,SOUTHERN METHODIST UNIVERSITY,1,27.0,3.43,3.25,3.04,,,
,2022,SOUTHERN UNIVERSITY,1,0.0,0.0,0.0,0.0,,,
,2022,SOUTHWESTERN LAW SCHOOL,15,0.0,0.0,0.0,0.0,,,
,2022,ST. JOHN'S UNIVERSITY,0,9.0,0.0,3.35,0.0,,,
,2022,ST. MARY'S UNIVERSITY,4,4.0,0.0,0.0,0.0,,,
,2022,ST. THOMAS UNIVERSITY (FLORIDA),17,5.0,0.0,0.0,0.0,,,
,2022,"ST. THOMAS, UNIVERSITY OF (MINNESOTA)",4,0.0,0.0,0.0,0.0,,,
,2022,STANFORD UNIVERSITY,0,11.0,0.0,3.85,0.0,,,
,2022,STETSON UNIVERSITY,1,6.0,0.0,3.04,0.0,,,
,2022,SUFFOLK UNIVERSITY,9,3.0,0.0,0.0,0.0,,,
,2022,SYRACUSE UNIVERSITY,11,0.0,0.0,0.0,0.0,,,
,2022,TEMPLE UNIVERSITY,1,3.0,0.0,0.0,0.0,,,
,2022,"TENNESSEE, UNIVERSITY OF",1,4.0,0.0,0.0,0.0,,,
,2022,TEXAS A&M UNIVERSITY,1,2.0,0.0,0.0,0.0,,,
,2022,"TEXAS AT AUSTIN, UNIVERSITY OF",2,5.0,0.0,0.0,0.0,,,
,2022,TEXAS SOUTHERN UNIVERSITY,6,9.0,0.0,2.89,0.0,,,
,2022,TEXAS TECH UNIVERSITY,1,3.0,0.0,0.0,0.0,,,
,2022,THOMAS M. COOLEY LAW SCHOOL,0,3.0,0.0,0.0,0.0,,,
,2022,"TOLEDO, UNIVERSITY OF",5,1.0,0.0,0.0,0.0,,,
,2022,TOURO UNIVERSITY,19,1.0,0.0,0.0,0.0,,,
,2022,TULANE UNIVERSITY,4,2.0,0.0,0.0,0.0,,,
,2022,"TULSA, UNIVERSITY OF",7,3.0,0.0,0.0,0.0,,,
,2022,UNIVERSITY OF BUFFALO-SUNY,4,5.0,0.0,0.0,0.0,,,
,2022,"UNIVERSITY OF CALIFORNIA COLLEGE OF THE LAW, SAN FRANCISCO",17,3.0,0.0,0.0,0.0,,,
,2022,UNIVERSITY OF ILLINOIS CHICAGO SCHOOL OF LAW,2,1.0,0.0,0.0,0.0,,,
,2022,UNIVERSITY OF MASSACHUSETTS DARTMOUTH,4,0.0,0.0,0.0,0.0,,,
,2022,UNIVERSITY OF NEVADA - LAS VEGAS,5,14.0,3.04,2.85,2.7,,,
,2022,UNT DALLAS COLLEGE OF LAW,0,5.0,0.0,0.0,0.0,,,
,2022,"UTAH, UNIVERSITY OF",1,2.0,0.0,0.0,0.0,,,
,2022,VANDERBILT UNIVERSITY,2,15.0,3.74,3.54,3.35,,,
,2022,VERMONT LAW SCHOOL,4,0.0,0.0,0.0,0.0,,,
,2022,VILLANOVA UNIVERSITY,3,0.0,0.0,0.0,0.0,,,
,2022,"VIRGINIA, UNIVERSITY OF",1,0.0,0.0,0.0,0.0,,,
,2022,WAKE FOREST UNIVERSITY,8,0.0,0.0,0.0,0.0,,,
,2022,WASHBURN UNIVERSITY,1,4.0,0.0,0.0,0.0,,,
,2022,WASHINGTON AND LEE UNIVERSITY,5,0.0,0.0,0.0,0.0,,,
,2022,WASHINGTON UNIVERSITY,4,10.0,0.0,3.39,0.0,,,
,2022,"WASHINGTON, UNIVERSITY OF",4,12.0,3.64,3.48,3.24,,,
,2022,WAYNE STATE UNIVERSITY,4,7.0,0.0,3.16,0.0,,,
,2022,WEST VIRGINIA UNIVERSITY,1,0.0,0.0,0.0,0.0,,,
,2022,WESTERN NEW ENGLAND UNIVERSITY,2,1.0,0.0,0.0,0.0,,,
,2022,WESTERN STATE COLLEGE OF LAW,4,6.0,0.0,3.18,0.0,,,
,2022,WIDENER UNIVERSITY-DELAWARE,16,0.0,0.0,0.0,0.0,,,
,2022,WIDENER-COMMONWEALTH,10,1.0,0.0,0.0,0.0,,,
,2022,WILLAMETTE UNIVERSITY,4,2.0,0.0,0.0,0.0,,,
,2022,WILLIAM AND MARY LAW SCHOOL,3,3.0,0.0,0.0,0.0,,,
,2022,"WISCONSIN, UNIVERSITY OF",3,7.0,0.0,3.32,0.0,,,
,2022,"WYOMING, UNIVERSITY OF",2,3.0,0.0,0.0,0.0,,,
,2022,YALE UNIVERSITY,0,9.0,0.0,3.96,0.0,,,
"Akron, The University of",2023,,2,,0.0,,,0.0,0.0,0.0
"Alabama, The University of",2023,,2,,0.0,,,6.0,3.55,0.0
Albany Law School,2023,,5,,0.0,,,1.0,0.0,0.0
American University,2023,,31,,0.0,,,11.0,3.05,0.0
Appalachian School of Law,2023,,3,,0.0,,,1.0,0.0,0.0
Arizona State University,2023,,10,,3.43,,,13.0,3.39,3.32
"Arizona, The University of",2023,,5,,0.0,,,6.0,3.17,0.0
"Arkansas at Little Rock, University of",2023,,5,,0.0,,,5.0,0.0,0.0
"Arkansas, University of",2023,,0,,0.0,,,5.0,3.13,0.0
Atlanta's John Marshall Law School,2023,,0,,0.0,,,1.0,0.0,0.0
Ave Maria School of Law,2023,,0,,0.0,,,1.0,0.0,0.0
"Baltimore, University of",2023,,3,,0.0,,,0.0,0.0,0.0
Barry University,2023,,17,,0.0,,,2.0,0.0,0.0
Baylor University,2023,,2,,0.0,,,0.0,0.0,0.0
Belmont University,2023,,0,,0.0,,,1.0,0.0,0.0
Boston College,2023,,7,,0.0,,,6.0,3.59,0.0
Boston University,2023,,15,,0.0,,,9.0,3.49,0.0
Brigham Young University,2023,,0,,0.0,,,0.0,0.0,0.0
Brooklyn Law School,2023,,21,,0.0,,,10.0,3.09,0.0
"Buffalo, University at",2023,,4,,0.0,,,2.0,0.0,0.0
California Western School of Law,2023,,7,,0.0,,,1.0,0.0,0.0
"California-Berkeley, University of",2023,,5,,3.97,,,18.0,3.87,3.76
"California-Davis, University of",2023,,8,,0.0,,,4.0,0.0,0.0
"California-Irvine, University of",2023,,13,,0.0,,,1.0,0.0,0.0
"California-Los Angeles, University of",2023,,4,,3.84,,,31.0,3.76,3.59
"California-San Francisco, University of",2023,,20,,0.0,,,4.0,0.0,0.0
Campbell University,2023,,2,,0.0,,,2.0,0.0,0.0
Capital University Law School,2023,,3,,0.0,,,0.0,0.0,0.0
"Cardozo, Yeshiva University",2023,,7,,0.0,,,4.0,0.0,0.0
Case Western Reserve University,2023,,5,,0.0,,,2.0,0.0,0.0
"Catholic University of America, The",2023,,7,,0.0,,,0.0,0.0,0.0
Chapman University,2023,,6,,0.0,,,5.0,3.18,0.0
Charleston School of Law,2023,,4,,0.0,,,1.0,0.0,0.0
"Chicago, The University of",2023,,3,,3.91,,,16.0,3.84,3.78
"Chicago-Kent, Illinois Institute of Technology",2023,,3,,0.0,,,5.0,0.0,0.0
"Cincinnati, University of",2023,,0,,0.0,,,1.0,0.0,0.0
"City University of New York, University of",2023,,6,,0.0,,,0.0,0.0,0.0
Cleveland State University,2023,,4,,0.0,,,3.0,0.0,0.0
"Colorado, University of",2023,,4,,0.0,,,0.0,0.0,0.0
Columbia University,2023,,0,,3.89,,,59.0,3.83,3.72
"Connecticut, University of",2023,,1,,0.0,,,2.0,0.0,0.0
Cooley Law School,2023,,6,,0.0,,,0.0,0.0,0.0
Cornell University,2023,,7,,0.0,,,2.0,0.0,0.0
Creighton University,2023,,2,,0.0,,,0.0,0.0,0.0
"Dayton, University of",2023,,2,,0.0,,,1.0,0.0,0.0
"Denver, University of",2023,,1,,0.0,,,4.0,0.0,0.0
DePaul University,2023,,9,,0.0,,,2.0,0.0,0.0
"Detroit Mercy, University of",2023,,12,,0.0,,,0.0,0.0,0.0
"District of Columbia, University of",2023,,4,,0.0,,,1.0,0.0,0.0
Drake University,2023,,1,,0.0,,,0.0,0.0,0.0
Drexel University,2023,,1,,0.0,,,4.0,0.0,0.0
Duke University,2023,,1,,0.0,,,0.0,0.0,0.0
Duquesne University,2023,,0,,0.0,,,1.0,0.0,0.0
Elon University,2023,,2,,0.0,,,2.0,0.0,0.0
Emory University,2023,,6,,0.0,,,4.0,0.0,0.0
Faulkner University,2023,,5,,0.0,,,1.0,0.0,0.0
Florida A&M University,2023,,1,,0.0,,,0.0,0.0,0.0
Florida International University,2023,,5,,3.43,,,18.0,3.33,3.17
Florida State University,2023,,2,,3.73,,,17.0,3.56,3.17
"Florida, University of",2023,,1,,3.65,,,23.0,3.55,3.33
Fordham University,2023,,9,,3.49,,,14.0,3.44,3.3
George Mason University,2023,,6,,3.5,,,21.0,3.42,3.31
"George Washington University, The",2023,,43,,3.52,,,87.0,3.35,3.23
Georgetown University,2023,,11,,3.83,,,122.0,3.67,3.55
Georgia State University,2023,,0,,0.0,,,5.0,3.62,0.0
"Georgia, University of",2023,,0,,0.0,,,3.0,0.0,0.0
Golden Gate University,2023,,8,,0.0,,,0.0,0.0,0.0
Gonzaga University,2023,,6,,0.0,,,1.0,0.0,0.0
Harvard University,2023,,0,,3.97,,,52.0,3.93,3.83
"Hawaii, University of",2023,,1,,0.0,,,2.0,0.0,0.0
Hofstra University,2023,,7,,3.24,,,18.0,2.94,2.82
"Houston, University of",2023,,0,,3.65,,,16.0,3.51,3.39
Howard University,2023,,2,,0.0,,,1.0,0.0,0.0
"Idaho, University of",2023,,5,,0.0,,,1.0,0.0,0.0
"Illinois, University of",2023,,6,,0.0,,,0.0,0.0,0.0
"Illinois-Chicago, University of",2023,,2,,0.0,,,2.0,0.0,0.0
Indiana University-Bloomington,2023,,0,,0.0,,,1.0,0.0,0.0
Indiana University-Indianapolis,2023,,2,,0.0,,,2.0,0.0,0.0
Inter American University of Puerto Rico,2023,,0,,0.0,,,1.0,0.0,0.0
"Iowa, University of",2023,,3,,0.0,,,1.0,0.0,0.0
"Kansas, The University of",2023,,4,,0.0,,,3.0,0.0,0.0
"Kentucky, University of",2023,,3,,0.0,,,0.0,0.0,0.0
Lewis & Clark Law School,2023,,4,,0.0,,,7.0,3.33,0.0
Liberty University,2023,,1,,0.0,,,1.0,0.0,0.0
Lincoln Memorial University,2023,,2,,0.0,,,1.0,0.0,0.0
Louisiana State University,2023,,0,,0.0,,,3.0,0.0,0.0
"Louisville, University of",2023,,0,,0.0,,,2.0,0.0,0.0
Loyola Marymount University-Los Angeles,2023,,19,,3.23,,,20.0,3.11,2.97
Loyola University-Chicago,2023,,16,,0.0,,,0.0,0.0,0.0
Loyola University-New Orleans,2023,,6,,0.0,,,4.0,0.0,0.0
"Maine, University of",2023,,0,,0.0,,,1.0,0.0,0.0
Marquette University,2023,,2,,0.0,,,2.0,0.0,0.0
"Maryland, University of",2023,,19,,0.0,,,4.0,0.0,0.0
"Massachusetts/Dartmouth, University of",2023,,10,,0.0,,,1.0,0.0,0.0
"Memphis, The University of",2023,,1,,0.0,,,0.0,0.0,0.0
Mercer University,2023,,6,,0.0,,,0.0,0.0,0.0
"Miami, University of",2023,,16,,3.36,,,17.0,3.3,3.22
Michigan State University,2023,,5,,0.0,,,0.0,0.0,0.0
"Michigan, University of",2023,,2,,3.82,,,14.0,3.73,3.64
"Minnesota, University of",2023,,7,,0.0,,,4.0,0.0,0.0
Mississippi College,2023,,2,,0.0,,,0.0,0.0,0.0
"Mississippi, The University of",2023,,2,,0.0,,,5.0,3.13,0.0
"Missouri, University of",2023,,2,,0.0,,,4.0,0.0,0.0
"Missouri-Kansas City, University of",2023,,0,,0.0,,,0.0,0.0,0.0
Mitchell/Hamline School of Law,2023,,0,,0.0,,,2.0,0.0,0.0
"Montana, University of",2023,,4,,0.0,,,1.0,0.0,0.0
"Nebraska, University of",2023,,0,,0.0,,,1.0,0.0,0.0
"Nevada-Las Vegas, University of",2023,,5,,3.18,,,15.0,2.86,2.73
New England Law/Boston,2023,,4,,0.0,,,0.0,0.0,0.0
"New Hampshire, University of",2023,,8,,0.0,,,3.0,0.0,0.0
"New Mexico, The University of",2023,,2,,0.0,,,1.0,0.0,0.0
New York Law School,2023,,11,,0.0,,,1.0,0.0,0.0
New York University,2023,,1,,3.85,,,47.0,3.77,3.67
North Carolina Central University,2023,,4,,0.0,,,1.0,0.0,0.0
"North Carolina, University of",2023,,5,,0.0,,,3.0,0.0,0.0
"North Dakota, University of",2023,,0,,0.0,,,0.0,0.0,0.0
"North Texas at Dallas, University of",2023,,4,,0.0,,,7.0,3.07,0.0
Northeastern University,2023,,11,,0.0,,,5.0,0.0,0.0
Northern Illinois University,2023,,1,,0.0,,,0.0,0.0,0.0
Northern Kentucky University,2023,,0,,0.0,,,0.0,0.0,0.0
Northwestern University,2023,,3,,3.9,,,32.0,3.75,3.63
"Notre Dame, University of",2023,,0,,0.0,,,6.0,3.46,0.0
Nova Southeastern University,2023,,25,,0.0,,,0.0,0.0,0.0
Ohio Northern University,2023,,1,,0.0,,,0.0,0.0,0.0
Oklahoma City University,2023,,2,,0.0,,,5.0,0.0,0.0
"Oklahoma, University of",2023,,6,,0.0,,,0.0,0.0,0.0
"Oregon, University of",2023,,6,,0.0,,,0.0,0.0,0.0
Pace University,2023,,14,,0.0,,,3.0,0.0,0.0
"Pacific, University of the",2023,,3,,0.0,,,11.0,3.41,0.0
Penn State Dickinson Law,2023,,5,,0.0,,,3.0,0.0,0.0
Penn State University,2023,,13,,0.0,,,0.0,0.0,0.0
"Pennsylvania, University of",2023,,3,,0.0,,,6.0,3.79,0.0
Pepperdine University,2023,,7,,0.0,,,0.0,0.0,0.0
"Pittsburgh, University of",2023,,1,,0.0,,,2.0,0.0,0.0
Pontifical Catholic University of Puerto Rico,2023,,3,,0.0,,,0.0,0.0,0.0
"Puerto Rico, University of",2023,,0,,0.0,,,2.0,0.0,0.0
Quinnipiac University,2023,,3,,0.0,,,1.0,0.0,0.0
Regent University,2023,,2,,0.0,,,2.0,0.0,0.0
"Richmond, University of",2023,,7,,0.0,,,5.0,0.0,0.0
Roger Williams University,2023,,6,,0.0,,,3.0,0.0,0.0
Rutgers University,2023,,8,,0.0,,,8.0,3.23,0.0
Saint Louis University,2023,,0,,0.0,,,3.0,0.0,0.0
Samford University,2023,,3,,0.0,,,1.0,0.0,0.0
"San Diego, University of",2023,,10,,0.0,,,6.0,3.23,0.0
"San Francisco, University of",2023,,3,,0.0,,,3.0,0.0,0.0
Santa Clara University,2023,,4,,0.0,,,3.0,0.0,0.0
Seattle University,2023,,5,,0.0,,,3.0,0.0,0.0
Seton Hall University,2023,,4,,0.0,,,8.0,3.1,0.0
"South Carolina, University of",2023,,3,,0.0,,,2.0,0.0,0.0
"South Dakota, University of",2023,,3,,0.0,,,0.0,0.0,0.0
South Texas College of Law Houston,2023,,12,,0.0,,,3.0,0.0,0.0
"Southern California, University of",2023,,3,,3.77,,,14.0,3.7,3.58
Southern Illinois University,2023,,2,,0.0,,,0.0,0.0,0.0
Southern Methodist University,2023,,5,,0.0,,,10.0,3.28,0.0
Southern University,2023,,0,,0.0,,,1.0,0.0,0.0
Southwestern Law School,2023,,10,,0.0,,,1.0,0.0,0.0
St. John's University,2023,,0,,3.45,,,18.0,3.35,3.13
St. Mary's University,2023,,0,,0.0,,,3.0,0.0,0.0
St. Thomas University (Miami),2023,,6,,0.0,,,4.0,0.0,0.0
"St. Thomas, (Minneapolis) University of",2023,,2,,0.0,,,2.0,0.0,0.0
Stanford University,2023,,0,,0.0,,,6.0,3.98,0.0
Stetson University,2023,,14,,0.0,,,7.0,3.39,0.0
Suffolk University,2023,,20,,0.0,,,3.0,0.0,0.0
Syracuse University,2023,,3,,0.0,,,4.0,0.0,0.0
Temple University,2023,,1,,0.0,,,3.0,0.0,0.0
"Tennessee, University of",2023,,4,,0.0,,,2.0,0.0,0.0
Texas A&M University,2023,,3,,0.0,,,4.0,0.0,0.0
Texas Southern University,2023,,9,,0.0,,,8.0,2.53,0.0
Texas Tech University,2023,,7,,0.0,,,5.0,0.0,0.0
"Texas, University of",2023,,1,,3.94,,,14.0,3.82,3.76
The Ohio State University,2023,,3,,0.0,,,1.0,0.0,0.0
"Toledo, The University of",2023,,4,,0.0,,,1.0,0.0,0.0
Touro University,2023,,23,,0.0,,,3.0,0.0,0.0
Tulane University,2023,,0,,0.0,,,3.0,0.0,0.0
"Tulsa, The University of",2023,,7,,0.0,,,0.0,0.0,0.0
"Utah, The University of",2023,,1,,0.0,,,3.0,0.0,0.0
Vanderbilt University,2023,,2,,3.72,,,19.0,3.55,3.39
Vermont Law School,2023,,0,,0.0,,,1.0,0.0,0.0
Villanova University,2023,,2,,0.0,,,3.0,0.0,0.0
"Virginia, University of",2023,,3,,0.0,,,0.0,0.0,0.0
Wake Forest University,2023,,1,,0.0,,,2.0,0.0,0.0
Washburn University,2023,,1,,0.0,,,2.0,0.0,0.0
Washington and Lee University,2023,,12,,0.0,,,1.0,0.0,0.0
Washington University (St. Louis),2023,,6,,3.7,,,16.0,3.53,3.24
"Washington, University of",2023,,3,,0.0,,,3.0,0.0,0.0
Wayne State University,2023,,5,,0.0,,,5.0,3.15,0.0
West Virginia University,2023,,1,,0.0,,,2.0,0.0,0.0
Western New England University,2023,,4,,0.0,,,1.0,0.0,0.0
"Western State, Westcliff University",2023,,4,,0.0,,,2.0,0.0,0.0
Widener University Commonwealth Law School,2023,,4,,0.0,,,2.0,0.0,0.0
Widener University Delaware Law School,2023,,4,,0.0,,,2.0,0.0,0.0
Willamette University,2023,,5,,0.0,,,0.0,0.0,0.0
William & Mary,2023,,6,,0.0,,,0.0,0.0,0.0
"Wisconsin, University of",2023,,2,,0.0,,,7.0,3.37,0.0
"Wyoming, University of",2023,,1,,0.0,,,0.0,0.0,0.0
Yale University,2023,,0,,0.0,,,10.0,3.97,0.0
"Akron, The University of",2024,,2,,0.0,,,0.0,0.0,0.0
"Alabama, The University of",2024,,0,,0.0,,,7.0,3.54,0.0
Albany Law School,2024,,4,,0.0,,,4.0,0.0,0.0
American University,2024,,42,,3.58,,,12.0,3.02,2.9
Appalachian School of Law,2024,,4,,0.0,,,2.0,0.0,0.0
Arizona State University,2024,,9,,3.37,,,20.0,3.18,3.03
"Arizona, The University of",2024,,6,,0.0,,,1.0,0.0,0.0
"Arkansas at Little Rock, University of",2024,,2,,0.0,,,1.0,0.0,0.0
"Arkansas, University of",2024,,2,,0.0,,,3.0,0.0,0.0
Atlanta's John Marshall Law School,2024,,1,,0.0,,,3.0,0.0,0.0
Ave Maria School of Law,2024,,0,,0.0,,,0.0,0.0,0.0
"Baltimore, University of",2024,,8,,0.0,,,8.0,2.72,0.0
Barry University,2024,,10,,0.0,,,5.0,0.0,0.0
Baylor University,2024,,0,,0.0,,,1.0,0.0,0.0
Belmont University,2024,,5,,0.0,,,0.0,0.0,0.0
Boston College,2024,,11,,0.0,,,6.0,3.49,0.0
Boston University,2024,,8,,0.0,,,11.0,3.68,0.0
Brigham Young University,2024,,0,,0.0,,,2.0,0.0,0.0
Brooklyn Law School,2024,,22,,0.0,,,8.0,3.26,0.0
"Buffalo, University at",2024,,7,,0.0,,,1.0,0.0,0.0
California Western School of Law,2024,,11,,0.0,,,2.0,0.0,0.0
"California-Berkeley, University of",2024,,5,,3.91,,,33.0,3.8,3.69
"California-Davis, University of",2024,,14,,0.0,,,2.0,0.0,0.0
"California-Irvine, University of",2024,,11,,0.0,,,4.0,0.0,0.0
"California-Los Angeles, University of",2024,,10,,3.91,,,31.0,3.73,3.68
"California-San Francisco, University of",2024,,36,,0.0,,,3.0,0.0,0.0
Campbell University,2024,,3,,0.0,,,1.0,0.0,0.0
Capital University Law School,2024,,1,,0.0,,,0.0,0.0,0.0
"Cardozo, Yeshiva University",2024,,15,,0.0,,,4.0,0.0,0.0
Case Western Reserve University,2024,,2,,0.0,,,3.0,0.0,0.0
"Catholic University of America, The",2024,,5,,0.0,,,1.0,0.0,0.0
Chapman University,2024,,7,,0.0,,,6.0,3.09,0.0
Charleston School of Law,2024,,4,,0.0,,,4.0,0.0,0.0
"Chicago, The University of",2024,,3,,3.97,,,17.0,3.85,3.75
"Chicago-Kent, Illinois Institute of Technology",2024,,4,,0.0,,,2.0,0.0,0.0
"Cincinnati, University of",2024,,4,,0.0,,,0.0,0.0,0.0
"City University of New York, University of",2024,,6,,0.0,,,1.0,0.0,0.0
Cleveland State University,2024,,4,,0.0,,,0.0,0.0,0.0
"Colorado, University of",2024,,2,,0.0,,,0.0,0.0,0.0
Columbia University,2024,,0,,3.88,,,47.0,3.83,3.76
"Connecticut, University of",2024,,0,,0.0,,,2.0,0.0,0.0
Cooley Law School,2024,,1,,0.0,,,1.0,0.0,0.0
Cornell University,2024,,8,,0.0,,,3.0,0.0,0.0
Creighton University,2024,,6,,0.0,,,2.0,0.0,0.0
"Dayton, University of",2024,,0,,0.0,,,2.0,0.0,0.0
"Denver, University of",2024,,0,,0.0,,,5.0,0.0,0.0
DePaul University,2024,,3,,0.0,,,0.0,0.0,0.0
"Detroit Mercy, University of",2024,,14,,0.0,,,1.0,0.0,0.0
"District of Columbia, University of",2024,,8,,0.0,,,2.0,0.0,0.0
Drake University,2024,,1,,0.0,,,0.0,0.0,0.0
Drexel University,2024,,4,,0.0,,,2.0,0.0,0.0
Duke University,2024,,3,,0.0,,,0.0,0.0,0.0
Duquesne University,2024,,4,,0.0,,,5.0,0.0,0.0
Elon University,2024,,1,,0.0,,,3.0,0.0,0.0
Emory University,2024,,15,,0.0,,,6.0,3.05,0.0
Faulkner University,2024,,4,,0.0,,,2.0,0.0,0.0
Florida A&M University,2024,,3,,0.0,,,2.0,0.0,0.0
Florida International University,2024,,4,,3.43,,,21.0,3.28,3.13
Florida State University,2024,,3,,3.58,,,18.0,3.42,3.25
"Florida, University of",2024,,2,,3.71,,,27.0,3.51,3.44
Fordham University,2024,,12,,3.45,,,13.0,3.56,3.65
George Mason University,2024,,4,,3.49,,,27.0,3.26,3.14
"George Washington University, The",2024,,39,,3.49,,,63.0,3.36,3.19
Georgetown University,2024,,3,,3.82,,,123.0,3.69,3.59
Georgia State University,2024,,1,,0.0,,,7.0,3.29,0.0
"Georgia, University of",2024,,0,,0.0,,,5.0,0.0,0.0
Gonzaga University,2024,,8,,0.0,,,1.0,0.0,0.0
Harvard University,2024,,0,,4.0,,,51.0,3.95,3.89
"Hawaii, University of",2024,,0,,0.0,,,5.0,0.0,0.0
Hofstra University,2024,,5,,0.0,,,8.0,2.84,0.0
"Houston, University of",2024,,4,,3.64,,,19.0,3.36,3.23
Howard University,2024,,1,,0.0,,,5.0,0.0,0.0
"Idaho, University of",2024,,0,,0.0,,,1.0,0.0,0.0
"Illinois, University of",2024,,1,,0.0,,,0.0,0.0,0.0
"Illinois-Chicago, University of",2024,,0,,0.0,,,1.0,0.0,0.0
Indiana University-Bloomington,2024,,4,,0.0,,,0.0,0.0,0.0
Indiana University-Indianapolis,2024,,4,,0.0,,,5.0,0.0,0.0
Inter American University of Puerto Rico,2024,,6,,0.0,,,2.0,0.0,0.0
"Iowa, University of",2024,,5,,0.0,,,1.0,0.0,0.0
Jacksonville University,2024,,1,,0.0,,,0.0,0.0,0.0
"Kansas, The University of",2024,,2,,0.0,,,1.0,0.0,0.0
"Kentucky, University of",2024,,2,,0.0,,,0.0,0.0,0.0
Lewis & Clark Law School,2024,,4,,0.0,,,7.0,3.14,0.0
Liberty University,2024,,0,,0.0,,,0.0,0.0,0.0
Lincoln Memorial University,2024,,5,,0.0,,,4.0,0.0,0.0
Louisiana State University,2024,,7,,0.0,,,3.0,0.0,0.0
"Louisville, University of",2024,,3,,0.0,,,4.0,0.0,0.0
Loyola Marymount University-Los Angeles,2024,,16,,3.19,,,16.0,3.1,2.93
Loyola University-Chicago,2024,,9,,0.0,,,0.0,0.0,0.0
Loyola University-New Orleans,2024,,5,,0.0,,,0.0,0.0,0.0
"Maine, University of",2024,,2,,0.0,,,1.0,0.0,0.0
Marquette University,2024,,0,,0.0,,,0.0,0.0,0.0
"Maryland, University of",2024,,15,,0.0,,,6.0,3.39,0.0
"Massachusetts/Dartmouth, University of",2024,,1,,0.0,,,2.0,0.0,0.0
"Memphis, The University of",2024,,0,,0.0,,,1.0,0.0,0.0
Mercer University,2024,,3,,0.0,,,2.0,0.0,0.0
"Miami, University of",2024,,13,,0.0,,,10.0,3.28,0.0
Michigan State University,2024,,4,,0.0,,,3.0,0.0,0.0
"Michigan, University of",2024,,4,,3.64,,,21.0,3.82,3.87
"Minnesota, University of",2024,,3,,0.0,,,4.0,0.0,0.0
Mississippi College,2024,,2,,0.0,,,0.0,0.0,0.0
"Mississippi, The University of",2024,,5,,0.0,,,1.0,0.0,0.0
"Missouri, University of",2024,,2,,0.0,,,4.0,0.0,0.0
"Missouri-Kansas City, University of",2024,,1,,0.0,,,1.0,0.0,0.0
Mitchell/Hamline School of Law,2024,,0,,0.0,,,4.0,0.0,0.0
"Montana, University of",2024,,2,,0.0,,,2.0,0.0,0.0
"Nebraska, University of",2024,,1,,0.0,,,1.0,0.0,0.0
"Nevada-Las Vegas, University of",2024,,3,,3.13,,,20.0,2.9,2.78
New England Law/Boston,2024,,14,,0.0,,,4.0,0.0,0.0
"New Hampshire, University of",2024,,3,,0.0,,,0.0,0.0,0.0
"New Mexico, The University of",2024,,0,,0.0,,,2.0,0.0,0.0
New York Law School,2024,,7,,0.0,,,2.0,0.0,0.0
New York University,2024,,2,,3.74,,,49.0,3.67,3.57
North Carolina Central University,2024,,1,,0.0,,,1.0,0.0,0.0
"North Carolina, University of",2024,,4,,0.0,,,5.0,0.0,0.0
"North Dakota, University of",2024,,0,,0.0,,,1.0,0.0,0.0
"North Texas at Dallas, University of",2024,,2,,0.0,,,4.0,0.0,0.0
Northeastern University,2024,,13,,0.0,,,5.0,0.0,0.0
Northern Illinois University,2024,,2,,0.0,,,4.0,0.0,0.0
Northern Kentucky University,2024,,6,,0.0,,,3.0,0.0,0.0
Northwestern University,2024,,4,,3.85,,,30.0,3.8,3.63
"Notre Dame, University of",2024,,1,,3.75,,,12.0,3.68,3.44
Nova Southeastern University,2024,,21,,0.0,,,0.0,0.0,0.0
Ohio Northern University,2024,,1,,0.0,,,0.0,0.0,0.0
Oklahoma City University,2024,,7,,0.0,,,1.0,0.0,0.0
"Oklahoma, University of",2024,,2,,0.0,,,0.0,0.0,0.0
"Oregon, University of",2024,,15,,0.0,,,0.0,0.0,0.0
Pace University,2024,,9,,0.0,,,1.0,0.0,0.0
"Pacific, University of the",2024,,7,,0.0,,,2.0,0.0,0.0
Penn State Dickinson Law,2024,,6,,0.0,,,0.0,0.0,0.0
Penn State University,2024,,4,,0.0,,,0.0,0.0,0.0
"Pennsylvania, University of",2024,,2,,0.0,,,3.0,0.0,0.0
Pepperdine University,2024,,8,,0.0,,,0.0,0.0,0.0
"Pittsburgh, University of",2024,,2,,0.0,,,1.0,0.0,0.0
Pontifical Catholic University of Puerto Rico,2024,,2,,0.0,,,0.0,0.0,0.0
"Puerto Rico, University of",2024,,0,,0.0,,,8.0,3.56,0.0
Quinnipiac University,2024,,1,,0.0,,,1.0,0.0,0.0
Regent University,2024,,2,,0.0,,,2.0,0.0,0.0
"Richmond, University of",2024,,2,,0.0,,,2.0,0.0,0.0
Roger Williams University,2024,,4,,0.0,,,2.0,0.0,0.0
Rutgers University,2024,,11,,0.0,,,7.0,3.11,0.0
Saint Louis University,2024,,2,,0.0,,,4.0,0.0,0.0
Samford University,2024,,5,,0.0,,,2.0,0.0,0.0
"San Diego, University of",2024,,3,,0.0,,,4.0,0.0,0.0
"San Francisco, University of",2024,,7,,0.0,,,3.0,0.0,0.0
Santa Clara University,2024,,7,,0.0,,,4.0,0.0,0.0
Seattle University,2024,,6,,0.0,,,3.0,0.0,0.0
Seton Hall University,2024,,2,,0.0,,,4.0,0.0,0.0
"South Carolina, University of",2024,,1,,0.0,,,0.0,0.0,0.0
"South Dakota, University of",2024,,1,,0.0,,,2.0,0.0,0.0
South Texas College of Law Houston,2024,,15,,0.0,,,4.0,0.0,0.0
"Southern California, University of",2024,,6,,3.76,,,18.0,3.62,3.57
Southern Illinois University,2024,,3,,0.0,,,0.0,0.0,0.0
Southern Methodist University,2024,,4,,3.56,,,12.0,3.22,3.1
Southern University,2024,,12,,0.0,,,0.0,0.0,0.0
Southwestern Law School,2024,,6,,0.0,,,0.0,0.0,0.0
St. John's University,2024,,0,,0.0,,,10.0,3.35,0.0
St. Mary's University,2024,,8,,0.0,,,1.0,0.0,0.0
St. Thomas University (Miami),2024,,7,,0.0,,,1.0,0.0,0.0
"St. Thomas, (Minneapolis) University of",2024,,1,,0.0,,,3.0,0.0,0.0
Stanford University,2024,,0,,0.0,,,7.0,3.88,0.0
Stetson University,2024,,6,,0.0,,,3.0,0.0,0.0
Suffolk University,2024,,1,,0.0,,,4.0,0.0,0.0
Syracuse University,2024,,9,,0.0,,,3.0,0.0,0.0
Temple University,2024,,4,,0.0,,,3.0,0.0,0.0
"Tennessee, University of",2024,,0,,0.0,,,4.0,0.0,0.0
Texas A&M University,2024,,1,,0.0,,,9.0,3.54,0.0
Texas Southern University,2024,,10,,0.0,,,1.0,0.0,0.0
Texas Tech University,2024,,3,,0.0,,,3.0,0.0,0.0
"Texas, University of",2024,,2,,0.0,,,9.0,3.71,0.0
The Ohio State University,2024,,0,,0.0,,,1.0,0.0,0.0
"Toledo, The University of",2024,,2,,0.0,,,0.0,0.0,0.0
Touro University,2024,,11,,0.0,,,1.0,0.0,0.0
Tulane University,2024,,9,,0.0,,,3.0,0.0,0.0
"Tulsa, The University of",2024,,2,,0.0,,,4.0,0.0,0.0
"Utah, The University of",2024,,3,,0.0,,,9.0,3.43,0.0
Vanderbilt University,2024,,6,,3.5,,,19.0,3.39,3.31
Vermont Law School,2024,,6,,0.0,,,1.0,0.0,0.0
Villanova University,2024,,2,,0.0,,,4.0,0.0,0.0
"Virginia, University of",2024,,0,,0.0,,,0.0,0.0,0.0
Wake Forest University,2024,,6,,0.0,,,1.0,0.0,0.0
Washburn University,2024,,0,,0.0,,,2.0,0.0,0.0
Washington and Lee University,2024,,5,,0.0,,,0.0,0.0,0.0
Washington University (St. Louis),2024,,8,,3.49,,,23.0,3.37,3.2
"Washington, University of",2024,,8,,0.0,,,5.0,0.0,0.0
Wayne State University,2024,,6,,0.0,,,5.0,3.16,0.0
West Virginia University,2024,,2,,0.0,,,0.0,0.0,0.0
Western New England University,2024,,0,,0.0,,,2.0,0.0,0.0
"Western State, Westcliff University",2024,,5,,0.0,,,4.0,0.0,0.0
Widener University Commonwealth Law School,2024,,4,,0.0,,,1.0,0.0,0.0
Widener University Delaware Law School,2024,,8,,0.0,,,0.0,0.0,0.0
Willamette University,2024,,7,,0.0,,,2.0,0.0,0.0
William & Mary,2024,,3,,0.0,,,3.0,0.0,0.0
"Wisconsin, University of",2024,,0,,0.0,,,7.0,3.36,0.0
"Wyoming, University of",2024,,2,,0.0,,,0.0,0.0,0.0
Yale University,2024,,0,,0.0,,,9.0,3.94,0.0
"Akron, The University of",2025,,0,,0.0,,,3.0,0.0,0.0
"Alabama, The University of",2025,,1,,0.0,,,4.0,0.0,0.0
Albany Law School,2025,,7,,0.0,,,0.0,0.0,0.0
American University,2025,,51,,3.37,,,13.0,3.21,3.04
Appalachian School of Law,2025,,9,,0.0,,,0.0,0.0,0.0
Arizona State University,2025,,6,,3.43,,,24.0,3.26,2.94
"Arizona, The University of",2025,,0,,0.0,,,1.0,0.0,0.0
"Arkansas at Little Rock, University of",2025,,1,,0.0,,,0.0,0.0,0.0
"Arkansas, University of",2025,,0,,0.0,,,0.0,0.0,0.0
Atlanta's John Marshall Law School,2025,,0,,0.0,,,1.0,0.0,0.0
Ave Maria School of Law,2025,,2,,0.0,,,3.0,0.0,0.0
"Baltimore, University of",2025,,8,,0.0,,,4.0,0.0,0.0
Barry University,2025,,6,,0.0,,,5.0,0.0,0.0
Baylor University,2025,,2,,0.0,,,3.0,0.0,0.0
Belmont University,2025,,1,,0.0,,,0.0,0.0,0.0
Boston College,2025,,6,,0.0,,,4.0,0.0,0.0
Boston University,2025,,5,,3.56,,,13.0,3.48,3.28
Brigham Young University,2025,,0,,0.0,,,1.0,0.0,0.0
Brooklyn Law School,2025,,24,,0.0,,,5.0,0.0,0.0
"Buffalo, University at",2025,,5,,0.0,,,0.0,0.0,0.0
California Western School of Law,2025,,4,,0.0,,,1.0,0.0,0.0
"California-Berkeley, University of",2025,,10,,3.9,,,44.0,3.8,3.62
"California-Davis, University of",2025,,9,,3.52,,,12.0,3.45,3.29
"California-Irvine, University of",2025,,14,,0.0,,,5.0,0.0,0.0
"California-Los Angeles, University of",2025,,4,,3.93,,,35.0,3.74,3.64
"California-San Francisco, University of",2025,,31,,0.0,,,3.0,0.0,0.0
Campbell University,2025,,4,,0.0,,,1.0,0.0,0.0
Capital University Law School,2025,,5,,0.0,,,2.0,0.0,0.0
"Cardozo, Yeshiva University",2025,,8,,0.0,,,3.0,0.0,0.0
Case Western Reserve University,2025,,4,,0.0,,,1.0,0.0,0.0
"Catholic University of America, The",2025,,5,,0.0,,,1.0,0.0,0.0
Chapman University,2025,,0,,0.0,,,5.0,0.0,0.0
Charleston School of Law,2025,,5,,0.0,,,9.0,2.5,0.0
"Chicago, The University of",2025,,1,,3.93,,,12.0,3.87,3.82
"Chicago-Kent, Illinois Institute of Technology",2025,,1,,0.0,,,1.0,0.0,0.0
"Cincinnati, University of",2025,,1,,0.0,,,0.0,0.0,0.0
"City University of New York, University of",2025,,3,,0.0,,,6.0,3.06,0.0
Cleveland State University,2025,,2,,0.0,,,2.0,0.0,0.0
"Colorado, University of",2025,,3,,0.0,,,0.0,0.0,0.0
Columbia University,2025,,4,,3.84,,,50.0,3.77,3.69
"Connecticut, University of",2025,,5,,0.0,,,2.0,0.0,0.0
Cooley Law School,2025,,1,,0.0,,,2.0,0.0,0.0
Cornell University,2025,,8,,0.0,,,0.0,0.0,0.0
Creighton University,2025,,1,,0.0,,,1.0,0.0,0.0
"Dayton, University of",2025,,0,,0.0,,,4.0,0.0,0.0
"Denver, University of",2025,,12,,0.0,,,5.0,0.0,0.0
DePaul University,2025,,2,,0.0,,,0.0,0.0,0.0
"Detroit Mercy, University of",2025,,11,,0.0,,,1.0,0.0,0.0
"District of Columbia, University of",2025,,5,,0.0,,,0.0,0.0,0.0
Drake University,2025,,3,,0.0,,,0.0,0.0,0.0
Drexel University,2025,,4,,0.0,,,3.0,0.0,0.0
Duke University,2025,,1,,0.0,,,0.0,0.0,0.0
Duquesne University,2025,,5,,0.0,,,1.0,0.0,0.0
Elon University,2025,,5,,0.0,,,0.0,0.0,0.0
Emory University,2025,,18,,0.0,,,8.0,3.36,0.0
Faulkner University,2025,,3,,0.0,,,0.0,0.0,0.0
Florida A&M University,2025,,4,,0.0,,,3.0,0.0,0.0
Florida International University,2025,,4,,3.68,,,15.0,3.41,3.37
Florida State University,2025,,0,,3.61,,,17.0,3.37,3.23
"Florida, University of",2025,,1,,3.6,,,13.0,3.5,3.39
Fordham University,2025,,14,,3.58,,,12.0,3.48,3.42
George Mason University,2025,,2,,3.47,,,26.0,3.36,3.22
"George Washington University, The",2025,,33,,3.47,,,46.0,3.41,3.26
Georgetown University,2025,,1,,3.83,,,120.0,3.73,3.61
Georgia State University,2025,,2,,0.0,,,7.0,3.11,0.0
"Georgia, University of",2025,,2,,0.0,,,4.0,0.0,0.0
Gonzaga University,2025,,5,,0.0,,,1.0,0.0,0.0
Harvard University,2025,,2,,4.0,,,37.0,3.9,3.86
"Hawaii, University of",2025,,2,,0.0,,,2.0,0.0,0.0
Hofstra University,2025,,6,,0.0,,,4.0,0.0,0.0
"Houston, University of",2025,,3,,3.61,,,25.0,3.43,3.29
Howard University,2025,,3,,0.0,,,0.0,0.0,0.0
"Idaho, University of",2025,,5,,0.0,,,2.0,0.0,0.0
"Illinois, University of",2025,,5,,0.0,,,2.0,0.0,0.0
"Illinois-Chicago, University of",2025,,0,,0.0,,,1.0,0.0,0.0
Indiana University-Bloomington,2025,,1,,0.0,,,3.0,0.0,0.0
Indiana University-Indianapolis,2025,,1,,0.0,,,5.0,0.0,0.0
Inter American University of Puerto Rico,2025,,1,,0.0,,,0.0,0.0,0.0
"Iowa, University of",2025,,3,,0.0,,,1.0,0.0,0.0
Jacksonville University,2025,,0,,0.0,,,1.0,0.0,0.0
"Kansas, The University of",2025,,1,,0.0,,,1.0,0.0,0.0
"Kentucky, University of",2025,,3,,0.0,,,3.0,0.0,0.0
Lewis & Clark Law School,2025,,2,,0.0,,,3.0,0.0,0.0
Liberty University,2025,,0,,0.0,,,1.0,0.0,0.0
Lincoln Memorial University,2025,,3,,0.0,,,6.0,3.17,0.0
Louisiana State University,2025,,0,,0.0,,,1.0,0.0,0.0
"Louisville, University of",2025,,1,,0.0,,,0.0,0.0,0.0
Loyola Marymount University-Los Angeles,2025,,10,,3.38,,,13.0,3.24,3.04
Loyola University-Chicago,2025,,13,,0.0,,,1.0,0.0,0.0
Loyola University-New Orleans,2025,,1,,0.0,,,1.0,0.0,0.0
"Maine, University of",2025,,1,,0.0,,,1.0,0.0,0.0
Marquette University,2025,,0,,0.0,,,1.0,0.0,0.0
"Maryland, University of",2025,,13,,0.0,,,7.0,3.03,0.0
"Massachusetts/Dartmouth, University of",2025,,6,,0.0,,,0.0,0.0,0.0
"Memphis, The University of",2025,,0,,0.0,,,2.0,0.0,0.0
Mercer University,2025,,4,,0.0,,,0.0,0.0,0.0
"Miami, University of",2025,,9,,0.0,,,7.0,3.24,0.0
Michigan State University,2025,,2,,0.0,,,1.0,0.0,0.0
"Michigan, University of",2025,,0,,0.0,,,9.0,3.86,0.0
"Minnesota, University of",2025,,5,,0.0,,,7.0,0.0,0.0
Mississippi College,2025,,1,,0.0,,,1.0,0.0,0.0
"Mississippi, The University of",2025,,3,,0.0,,,2.0,0.0,0.0
"Missouri, University of",2025,,2,,0.0,,,0.0,0.0,0.0
"Missouri-Kansas City, University of",2025,,2,,0.0,,,0.0,0.0,0.0
Mitchell/Hamline School of Law,2025,,0,,0.0,,,7.0,154.0,0.0
"Montana, University of",2025,,0,,0.0,,,0.0,0.0,0.0
"Nebraska, University of",2025,,1,,0.0,,,0.0,0.0,0.0
"Nevada-Las Vegas, University of",2025,,4,,3.12,,,14.0,3.06,2.99
New England Law/Boston,2025,,15,,0.0,,,1.0,0.0,0.0
"New Hampshire, University of",2025,,9,,0.0,,,2.0,0.0,0.0
"New Mexico, The University of",2025,,1,,0.0,,,1.0,0.0,0.0
New York Law School,2025,,6,,0.0,,,0.0,0.0,0.0
New York University,2025,,1,,3.75,,,42.0,3.65,3.54
North Carolina Central University,2025,,3,,0.0,,,4.0,0.0,0.0
"North Carolina, University of",2025,,2,,0.0,,,2.0,0.0,0.0
"North Dakota, University of",2025,,10,,0.0,,,2.0,0.0,0.0
"North Texas at Dallas, University of",2025,,5,,0.0,,,0.0,0.0,0.0
Northeastern University,2025,,0,,0.0,,,4.0,0.0,0.0
Northern Illinois University,2025,,1,,0.0,,,4.0,0.0,0.0
Northern Kentucky University,2025,,3,,0.0,,,0.0,0.0,0.0
Northwestern University,2025,,4,,3.77,,,38.0,3.66,3.5
"Notre Dame, University of",2025,,1,,0.0,,,10.0,3.59,0.0
Nova Southeastern University,2025,,9,,0.0,,,0.0,0.0,0.0
Ohio Northern University,2025,,0,,0.0,,,0.0,0.0,0.0
Oklahoma City University,2025,,3,,0.0,,,0.0,0.0,0.0
"Oklahoma, University of",2025,,2,,0.0,,,5.0,0.0,0.0
"Oregon, University of",2025,,9,,0.0,,,2.0,0.0,0.0
Pace University,2025,,5,,0.0,,,2.0,0.0,0.0
"Pacific, University of the",2025,,7,,0.0,,,0.0,0.0,0.0
Penn State Dickinson Law,2025,,11,,0.0,,,0.0,0.0,0.0
"Pennsylvania, University of",2025,,4,,0.0,,,8.0,3.82,0.0
Pepperdine University,2025,,11,,0.0,,,4.0,0.0,0.0
"Pittsburgh, University of",2025,,9,,0.0,,,1.0,0.0,0.0
Pontifical Catholic University of Puerto Rico,2025,,2,,0.0,,,0.0,0.0,0.0
"Puerto Rico, University of",2025,,1,,0.0,,,5.0,0.0,0.0
Quinnipiac University,2025,,6,,0.0,,,1.0,0.0,0.0
Regent University,2025,,3,,0.0,,,0.0,0.0,0.0
"Richmond, University of",2025,,4,,0.0,,,1.0,0.0,0.0
Roger Williams University,2025,,8,,0.0,,,1.0,0.0,0.0
Rutgers University,2025,,3,,0.0,,,8.0,3.21,0.0
Saint Louis University,2025,,0,,0.0,,,4.0,0.0,0.0
Samford University,2025,,5,,0.0,,,2.0,0.0,0.0
"San Diego, University of",2025,,9,,0.0,,,5.0,0.0,0.0
"San Francisco, University of",2025,,7,,0.0,,,3.0,0.0,0.0
Santa Clara University,2025,,4,,0.0,,,4.0,0.0,0.0
Seattle University,2025,,11,,0.0,,,4.0,0.0,0.0
Seton Hall University,2025,,10,,0.0,,,2.0,0.0,0.0
"South Carolina, University of",2025,,4,,0.0,,,3.0,0.0,0.0
"South Dakota, University of",2025,,1,,0.0,,,1.0,0.0,0.0
South Texas College of Law Houston,2025,,16,,0.0,,,3.0,0.0,0.0
"Southern California, University of",2025,,7,,3.75,,,20.0,3.64,3.5
Southern Illinois University,2025,,2,,0.0,,,0.0,0.0,0.0
Southern Methodist University,2025,,5,,0.0,,,8.0,3.34,0.0
Southern University,2025,,14,,0.0,,,0.0,0.0,0.0
Southwestern Law School,2025,,9,,0.0,,,0.0,0.0,0.0
St. John's University,2025,,0,,0.0,,,10.0,3.21,0.0
St. Mary's University,2025,,8,,0.0,,,5.0,0.0,0.0
St. Thomas University (Miami),2025,,17,,0.0,,,4.0,0.0,0.0
"St. Thomas, (Minneapolis) University of",2025,,3,,0.0,,,0.0,0.0,0.0
Stanford University,2025,,1,,0.0,,,8.0,3.99,0.0
Stetson University,2025,,1,,0.0,,,1.0,0.0,0.0
Suffolk University,2025,,1,,0.0,,,2.0,0.0,0.0
Syracuse University,2025,,5,,0.0,,,2.0,0.0,0.0
Temple University,2025,,2,,0.0,,,4.0,0.0,0.0
"Tennessee, University of",2025,,2,,0.0,,,2.0,0.0,0.0
Texas A&M University,2025,,2,,0.0,,,6.0,3.55,0.0
Texas Southern University,2025,,9,,0.0,,,0.0,0.0,0.0
Texas Tech University,2025,,3,,0.0,,,4.0,0.0,0.0
"Texas, University of",2025,,1,,0.0,,,8.0,3.83,0.0
The Ohio State University,2025,,2,,0.0,,,5.0,0.0,0.0
"Toledo, The University of",2025,,5,,0.0,,,0.0,0.0,0.0
Touro University,2025,,4,,0.0,,,0.0,0.0,0.0
Tulane University,2025,,7,,0.0,,,0.0,0.0,0.0
"Tulsa, The University of",2025,,3,,0.0,,,1.0,0.0,0.0
"Utah, The University of",2025,,0,,0.0,,,3.0,0.0,0.0
Vanderbilt University,2025,,2,,3.31,,,13.0,3.43,3.49
Vermont Law School,2025,,0,,0.0,,,8.0,3.02,0.0
Villanova University,2025,,5,,0.0,,,2.0,0.0,0.0
"Virginia, University of",2025,,1,,0.0,,,0.0,0.0,0.0
Wake Forest University,2025,,5,,0.0,,,6.0,3.66,0.0
Washburn University,2025,,4,,0.0,,,1.0,0.0,0.0
Washington and Lee University,2025,,6,,0.0,,,1.0,0.0,0.0
Washington University (St. Louis),2025,,6,,3.62,,,20.0,3.43,3.3
"Washington, University of",2025,,5,,0.0,,,1.0,0.0,0.0
Wayne State University,2025,,3,,0.0,,,3.0,0.0,0.0
West Virginia University,2025,,0,,0.0,,,1.0,0.0,0.0
Western New England University,2025,,1,,0.0,,,1.0,0.0,0.0
"Western State, Westcliff University",2025,,1,,0.0,,,2.0,0.0,0.0
Widener University Commonwealth Law School,2025,,6,,0.0,,,0.0,0.0,0.0
Widener University Delaware Law School,2025,,2,,0.0,,,0.0,0.0,0.0
Willamette University,2025,,4,,0.0,,,1.0,0.0,0.0
William & Mary,2025,,3,,0.0,,,3.0,0.0,0.0
Wilmington University School of Law,2025,,0,,0.0,,,3.0,0.0,0.0
"Wisconsin, University of",2025,,5,,0.0,,,9.0,3.37,0.0
"Wyoming, University of",2025,,1,,0.0,,,0.0,0.0,0.0
Yale University,2025,,0,,0.0,,,11.0,3.94,0.0
