School Name,SchoolYear,FirstYearSectionSize,NumberOfCourseTitles,Under25,25-49,50-74,75-99,100+,ClincicSum,FieldPlacementSum,SimulationSum,Seminarcount,CocurricularCount,SchoolName,FirstYearCurriculum,Between25to49,Between50to74,Between75to99,Above100,LawClinics,FieldPlacements,SimulationCourses,Seminars,CoCurricularOfferings,FYCourseSectionsUnder25,FYCourseSectionsBetween25to49,FYCourseSectionsBetween50to74,FYCourseSectionsBetween75to99,FYCourseSectionsAbove100,CourseTitlesBeyondFY,ULCoursesUnder25,ULCoursesBetween25to49,ULCoursesBetween50to74,ULCoursesBetween75to99,ULCoursesAbove100,LawClinicsAvailable,LawClinicsFilled,FieldPlacementsFilled,SimulationCoursesAvailable,SimulationCoursesFilled
"AKRON, UNIVERSITY OF",2022,46.0,90.0,110.0,23.0,10.0,3.0,0.0,61.0,39.0,962.0,20.0,23.0,,,,,,,,,,,,,,,,,,,,,,,,,,,
"ALABAMA, UNIVERSITY OF",2022,77.0,129.0,76.0,19.0,7.0,0.0,0.0,104.0,80.0,379.0,16.0,32.0,,,,,,,,,,,,,,,,,,,,,,,,,,,
ALBANY LAW SCHOOL,2022,52.0,96.0,92.0,30.0,6.0,2.0,0.0,144.0,181.0,312.0,37.0,10.0,,,,,,,,,,,,,,,,,,,,,,,,,,,
AMERICAN UNIVERSITY,2022,88.0,231.0,210.0,49.0,16.0,2.0,0.0,182.0,188.0,526.0,61.0,96.0,,,,,,,,,,,,,,,,,,,,,,,,,,,
APPALACHIAN SCHOOL OF LAW,2022,55.0,62.0,45.0,12.0,5.0,0.0,0.0,20.0,46.0,325.0,6.0,2.0,,,,,,,,,,,,,,,,,,,,,,,,,,,
ARIZONA STATE UNIVERSITY,2022,51.0,208.0,222.0,35.0,10.0,7.0,0.0,203.0,495.0,683.0,53.0,35.0,,,,,,,,,,,,,,,,,,,,,,,,,,,
"ARIZONA, UNIVERSITY OF",2022,65.0,162.0,147.0,16.0,2.0,2.0,0.0,240.0,154.0,1045.0,49.0,60.0,,,,,,,,,,,,,,,,,,,,,,,,,,,
"ARKANSAS, FAYETTEVILLE, UNIVERSITY OF",2022,65.0,120.0,138.0,33.0,2.0,1.0,0.0,40.0,121.0,249.0,10.0,5.0,,,,,,,,,,,,,,,,,,,,,,,,,,,
"ARKANSAS, LITTLE ROCK, UNIVERSITY OF",2022,130.0,96.0,110.0,18.0,4.0,7.0,2.0,114.0,64.0,331.0,21.0,12.0,,,,,,,,,,,,,,,,,,,,,,,,,,,
ATLANTA'S JOHN MARSHALL LAW SCHOOL,2022,50.0,48.0,63.0,25.0,0.0,0.0,0.0,0.0,73.0,289.0,3.0,7.0,,,,,,,,,,,,,,,,,,,,,,,,,,,
AVE MARIA SCHOOL OF LAW,2022,60.0,58.0,70.0,18.0,2.0,0.0,0.0,20.0,71.0,148.0,8.0,7.0,,,,,,,,,,,,,,,,,,,,,,,,,,,
"BALTIMORE, UNIVERSITY OF",2022,65.0,131.0,127.0,34.0,20.0,0.0,0.0,155.0,115.0,366.0,21.0,22.0,,,,,,,,,,,,,,,,,,,,,,,,,,,
BARRY UNIVERSITY,2022,52.0,103.0,131.0,42.0,11.0,2.0,1.0,156.0,27.0,833.0,12.0,11.0,,,,,,,,,,,,,,,,,,,,,,,,,,,
BAYLOR UNIVERSITY,2022,63.0,114.0,109.0,42.0,8.0,4.0,4.0,104.0,146.0,1883.0,15.0,46.0,,,,,,,,,,,,,,,,,,,,,,,,,,,
BELMONT UNIVERSITY,2022,73.0,72.0,52.0,13.0,6.0,0.0,6.0,0.0,136.0,729.0,11.0,9.0,,,,,,,,,,,,,,,,,,,,,,,,,,,
BOSTON COLLEGE,2022,83.0,172.0,288.0,34.0,10.0,8.0,0.0,176.0,142.0,1676.0,107.0,25.0,,,,,,,,,,,,,,,,,,,,,,,,,,,
BOSTON UNIVERSITY,2022,79.0,237.0,166.0,20.0,10.0,4.0,2.0,262.0,129.0,459.0,59.0,15.0,,,,,,,,,,,,,,,,,,,,,,,,,,,
BRIGHAM YOUNG UNIVERSITY,2022,46.0,115.0,91.0,28.0,5.0,0.0,0.0,195.0,193.0,249.0,10.0,16.0,,,,,,,,,,,,,,,,,,,,,,,,,,,
BROOKLYN LAW SCHOOL,2022,74.0,228.0,176.0,51.0,28.0,10.0,4.0,522.0,562.0,1965.0,22.0,15.0,,,,,,,,,,,,,,,,,,,,,,,,,,,
CALIFORNIA WESTERN SCHOOL OF LAW,2022,78.0,91.0,147.0,21.0,11.0,6.0,1.0,89.0,152.0,1180.0,43.0,23.0,,,,,,,,,,,,,,,,,,,,,,,,,,,
"CALIFORNIA-BERKELEY, UNIVERSITY OF",2022,61.0,326.0,174.0,78.0,24.0,18.0,8.0,281.0,212.0,1683.0,91.0,39.0,,,,,,,,,,,,,,,,,,,,,,,,,,,
"CALIFORNIA-DAVIS, UNIVERSITY OF",2022,76.0,147.0,74.0,33.0,11.0,9.0,2.0,140.0,108.0,930.0,22.0,16.0,,,,,,,,,,,,,,,,,,,,,,,,,,,
"CALIFORNIA-IRVINE, UNIVERSITY OF",2022,44.0,147.0,140.0,13.0,8.0,4.0,0.0,323.0,103.0,846.0,27.0,5.0,,,,,,,,,,,,,,,,,,,,,,,,,,,
"CALIFORNIA-LOS ANGELES, UNIVERSITY OF",2022,52.0,208.0,138.0,56.0,9.0,17.0,5.0,253.0,88.0,832.0,49.0,16.0,,,,,,,,,,,,,,,,,,,,,,,,,,,
CAMPBELL UNIVERSITY,2022,57.0,90.0,101.0,25.0,12.0,2.0,1.0,132.0,112.0,1027.0,70.0,31.0,,,,,,,,,,,,,,,,,,,,,,,,,,,
CAPITAL UNIVERSITY,2022,64.0,75.0,90.0,29.0,13.0,1.0,0.0,131.0,165.0,1227.0,4.0,15.0,,,,,,,,,,,,,,,,,,,,,,,,,,,
CARDOZO SCHOOL OF LAW,2022,50.0,226.0,239.0,47.0,14.0,11.0,5.0,330.0,382.0,1582.0,69.0,34.0,,,,,,,,,,,,,,,,,,,,,,,,,,,
CASE WESTERN RESERVE UNIVERSITY,2022,81.0,134.0,115.0,25.0,8.0,1.0,0.0,81.0,206.0,615.0,6.0,2.0,,,,,,,,,,,,,,,,,,,,,,,,,,,
CATHOLIC UNIVERSITY OF AMERICA,2022,55.0,100.0,102.0,16.0,4.0,1.0,0.0,79.0,71.0,136.0,22.0,11.0,,,,,,,,,,,,,,,,,,,,,,,,,,,
CHAPMAN UNIVERSITY,2022,50.0,95.0,103.0,24.0,8.0,0.0,0.0,211.0,221.0,634.0,31.0,8.0,,,,,,,,,,,,,,,,,,,,,,,,,,,
CHARLESTON SCHOOL OF LAW,2022,47.0,94.0,85.0,38.0,20.0,0.0,0.0,27.0,117.0,525.0,9.0,5.0,,,,,,,,,,,,,,,,,,,,,,,,,,,
"CHICAGO, UNIVERSITY OF",2022,65.0,195.0,165.0,35.0,12.0,8.0,3.0,628.0,20.0,678.0,140.0,13.0,,,,,,,,,,,,,,,,,,,,,,,,,,,
CHICAGO-KENT COLLEGE OF LAW-IIT,2022,65.0,137.0,131.0,39.0,7.0,13.0,3.0,198.0,130.0,1110.0,18.0,28.0,,,,,,,,,,,,,,,,,,,,,,,,,,,
"CINCINNATI, UNIVERSITY OF",2022,54.0,126.0,103.0,22.0,5.0,3.0,1.0,75.0,230.0,491.0,19.0,16.0,,,,,,,,,,,,,,,,,,,,,,,,,,,
CITY UNIVERSITY OF NEW YORK,2022,63.0,80.0,68.0,24.0,7.0,3.0,3.0,240.0,52.0,817.0,11.0,30.0,,,,,,,,,,,,,,,,,,,,,,,,,,,
CLEVELAND STATE UNIVERSITY,2022,56.0,104.0,123.0,21.0,8.0,2.0,0.0,81.0,114.0,126.0,34.0,8.0,,,,,,,,,,,,,,,,,,,,,,,,,,,
"COLORADO, UNIVERSITY OF",2022,58.0,119.0,78.0,31.0,11.0,4.0,0.0,168.0,141.0,823.0,16.0,11.0,,,,,,,,,,,,,,,,,,,,,,,,,,,
COLUMBIA UNIVERSITY,2022,104.0,351.0,230.0,54.0,29.0,9.0,20.0,373.0,795.0,827.0,184.0,36.0,,,,,,,,,,,,,,,,,,,,,,,,,,,
"CONNECTICUT, UNIVERSITY OF",2022,39.0,157.0,126.0,21.0,9.0,0.0,0.0,187.0,104.0,489.0,48.0,3.0,,,,,,,,,,,,,,,,,,,,,,,,,,,
CORNELL UNIVERSITY,2022,34.0,262.0,241.0,34.0,13.0,5.0,5.0,597.0,50.0,573.0,78.0,30.0,,,,,,,,,,,,,,,,,,,,,,,,,,,
CREIGHTON UNIVERSITY,2022,70.0,88.0,74.0,17.0,8.0,3.0,0.0,33.0,39.0,471.0,9.0,29.0,,,,,,,,,,,,,,,,,,,,,,,,,,,
"DAYTON, UNIVERSITY OF",2022,43.0,92.0,92.0,20.0,5.0,1.0,0.0,19.0,71.0,166.0,7.0,9.0,,,,,,,,,,,,,,,,,,,,,,,,,,,
"DENVER, UNIVERSITY OF",2022,69.0,161.0,147.0,38.0,8.0,1.0,0.0,146.0,645.0,820.0,70.0,15.0,,,,,,,,,,,,,,,,,,,,,,,,,,,
DEPAUL UNIVERSITY,2022,88.0,151.0,194.0,22.0,4.0,4.0,0.0,152.0,109.0,544.0,28.0,9.0,,,,,,,,,,,,,,,,,,,,,,,,,,,
"DETROIT MERCY, UNIVERSITY OF",2022,65.0,109.0,107.0,24.0,11.0,3.0,0.0,246.0,101.0,290.0,16.0,14.0,,,,,,,,,,,,,,,,,,,,,,,,,,,
DISTRICT OF COLUMBIA,2022,26.0,49.0,64.0,13.0,0.0,0.0,0.0,121.0,14.0,103.0,13.0,3.0,,,,,,,,,,,,,,,,,,,,,,,,,,,
DRAKE UNIVERSITY,2022,56.0,111.0,36.0,19.0,3.0,0.0,0.0,126.0,72.0,309.0,9.0,21.0,,,,,,,,,,,,,,,,,,,,,,,,,,,
DREXEL UNIVERSITY,2022,46.0,136.0,147.0,16.0,3.0,1.0,0.0,40.0,172.0,460.0,47.0,4.0,,,,,,,,,,,,,,,,,,,,,,,,,,,
DUKE UNIVERSITY,2022,49.0,250.0,216.0,63.0,16.0,5.0,0.0,241.0,69.0,1482.0,51.0,0.0,,,,,,,,,,,,,,,,,,,,,,,,,,,
DUQUESNE UNIVERSITY,2022,68.0,94.0,75.0,23.0,8.0,1.0,0.0,91.0,85.0,332.0,15.0,6.0,,,,,,,,,,,,,,,,,,,,,,,,,,,
ELON UNIVERSITY,2022,54.0,65.0,62.0,26.0,7.0,1.0,0.0,47.0,164.0,1124.0,15.0,9.0,,,,,,,,,,,,,,,,,,,,,,,,,,,
EMORY UNIVERSITY,2022,107.0,190.0,163.0,32.0,11.0,10.0,1.0,121.0,285.0,1626.0,12.0,6.0,,,,,,,,,,,,,,,,,,,,,,,,,,,
FAULKNER UNIVERSITY,2022,50.0,60.0,80.0,14.0,1.0,0.0,0.0,48.0,36.0,204.0,5.0,20.0,,,,,,,,,,,,,,,,,,,,,,,,,,,
FLORIDA A&M UNIVERSITY,2022,40.0,72.0,105.0,28.0,4.0,1.0,0.0,35.0,91.0,419.0,13.0,5.0,,,,,,,,,,,,,,,,,,,,,,,,,,,
FLORIDA COASTAL SCHOOL OF LAW,2022,,,,,,,,,,,,,,,,,,,,,,,,,,,,,,,,,,,,,,,
FLORIDA INTERNATIONAL UNIVERSITY,2022,57.0,94.0,178.0,20.0,17.0,3.0,0.0,144.0,198.0,1107.0,13.0,39.0,,,,,,,,,,,,,,,,,,,,,,,,,,,
FLORIDA STATE UNIVERSITY,2022,55.0,145.0,122.0,34.0,11.0,4.0,2.0,84.0,201.0,740.0,18.0,18.0,,,,,,,,,,,,,,,,,,,,,,,,,,,
"FLORIDA, UNIVERSITY OF",2022,80.0,165.0,155.0,41.0,21.0,8.0,2.0,126.0,96.0,1048.0,29.0,20.0,,,,,,,,,,,,,,,,,,,,,,,,,,,
FORDHAM UNIVERSITY,2022,40.0,303.0,285.0,51.0,13.0,10.0,2.0,262.0,249.0,1383.0,172.0,27.0,,,,,,,,,,,,,,,,,,,,,,,,,,,
GEORGE MASON UNIVERSITY,2022,55.0,166.0,231.0,28.0,1.0,0.0,1.0,189.0,244.0,788.0,33.0,0.0,,,,,,,,,,,,,,,,,,,,,,,,,,,
GEORGE WASHINGTON UNIVERSITY,2022,105.0,251.0,272.0,125.0,28.0,20.0,9.0,222.0,457.0,1266.0,50.0,53.0,,,,,,,,,,,,,,,,,,,,,,,,,,,
GEORGETOWN UNIVERSITY,2022,100.0,526.0,475.0,109.0,45.0,8.0,14.0,648.0,638.0,1905.0,372.0,0.0,,,,,,,,,,,,,,,,,,,,,,,,,,,
GEORGIA STATE UNIVERSITY,2022,74.0,148.0,152.0,38.0,16.0,3.0,0.0,186.0,144.0,593.0,22.0,16.0,,,,,,,,,,,,,,,,,,,,,,,,,,,
"GEORGIA, UNIVERSITY OF",2022,66.0,137.0,92.0,34.0,12.0,2.0,0.0,204.0,270.0,966.0,41.0,13.0,,,,,,,,,,,,,,,,,,,,,,,,,,,
GOLDEN GATE UNIVERSITY,2022,29.0,115.0,102.0,26.0,2.0,0.0,0.0,194.0,165.0,417.0,4.0,31.0,,,,,,,,,,,,,,,,,,,,,,,,,,,
GONZAGA UNIVERSITY,2022,61.0,84.0,58.0,15.0,14.0,0.0,0.0,133.0,155.0,282.0,20.0,8.0,,,,,,,,,,,,,,,,,,,,,,,,,,,
HARVARD UNIVERSITY,2022,80.0,414.0,229.0,88.0,32.0,12.0,13.0,692.0,381.0,1002.0,131.0,0.0,,,,,,,,,,,,,,,,,,,,,,,,,,,
"HAWAII, UNIVERSITY OF",2022,57.0,107.0,114.0,18.0,5.0,2.0,0.0,166.0,76.0,237.0,33.0,8.0,,,,,,,,,,,,,,,,,,,,,,,,,,,
HOFSTRA UNIVERSITY,2022,70.0,145.0,175.0,40.0,9.0,10.0,2.0,162.0,135.0,887.0,22.0,31.0,,,,,,,,,,,,,,,,,,,,,,,,,,,
"HOUSTON, UNIVERSITY OF",2022,60.0,186.0,153.0,40.0,14.0,2.0,0.0,342.0,117.0,853.0,23.0,14.0,,,,,,,,,,,,,,,,,,,,,,,,,,,
HOWARD UNIVERSITY,2022,53.0,126.0,118.0,13.0,12.0,1.0,0.0,246.0,129.0,323.0,40.0,25.0,,,,,,,,,,,,,,,,,,,,,,,,,,,
"IDAHO, UNIVERSITY OF",2022,63.0,100.0,87.0,26.0,8.0,0.0,0.0,92.0,127.0,440.0,27.0,9.0,,,,,,,,,,,,,,,,,,,,,,,,,,,
"ILLINOIS, UNIVERSITY OF",2022,90.0,154.0,106.0,25.0,19.0,2.0,3.0,104.0,204.0,360.0,54.0,15.0,,,,,,,,,,,,,,,,,,,,,,,,,,,
INDIANA UNIVERSITY - BLOOMINGTON,2022,77.0,154.0,125.0,21.0,7.0,6.0,1.0,149.0,167.0,881.0,20.0,9.0,,,,,,,,,,,,,,,,,,,,,,,,,,,
INDIANA UNIVERSITY - INDIANAPOLIS,2022,82.0,276.0,146.0,53.0,8.0,6.0,2.0,173.0,196.0,684.0,8.0,23.0,,,,,,,,,,,,,,,,,,,,,,,,,,,
INTER AMERICAN UNIVERSITY OF PUERTO RICO,2022,32.0,141.0,225.0,59.0,2.0,0.0,0.0,209.0,87.0,466.0,15.0,25.0,,,,,,,,,,,,,,,,,,,,,,,,,,,
"IOWA, UNIVERSITY OF",2022,55.0,133.0,134.0,30.0,7.0,4.0,1.0,105.0,99.0,451.0,36.0,28.0,,,,,,,,,,,,,,,,,,,,,,,,,,,
"JACKSONVILLE UNIVERSITY, COLLEGE OF LAW",2022,,,,,,,,,,,,,,,,,,,,,,,,,,,,,,,,,,,,,,,
"KANSAS, UNIVERSITY OF",2022,42.0,105.0,103.0,16.0,4.0,0.0,0.0,86.0,94.0,322.0,21.0,25.0,,,,,,,,,,,,,,,,,,,,,,,,,,,
"KENTUCKY, UNIVERSITY OF",2022,68.0,86.0,61.0,19.0,9.0,0.0,0.0,47.0,61.0,404.0,10.0,7.0,,,,,,,,,,,,,,,,,,,,,,,,,,,
LEWIS AND CLARK COLLEGE,2022,48.0,169.0,197.0,25.0,12.0,1.0,0.0,144.0,266.0,459.0,42.0,13.0,,,,,,,,,,,,,,,,,,,,,,,,,,,
LIBERTY UNIVERSITY,2022,61.0,83.0,62.0,19.0,5.0,1.0,0.0,27.0,54.0,609.0,12.0,7.0,,,,,,,,,,,,,,,,,,,,,,,,,,,
LINCOLN MEMORIAL,2022,50.0,54.0,57.0,12.0,4.0,0.0,0.0,22.0,99.0,150.0,9.0,3.0,,,,,,,,,,,,,,,,,,,,,,,,,,,
LOUISIANA STATE UNIVERSITY,2022,75.0,103.0,64.0,41.0,18.0,8.0,1.0,88.0,207.0,399.0,11.0,13.0,,,,,,,,,,,,,,,,,,,,,,,,,,,
"LOUISVILLE, UNIVERSITY OF",2022,65.0,110.0,82.0,17.0,6.0,0.0,0.0,82.0,142.0,259.0,26.0,47.0,,,,,,,,,,,,,,,,,,,,,,,,,,,
LOYOLA MARYMOUNT UNIVERSITY-LOS ANGELES,2022,76.0,252.0,181.0,37.0,14.0,10.0,5.0,608.0,254.0,1779.0,39.0,33.0,,,,,,,,,,,,,,,,,,,,,,,,,,,
LOYOLA UNIVERSITY-CHICAGO,2022,84.0,312.0,470.0,53.0,12.0,1.0,0.0,280.0,176.0,3205.0,1740.0,749.0,,,,,,,,,,,,,,,,,,,,,,,,,,,
LOYOLA UNIVERSITY-NEW ORLEANS,2022,55.0,121.0,80.0,39.0,11.0,4.0,0.0,237.0,83.0,742.0,26.0,36.0,,,,,,,,,,,,,,,,,,,,,,,,,,,
"MAINE, UNIVERSITY OF",2022,45.0,82.0,69.0,13.0,2.0,0.0,0.0,50.0,70.0,170.0,16.0,5.0,,,,,,,,,,,,,,,,,,,,,,,,,,,
MARQUETTE UNIVERSITY,2022,70.0,120.0,105.0,33.0,14.0,0.0,0.0,62.0,177.0,1019.0,14.0,63.0,,,,,,,,,,,,,,,,,,,,,,,,,,,
"MARYLAND, UNIVERSITY OF",2022,49.0,190.0,137.0,32.0,10.0,0.0,0.0,299.0,116.0,775.0,68.0,12.0,,,,,,,,,,,,,,,,,,,,,,,,,,,
MCGEORGE SCHOOL OF LAW,2022,72.0,107.0,121.0,24.0,9.0,1.0,0.0,167.0,195.0,1014.0,33.0,15.0,,,,,,,,,,,,,,,,,,,,,,,,,,,
"MEMPHIS, UNIVERSITY OF",2022,55.0,85.0,59.0,24.0,9.0,2.0,0.0,55.0,126.0,214.0,8.0,9.0,,,,,,,,,,,,,,,,,,,,,,,,,,,
MERCER UNIVERSITY,2022,24.0,83.0,88.0,26.0,9.0,3.0,2.0,26.0,90.0,947.0,7.0,31.0,,,,,,,,,,,,,,,,,,,,,,,,,,,
"MIAMI, UNIVERSITY OF",2022,75.0,349.0,355.0,66.0,20.0,11.0,11.0,198.0,180.0,1941.0,35.0,87.0,,,,,,,,,,,,,,,,,,,,,,,,,,,
MICHIGAN STATE UNIVERSITY,2022,78.0,147.0,130.0,34.0,16.0,7.0,0.0,87.0,93.0,795.0,33.0,11.0,,,,,,,,,,,,,,,,,,,,,,,,,,,
"MICHIGAN, UNIVERSITY OF",2022,67.0,212.0,158.0,42.0,13.0,7.0,2.0,361.0,102.0,782.0,69.0,12.0,,,,,,,,,,,,,,,,,,,,,,,,,,,
"MINNESOTA, UNIVERSITY OF",2022,34.0,239.0,119.0,38.0,11.0,4.0,3.0,262.0,310.0,700.0,86.0,39.0,,,,,,,,,,,,,,,,,,,,,,,,,,,
MISSISSIPPI COLLEGE,2022,69.0,66.0,40.0,28.0,10.0,1.0,0.0,83.0,107.0,128.0,9.0,12.0,,,,,,,,,,,,,,,,,,,,,,,,,,,
"MISSISSIPPI, UNIVERSITY OF",2022,55.0,137.0,95.0,19.0,14.0,7.0,2.0,138.0,72.0,310.0,21.0,12.0,,,,,,,,,,,,,,,,,,,,,,,,,,,
"MISSOURI, UNIVERSITY OF",2022,51.0,70.0,63.0,16.0,7.0,0.0,0.0,60.0,49.0,242.0,10.0,9.0,,,,,,,,,,,,,,,,,,,,,,,,,,,
"MISSOURI-KANSAS CITY, UNIVERSITY OF",2022,65.0,141.0,220.0,24.0,8.0,5.0,0.0,152.0,106.0,399.0,16.0,15.0,,,,,,,,,,,,,,,,,,,,,,,,,,,
MITCHELL|HAMLINE,2022,59.0,183.0,152.0,60.0,31.0,7.0,0.0,178.0,432.0,1471.0,23.0,17.0,,,,,,,,,,,,,,,,,,,,,,,,,,,
"MONTANA, UNIVERSITY OF",2022,51.0,119.0,58.0,23.0,4.0,2.0,0.0,38.0,98.0,201.0,33.0,19.0,,,,,,,,,,,,,,,,,,,,,,,,,,,
"NEBRASKA, UNIVERSITY OF",2022,82.0,94.0,80.0,27.0,8.0,0.0,0.0,76.0,68.0,524.0,12.0,5.0,,,,,,,,,,,,,,,,,,,,,,,,,,,
NEW ENGLAND LAW | BOSTON,2022,100.0,114.0,80.0,49.0,16.0,6.0,4.0,73.0,206.0,1075.0,20.0,2.0,,,,,,,,,,,,,,,,,,,,,,,,,,,
NEW HAMPSHIRE UNIVERSITY OF,2022,65.0,112.0,119.0,24.0,13.0,2.0,0.0,54.0,117.0,537.0,29.0,9.0,,,,,,,,,,,,,,,,,,,,,,,,,,,
"NEW MEXICO, UNIVERSITY OF",2022,29.0,129.0,128.0,13.0,3.0,0.0,0.0,120.0,62.0,89.0,22.0,24.0,,,,,,,,,,,,,,,,,,,,,,,,,,,
NEW YORK LAW SCHOOL,2022,59.0,155.0,161.0,57.0,17.0,8.0,2.0,312.0,239.0,610.0,100.0,26.0,,,,,,,,,,,,,,,,,,,,,,,,,,,
NEW YORK UNIVERSITY,2022,96.0,325.0,202.0,84.0,29.0,12.0,15.0,352.0,170.0,463.0,107.0,10.0,,,,,,,,,,,,,,,,,,,,,,,,,,,
NORTH CAROLINA CENTRAL UNIVERSITY,2022,48.0,101.0,127.0,39.0,3.0,0.0,1.0,118.0,126.0,405.0,24.0,11.0,,,,,,,,,,,,,,,,,,,,,,,,,,,
"NORTH CAROLINA, UNIVERSITY OF",2022,47.0,134.0,116.0,31.0,11.0,3.0,1.0,108.0,151.0,638.0,41.0,7.0,,,,,,,,,,,,,,,,,,,,,,,,,,,
"NORTH DAKOTA, UNIVERSITY OF",2022,88.0,115.0,63.0,7.0,5.0,0.0,0.0,9.0,164.0,179.0,8.0,5.0,,,,,,,,,,,,,,,,,,,,,,,,,,,
NORTHEASTERN UNIVERSITY,2022,70.0,106.0,114.0,38.0,6.0,1.0,0.0,349.0,12.0,579.0,21.0,8.0,,,,,,,,,,,,,,,,,,,,,,,,,,,
NORTHERN ILLINOIS UNIVERSITY,2022,59.0,90.0,82.0,16.0,3.0,2.0,0.0,66.0,87.0,225.0,7.0,11.0,,,,,,,,,,,,,,,,,,,,,,,,,,,
NORTHERN KENTUCKY UNIVERSITY,2022,55.0,67.0,58.0,23.0,7.0,2.0,0.0,50.0,78.0,163.0,8.0,3.0,,,,,,,,,,,,,,,,,,,,,,,,,,,
NORTHWESTERN UNIVERSITY,2022,63.0,249.0,171.0,58.0,34.0,0.0,0.0,356.0,173.0,757.0,87.0,2.0,,,,,,,,,,,,,,,,,,,,,,,,,,,
"NOTRE DAME, UNIVERSITY OF",2022,64.0,187.0,297.0,27.0,13.0,4.0,0.0,145.0,201.0,466.0,48.0,25.0,,,,,,,,,,,,,,,,,,,,,,,,,,,
NOVA SOUTHEASTERN UNIVERSITY,2022,44.0,98.0,116.0,38.0,13.0,1.0,0.0,115.0,97.0,730.0,8.0,4.0,,,,,,,,,,,,,,,,,,,,,,,,,,,
OHIO NORTHERN UNIVERSITY,2022,65.0,80.0,57.0,9.0,2.0,0.0,0.0,160.0,41.0,198.0,4.0,2.0,,,,,,,,,,,,,,,,,,,,,,,,,,,
OHIO STATE UNIVERSITY,2022,31.0,143.0,107.0,23.0,12.0,2.0,1.0,146.0,209.0,463.0,23.0,24.0,,,,,,,,,,,,,,,,,,,,,,,,,,,
OKLAHOMA CITY UNIVERSITY,2022,79.0,94.0,77.0,25.0,10.0,6.0,1.0,60.0,169.0,310.0,10.0,23.0,,,,,,,,,,,,,,,,,,,,,,,,,,,
"OKLAHOMA, UNIVERSITY OF",2022,52.0,89.0,70.0,27.0,20.0,0.0,0.0,118.0,116.0,378.0,12.0,10.0,,,,,,,,,,,,,,,,,,,,,,,,,,,
"OREGON, UNIVERSITY OF",2022,88.0,115.0,66.0,31.0,6.0,2.0,1.0,172.0,150.0,341.0,8.0,6.0,,,,,,,,,,,,,,,,,,,,,,,,,,,
PACE UNIVERSITY,2022,60.0,155.0,168.0,39.0,13.0,5.0,1.0,104.0,168.0,420.0,29.0,18.0,,,,,,,,,,,,,,,,,,,,,,,,,,,
PENNSYLVANIA STATE - DICKINSON LAW,2022,57.0,82.0,77.0,14.0,2.0,0.0,0.0,48.0,168.0,264.0,9.0,12.0,,,,,,,,,,,,,,,,,,,,,,,,,,,
PENNSYLVANIA STATE - PENN STATE LAW,2022,54.0,119.0,68.0,27.0,18.0,1.0,2.0,132.0,75.0,470.0,20.0,9.0,,,,,,,,,,,,,,,,,,,,,,,,,,,
"PENNSYLVANIA, UNIVERSITY OF",2022,60.0,251.0,239.0,44.0,12.0,9.0,3.0,142.0,134.0,1660.0,84.0,26.0,,,,,,,,,,,,,,,,,,,,,,,,,,,
PEPPERDINE UNIVERSITY,2022,60.0,132.0,132.0,39.0,9.0,4.0,0.0,208.0,218.0,1680.0,10.0,29.0,,,,,,,,,,,,,,,,,,,,,,,,,,,
"PITTSBURGH, UNIVERSITY OF",2022,58.0,158.0,144.0,14.0,9.0,0.0,0.0,146.0,89.0,402.0,19.0,22.0,,,,,,,,,,,,,,,,,,,,,,,,,,,
PONTIFICAL CATHOLIC UNIVERSITY OF P.R.,2022,25.0,77.0,110.0,33.0,0.0,0.0,0.0,109.0,47.0,64.0,8.0,7.0,,,,,,,,,,,,,,,,,,,,,,,,,,,
"PUERTO RICO, UNIVERSITY OF",2022,31.0,161.0,142.0,42.0,4.0,0.0,0.0,320.0,62.0,115.0,26.0,20.0,,,,,,,,,,,,,,,,,,,,,,,,,,,
QUINNIPIAC UNIVERSITY,2022,55.0,159.0,139.0,15.0,4.0,1.0,0.0,158.0,139.0,454.0,42.0,15.0,,,,,,,,,,,,,,,,,,,,,,,,,,,
REGENT UNIVERSITY,2022,60.0,70.0,100.0,12.0,10.0,3.0,0.0,71.0,152.0,185.0,4.0,5.0,,,,,,,,,,,,,,,,,,,,,,,,,,,
"RICHMOND, UNIVERSITY OF",2022,50.0,141.0,131.0,18.0,7.0,0.0,0.0,61.0,80.0,802.0,19.0,2.0,,,,,,,,,,,,,,,,,,,,,,,,,,,
ROGER WILLIAMS UNIVERSITY,2022,60.0,117.0,94.0,15.0,10.0,6.0,0.0,116.0,123.0,545.0,9.0,13.0,,,,,,,,,,,,,,,,,,,,,,,,,,,
RUTGERS UNIVERSITY,2022,59.0,216.0,210.0,42.0,14.0,4.0,1.0,491.0,168.0,1285.0,46.0,35.0,,,,,,,,,,,,,,,,,,,,,,,,,,,
SAINT LOUIS UNIVERSITY,2022,65.0,150.0,149.0,23.0,12.0,8.0,1.0,64.0,110.0,1182.0,16.0,51.0,,,,,,,,,,,,,,,,,,,,,,,,,,,
SAMFORD UNIVERSITY,2022,53.0,101.0,58.0,42.0,16.0,0.0,0.0,130.0,118.0,858.0,25.0,8.0,,,,,,,,,,,,,,,,,,,,,,,,,,,
"SAN DIEGO, UNIVERSITY OF",2022,87.0,169.0,278.0,46.0,7.0,11.0,1.0,325.0,245.0,1870.0,35.0,122.0,,,,,,,,,,,,,,,,,,,,,,,,,,,
"SAN FRANCISCO, UNIVERSITY OF",2022,54.0,68.0,50.0,21.0,8.0,0.0,0.0,125.0,108.0,497.0,7.0,18.0,,,,,,,,,,,,,,,,,,,,,,,,,,,
SANTA CLARA UNIVERSITY,2022,70.0,157.0,146.0,36.0,17.0,4.0,0.0,403.0,210.0,232.0,37.0,39.0,,,,,,,,,,,,,,,,,,,,,,,,,,,
SEATTLE UNIVERSITY,2022,60.0,145.0,106.0,31.0,17.0,0.0,0.0,126.0,184.0,433.0,29.0,6.0,,,,,,,,,,,,,,,,,,,,,,,,,,,
SETON HALL UNIVERSITY,2022,77.0,130.0,138.0,44.0,10.0,5.0,4.0,162.0,220.0,920.0,16.0,63.0,,,,,,,,,,,,,,,,,,,,,,,,,,,
"SOUTH CAROLINA, UNIVERSITY OF",2022,70.0,126.0,100.0,37.0,12.0,4.0,0.0,92.0,70.0,720.0,34.0,30.0,,,,,,,,,,,,,,,,,,,,,,,,,,,
"SOUTH DAKOTA, UNIVERSITY OF",2022,38.0,75.0,45.0,16.0,6.0,0.0,0.0,26.0,81.0,171.0,6.0,8.0,,,,,,,,,,,,,,,,,,,,,,,,,,,
SOUTH TEXAS COLLEGE OF LAW HOUSTON,2022,90.0,153.0,166.0,39.0,20.0,19.0,1.0,333.0,79.0,1616.0,19.0,15.0,,,,,,,,,,,,,,,,,,,,,,,,,,,
"SOUTHERN CALIFORNIA, UNIVERSITY OF",2022,70.0,147.0,96.0,34.0,16.0,4.0,4.0,97.0,88.0,940.0,9.0,7.0,,,,,,,,,,,,,,,,,,,,,,,,,,,
SOUTHERN ILLINOIS UNIVERSITY-CARBONDALE,2022,44.0,54.0,44.0,19.0,2.0,0.0,0.0,75.0,52.0,333.0,8.0,3.0,,,,,,,,,,,,,,,,,,,,,,,,,,,
SOUTHERN METHODIST UNIVERSITY,2022,76.0,144.0,97.0,34.0,18.0,9.0,1.0,205.0,175.0,833.0,17.0,16.0,,,,,,,,,,,,,,,,,,,,,,,,,,,
SOUTHERN UNIVERSITY,2022,27.0,72.0,217.0,74.0,7.0,1.0,0.0,600.0,147.0,311.0,0.0,12.0,,,,,,,,,,,,,,,,,,,,,,,,,,,
SOUTHWESTERN LAW SCHOOL,2022,83.0,154.0,120.0,39.0,33.0,7.0,0.0,171.0,388.0,1188.0,17.0,19.0,,,,,,,,,,,,,,,,,,,,,,,,,,,
ST. JOHN'S UNIVERSITY,2022,50.0,154.0,143.0,35.0,14.0,8.0,0.0,148.0,188.0,941.0,28.0,8.0,,,,,,,,,,,,,,,,,,,,,,,,,,,
ST. MARY'S UNIVERSITY,2022,73.0,123.0,154.0,58.0,6.0,11.0,1.0,81.0,83.0,797.0,11.0,52.0,,,,,,,,,,,,,,,,,,,,,,,,,,,
ST. THOMAS UNIVERSITY (FLORIDA),2022,40.0,99.0,127.0,64.0,15.0,0.0,2.0,33.0,226.0,1298.0,17.0,29.0,,,,,,,,,,,,,,,,,,,,,,,,,,,
"ST. THOMAS, UNIVERSITY OF (MINNESOTA)",2022,70.0,106.0,70.0,31.0,4.0,3.0,0.0,180.0,845.0,402.0,15.0,9.0,,,,,,,,,,,,,,,,,,,,,,,,,,,
STANFORD UNIVERSITY,2022,30.0,234.0,136.0,43.0,14.0,4.0,3.0,260.0,49.0,522.0,81.0,3.0,,,,,,,,,,,,,,,,,,,,,,,,,,,
STETSON UNIVERSITY,2022,73.0,182.0,160.0,54.0,19.0,1.0,0.0,170.0,157.0,1163.0,22.0,30.0,,,,,,,,,,,,,,,,,,,,,,,,,,,
SUFFOLK UNIVERSITY,2022,79.0,187.0,199.0,37.0,28.0,10.0,0.0,246.0,104.0,1295.0,26.0,33.0,,,,,,,,,,,,,,,,,,,,,,,,,,,
SYRACUSE UNIVERSITY,2022,38.0,136.0,121.0,34.0,8.0,1.0,0.0,195.0,183.0,1428.0,11.0,10.0,,,,,,,,,,,,,,,,,,,,,,,,,,,
TEMPLE UNIVERSITY,2022,65.0,228.0,193.0,33.0,8.0,1.0,0.0,247.0,274.0,748.0,59.0,7.0,,,,,,,,,,,,,,,,,,,,,,,,,,,
"TENNESSEE, UNIVERSITY OF",2022,41.0,126.0,152.0,14.0,10.0,0.0,0.0,108.0,53.0,522.0,32.0,6.0,,,,,,,,,,,,,,,,,,,,,,,,,,,
TEXAS A&M UNIVERSITY,2022,58.0,148.0,124.0,27.0,13.0,1.0,0.0,190.0,142.0,584.0,45.0,29.0,,,,,,,,,,,,,,,,,,,,,,,,,,,
"TEXAS AT AUSTIN, UNIVERSITY OF",2022,105.0,284.0,244.0,34.0,9.0,4.0,2.0,336.0,86.0,2338.0,54.0,0.0,,,,,,,,,,,,,,,,,,,,,,,,,,,
TEXAS SOUTHERN UNIVERSITY,2022,50.0,79.0,132.0,37.0,10.0,2.0,0.0,117.0,193.0,390.0,13.0,4.0,,,,,,,,,,,,,,,,,,,,,,,,,,,
TEXAS TECH UNIVERSITY,2022,51.0,99.0,73.0,15.0,12.0,1.0,0.0,66.0,24.0,266.0,15.0,12.0,,,,,,,,,,,,,,,,,,,,,,,,,,,
THOMAS M. COOLEY LAW SCHOOL,2022,20.0,146.0,282.0,27.0,6.0,4.0,0.0,180.0,196.0,1144.0,56.0,25.0,,,,,,,,,,,,,,,,,,,,,,,,,,,
"TOLEDO, UNIVERSITY OF",2022,57.0,48.0,28.0,17.0,7.0,3.0,0.0,38.0,80.0,135.0,5.0,5.0,,,,,,,,,,,,,,,,,,,,,,,,,,,
TOURO UNIVERSITY,2022,52.0,103.0,103.0,35.0,7.0,2.0,1.0,210.0,103.0,366.0,9.0,23.0,,,,,,,,,,,,,,,,,,,,,,,,,,,
TULANE UNIVERSITY,2022,75.0,271.0,173.0,38.0,18.0,5.0,1.0,225.0,250.0,500.0,24.0,36.0,,,,,,,,,,,,,,,,,,,,,,,,,,,
"TULSA, UNIVERSITY OF",2022,47.0,69.0,42.0,18.0,9.0,0.0,1.0,61.0,170.0,0.0,7.0,14.0,,,,,,,,,,,,,,,,,,,,,,,,,,,
UNIVERSITY OF BUFFALO-SUNY,2022,82.0,152.0,121.0,18.0,8.0,2.0,0.0,168.0,240.0,483.0,35.0,7.0,,,,,,,,,,,,,,,,,,,,,,,,,,,
"UNIVERSITY OF CALIFORNIA COLLEGE OF THE LAW, SAN FRANCISCO",2022,81.0,209.0,205.0,28.0,11.0,6.0,2.0,288.0,487.0,764.0,53.0,12.0,,,,,,,,,,,,,,,,,,,,,,,,,,,
UNIVERSITY OF ILLINOIS CHICAGO SCHOOL OF LAW,2022,75.0,148.0,167.0,57.0,16.0,9.0,1.0,312.0,217.0,1271.0,43.0,31.0,,,,,,,,,,,,,,,,,,,,,,,,,,,
UNIVERSITY OF MASSACHUSETTS DARTMOUTH,2022,56.0,61.0,51.0,20.0,7.0,0.0,0.0,65.0,66.0,549.0,12.0,5.0,,,,,,,,,,,,,,,,,,,,,,,,,,,
UNIVERSITY OF NEVADA - LAS VEGAS,2022,53.0,93.0,86.0,22.0,8.0,2.0,1.0,36.0,166.0,527.0,7.0,16.0,,,,,,,,,,,,,,,,,,,,,,,,,,,
UNT DALLAS COLLEGE OF LAW,2022,69.0,60.0,68.0,25.0,10.0,0.0,0.0,100.0,35.0,248.0,11.0,2.0,,,,,,,,,,,,,,,,,,,,,,,,,,,
"UTAH, UNIVERSITY OF",2022,44.0,119.0,141.0,9.0,5.0,1.0,0.0,28.0,141.0,497.0,86.0,15.0,,,,,,,,,,,,,,,,,,,,,,,,,,,
VANDERBILT UNIVERSITY,2022,57.0,180.0,91.0,43.0,12.0,6.0,4.0,111.0,82.0,781.0,16.0,26.0,,,,,,,,,,,,,,,,,,,,,,,,,,,
VERMONT LAW SCHOOL,2022,70.0,139.0,214.0,20.0,1.0,0.0,0.0,160.0,104.0,336.0,58.0,16.0,,,,,,,,,,,,,,,,,,,,,,,,,,,
VILLANOVA UNIVERSITY,2022,67.0,142.0,109.0,20.0,4.0,6.0,3.0,100.0,327.0,570.0,17.0,5.0,,,,,,,,,,,,,,,,,,,,,,,,,,,
"VIRGINIA, UNIVERSITY OF",2022,66.0,284.0,244.0,41.0,16.0,13.0,0.0,282.0,52.0,1330.0,114.0,0.0,,,,,,,,,,,,,,,,,,,,,,,,,,,
WAKE FOREST UNIVERSITY,2022,42.0,143.0,115.0,29.0,12.0,1.0,0.0,200.0,115.0,567.0,23.0,8.0,,,,,,,,,,,,,,,,,,,,,,,,,,,
WASHBURN UNIVERSITY,2022,50.0,102.0,71.0,27.0,4.0,1.0,0.0,57.0,106.0,587.0,14.0,7.0,,,,,,,,,,,,,,,,,,,,,,,,,,,
WASHINGTON AND LEE UNIVERSITY,2022,40.0,109.0,90.0,17.0,2.0,0.0,0.0,96.0,63.0,590.0,15.0,15.0,,,,,,,,,,,,,,,,,,,,,,,,,,,
WASHINGTON UNIVERSITY,2022,66.0,172.0,169.0,35.0,18.0,10.0,1.0,161.0,195.0,737.0,18.0,17.0,,,,,,,,,,,,,,,,,,,,,,,,,,,
"WASHINGTON, UNIVERSITY OF",2022,71.0,149.0,111.0,38.0,17.0,2.0,0.0,136.0,158.0,381.0,42.0,7.0,,,,,,,,,,,,,,,,,,,,,,,,,,,
WAYNE STATE UNIVERSITY,2022,37.0,85.0,56.0,21.0,4.0,0.0,0.0,87.0,83.0,253.0,9.0,7.0,,,,,,,,,,,,,,,,,,,,,,,,,,,
WEST VIRGINIA UNIVERSITY,2022,58.0,99.0,86.0,23.0,3.0,1.0,0.0,254.0,33.0,285.0,10.0,4.0,,,,,,,,,,,,,,,,,,,,,,,,,,,
WESTERN NEW ENGLAND UNIVERSITY,2022,90.0,94.0,38.0,12.0,10.0,0.0,0.0,52.0,61.0,266.0,24.0,18.0,,,,,,,,,,,,,,,,,,,,,,,,,,,
WESTERN STATE COLLEGE OF LAW,2022,40.0,41.0,56.0,13.0,0.0,0.0,0.0,0.0,35.0,248.0,4.0,8.0,,,,,,,,,,,,,,,,,,,,,,,,,,,
WIDENER UNIVERSITY-DELAWARE,2022,70.0,76.0,81.0,25.0,17.0,4.0,2.0,84.0,70.0,818.0,2.0,22.0,,,,,,,,,,,,,,,,,,,,,,,,,,,
WIDENER-COMMONWEALTH,2022,54.0,71.0,57.0,22.0,7.0,0.0,0.0,72.0,117.0,246.0,7.0,9.0,,,,,,,,,,,,,,,,,,,,,,,,,,,
WILLAMETTE UNIVERSITY,2022,63.0,99.0,116.0,23.0,4.0,0.0,0.0,42.0,110.0,299.0,26.0,7.0,,,,,,,,,,,,,,,,,,,,,,,,,,,
WILLIAM AND MARY LAW SCHOOL,2022,58.0,164.0,101.0,38.0,9.0,6.0,1.0,192.0,213.0,541.0,17.0,7.0,,,,,,,,,,,,,,,,,,,,,,,,,,,
"WISCONSIN, UNIVERSITY OF",2022,76.0,139.0,74.0,32.0,18.0,8.0,1.0,298.0,200.0,511.0,53.0,25.0,,,,,,,,,,,,,,,,,,,,,,,,,,,
"WYOMING, UNIVERSITY OF",2022,70.0,67.0,32.0,14.0,4.0,0.0,0.0,67.0,88.0,141.0,9.0,5.0,,,,,,,,,,,,,,,,,,,,,,,,,,,
YALE UNIVERSITY,2022,63.0,192.0,153.0,26.0,9.0,7.0,3.0,661.0,37.0,160.0,81.0,0.0,,,,,,,,,,,,,,,,,,,,,,,,,,,
,2023,41.0,,113.0,,,,,,,,,,"Akron, The University of",88.0,25.0,12.0,1.0,3.0,79.0,67.0,752.0,13.0,28.0,,,,,,,,,,,,,,,,
,2023,74.0,,98.0,,,,,,,,,,"Alabama, The University of",117.0,18.0,5.0,4.0,0.0,92.0,89.0,490.0,22.0,22.0,,,,,,,,,,,,,,,,
,2023,60.0,,80.0,,,,,,,,,,Albany Law School,117.0,31.0,5.0,3.0,2.0,144.0,217.0,288.0,31.0,27.0,,,,,,,,,,,,,,,,
,2023,89.0,,222.0,,,,,,,,,,American University,256.0,46.0,18.0,6.0,0.0,187.0,178.0,829.0,61.0,102.0,,,,,,,,,,,,,,,,
,2023,52.0,,62.0,,,,,,,,,,Appalachian School of Law,65.0,13.0,3.0,0.0,0.0,45.0,44.0,351.0,8.0,2.0,,,,,,,,,,,,,,,,
,2023,53.0,,222.0,,,,,,,,,,Arizona State University,207.0,41.0,14.0,9.0,0.0,224.0,521.0,638.0,53.0,38.0,,,,,,,,,,,,,,,,
,2023,62.0,,138.0,,,,,,,,,,"Arizona, The University of",163.0,20.0,3.0,1.0,0.0,285.0,152.0,1166.0,27.0,52.0,,,,,,,,,,,,,,,,
,2023,109.0,,84.0,,,,,,,,,,"Arkansas at Little Rock, University of",82.0,19.0,5.0,3.0,4.0,154.0,65.0,290.0,22.0,8.0,,,,,,,,,,,,,,,,
,2023,52.0,,145.0,,,,,,,,,,"Arkansas, University of",126.0,18.0,12.0,2.0,1.0,36.0,114.0,238.0,12.0,6.0,,,,,,,,,,,,,,,,
,2023,50.0,,69.0,,,,,,,,,,Atlanta's John Marshall Law School,43.0,26.0,0.0,0.0,0.0,10.0,103.0,244.0,8.0,6.0,,,,,,,,,,,,,,,,
,2023,50.0,,68.0,,,,,,,,,,Ave Maria School of Law,58.0,21.0,0.0,1.0,0.0,25.0,56.0,164.0,11.0,3.0,,,,,,,,,,,,,,,,
,2023,65.0,,148.0,,,,,,,,,,"Baltimore, University of",137.0,36.0,16.0,0.0,0.0,226.0,124.0,349.0,21.0,23.0,,,,,,,,,,,,,,,,
,2023,42.69,,156.0,,,,,,,,,,Barry University,89.0,34.0,32.0,2.0,1.0,132.0,35.0,957.0,17.0,6.0,,,,,,,,,,,,,,,,
,2023,41.48,,113.0,,,,,,,,,,Baylor University,116.0,43.0,17.0,4.0,4.0,106.0,128.0,2112.0,11.0,51.0,,,,,,,,,,,,,,,,
,2023,59.0,,47.0,,,,,,,,,,Belmont University,68.0,11.0,8.0,0.0,5.0,0.0,154.0,812.0,12.0,10.0,,,,,,,,,,,,,,,,
,2023,75.0,,239.0,,,,,,,,,,Boston College,210.0,34.0,18.0,9.0,1.0,194.0,133.0,1657.0,114.0,23.0,,,,,,,,,,,,,,,,
,2023,72.0,,167.0,,,,,,,,,,Boston University,236.0,29.0,9.0,4.0,2.0,261.0,164.0,480.0,65.0,13.0,,,,,,,,,,,,,,,,
,2023,46.0,,87.0,,,,,,,,,,Brigham Young University,99.0,22.0,9.0,0.0,0.0,191.0,189.0,223.0,11.0,16.0,,,,,,,,,,,,,,,,
,2023,70.0,,181.0,,,,,,,,,,Brooklyn Law School,222.0,51.0,21.0,15.0,6.0,546.0,563.0,2124.0,28.0,16.0,,,,,,,,,,,,,,,,
,2023,60.5,,178.0,,,,,,,,,,"Buffalo, University at",143.0,28.0,4.0,3.0,2.0,195.0,101.0,371.0,28.0,2.0,,,,,,,,,,,,,,,,
,2023,78.0,,132.0,,,,,,,,,,California Western School of Law,86.0,21.0,9.0,6.0,5.0,82.0,123.0,1072.0,32.0,23.0,,,,,,,,,,,,,,,,
,2023,91.0,,199.0,,,,,,,,,,"California-Berkeley, University of",331.0,80.0,28.0,9.0,6.0,305.0,237.0,1611.0,87.0,40.0,,,,,,,,,,,,,,,,
,2023,59.0,,74.0,,,,,,,,,,"California-Davis, University of",121.0,26.0,13.0,8.0,5.0,84.0,139.0,870.0,24.0,12.0,,,,,,,,,,,,,,,,
,2023,57.0,,131.0,,,,,,,,,,"California-Irvine, University of",150.0,26.0,5.0,5.0,1.0,336.0,108.0,549.0,18.0,5.0,,,,,,,,,,,,,,,,
,2023,59.0,,165.0,,,,,,,,,,"California-Los Angeles, University of",227.0,42.0,22.0,22.0,3.0,238.0,188.0,809.0,61.0,23.0,,,,,,,,,,,,,,,,
,2023,81.0,,199.0,,,,,,,,,,"California-San Francisco, University of",215.0,27.0,16.0,10.0,1.0,272.0,521.0,763.0,52.0,13.0,,,,,,,,,,,,,,,,
,2023,67.0,,100.0,,,,,,,,,,Campbell University,95.0,19.0,17.0,4.0,1.0,132.0,159.0,1306.0,78.0,46.0,,,,,,,,,,,,,,,,
,2023,58.0,,95.0,,,,,,,,,,Capital University Law School,85.0,32.0,11.0,5.0,0.0,77.0,168.0,1164.0,7.0,16.0,,,,,,,,,,,,,,,,
,2023,48.17,,146.0,,,,,,,,,,"Cardozo, Yeshiva University",199.0,27.0,9.0,8.0,12.0,302.0,384.0,1487.0,69.0,35.0,,,,,,,,,,,,,,,,
,2023,79.0,,105.0,,,,,,,,,,Case Western Reserve University,122.0,23.0,9.0,2.0,0.0,104.0,212.0,732.0,9.0,10.0,,,,,,,,,,,,,,,,
,2023,45.0,,108.0,,,,,,,,,,"Catholic University of America, The",100.0,14.0,7.0,4.0,0.0,73.0,73.0,139.0,24.0,8.0,,,,,,,,,,,,,,,,
,2023,47.0,,72.0,,,,,,,,,,Chapman University,97.0,9.0,3.0,0.0,0.0,150.0,214.0,612.0,32.0,5.0,,,,,,,,,,,,,,,,
,2023,45.0,,139.0,,,,,,,,,,Charleston School of Law,88.0,44.0,21.0,1.0,0.0,40.0,99.0,549.0,12.0,2.0,,,,,,,,,,,,,,,,
,2023,68.0,,195.0,,,,,,,,,,"Chicago, The University of",218.0,36.0,15.0,4.0,2.0,630.0,22.0,720.0,172.0,13.0,,,,,,,,,,,,,,,,
,2023,62.0,,121.0,,,,,,,,,,"Chicago-Kent, Illinois Institute of Technology",139.0,36.0,13.0,11.0,1.0,219.0,111.0,1107.0,18.0,25.0,,,,,,,,,,,,,,,,
,2023,61.0,,78.0,,,,,,,,,,"Cincinnati, University of",145.0,22.0,2.0,2.0,4.0,79.0,214.0,458.0,21.0,22.0,,,,,,,,,,,,,,,,
,2023,60.0,,52.0,,,,,,,,,,"City University of New York, University of",79.0,33.0,11.0,3.0,0.0,268.0,35.0,880.0,21.0,33.0,,,,,,,,,,,,,,,,
,2023,46.0,,116.0,,,,,,,,,,Cleveland State University,103.0,29.0,7.0,0.0,0.0,100.0,109.0,162.0,38.0,8.0,,,,,,,,,,,,,,,,
,2023,68.0,,81.0,,,,,,,,,,"Colorado, University of",125.0,35.0,10.0,3.0,0.0,146.0,172.0,848.0,15.0,11.0,,,,,,,,,,,,,,,,
,2023,80.0,,227.0,,,,,,,,,,Columbia University,366.0,65.0,32.0,14.0,20.0,313.0,872.0,634.0,119.0,35.0,,,,,,,,,,,,,,,,
,2023,44.0,,123.0,,,,,,,,,,"Connecticut, University of",163.0,14.0,10.0,0.0,0.0,157.0,132.0,429.0,43.0,4.0,,,,,,,,,,,,,,,,
,2023,23.0,,248.0,,,,,,,,,,Cooley Law School,134.0,27.0,2.0,0.0,0.0,183.0,118.0,991.0,40.0,21.0,,,,,,,,,,,,,,,,
,2023,62.0,,215.0,,,,,,,,,,Cornell University,244.0,25.0,10.0,4.0,4.0,888.0,68.0,779.0,69.0,28.0,,,,,,,,,,,,,,,,
,2023,60.0,,84.0,,,,,,,,,,Creighton University,92.0,14.0,6.0,5.0,0.0,40.0,36.0,528.0,9.0,26.0,,,,,,,,,,,,,,,,
,2023,40.0,,90.0,,,,,,,,,,"Dayton, University of",69.0,33.0,4.0,0.0,0.0,46.0,66.0,655.0,1.0,9.0,,,,,,,,,,,,,,,,
,2023,77.0,,144.0,,,,,,,,,,"Denver, University of",160.0,44.0,8.0,1.0,0.0,178.0,659.0,640.0,53.0,11.0,,,,,,,,,,,,,,,,
,2023,74.0,,142.0,,,,,,,,,,DePaul University,138.0,16.0,7.0,3.0,0.0,138.0,130.0,715.0,13.0,8.0,,,,,,,,,,,,,,,,
,2023,62.0,,89.0,,,,,,,,,,"Detroit Mercy, University of",114.0,26.0,14.0,6.0,0.0,264.0,88.0,376.0,16.0,14.0,,,,,,,,,,,,,,,,
,2023,25.0,,77.0,,,,,,,,,,"District of Columbia, University of",53.0,9.0,0.0,0.0,0.0,137.0,31.0,158.0,18.0,3.0,,,,,,,,,,,,,,,,
,2023,53.0,,29.0,,,,,,,,,,Drake University,110.0,17.0,3.0,1.0,0.0,135.0,87.0,376.0,11.0,14.0,,,,,,,,,,,,,,,,
,2023,50.0,,111.0,,,,,,,,,,Drexel University,117.0,17.0,4.0,0.0,0.0,40.0,150.0,444.0,35.0,4.0,,,,,,,,,,,,,,,,
,2023,38.0,,178.0,,,,,,,,,,Duke University,254.0,75.0,14.0,11.0,3.0,270.0,75.0,1523.0,64.0,0.0,,,,,,,,,,,,,,,,
,2023,68.0,,72.0,,,,,,,,,,Duquesne University,108.0,35.0,10.0,0.0,0.0,71.0,87.0,389.0,18.0,6.0,,,,,,,,,,,,,,,,
,2023,55.0,,51.0,,,,,,,,,,Elon University,60.0,31.0,2.0,3.0,0.0,42.0,171.0,1176.0,13.0,8.0,,,,,,,,,,,,,,,,
,2023,83.0,,154.0,,,,,,,,,,Emory University,187.0,28.0,14.0,6.0,6.0,100.0,300.0,1671.0,17.0,6.0,,,,,,,,,,,,,,,,
,2023,52.0,,86.0,,,,,,,,,,Faulkner University,62.0,12.0,5.0,0.0,0.0,48.0,44.0,277.0,8.0,16.0,,,,,,,,,,,,,,,,
,2023,40.0,,72.0,,,,,,,,,,Florida A&M University,74.0,17.0,6.0,0.0,0.0,42.0,85.0,372.0,7.0,4.0,,,,,,,,,,,,,,,,
,2023,49.0,,188.0,,,,,,,,,,Florida International University,96.0,21.0,10.0,7.0,0.0,144.0,196.0,1023.0,15.0,49.0,,,,,,,,,,,,,,,,
,2023,42.0,,112.0,,,,,,,,,,Florida State University,147.0,32.0,8.0,5.0,1.0,106.0,156.0,926.0,16.0,30.0,,,,,,,,,,,,,,,,
,2023,53.0,,189.0,,,,,,,,,,"Florida, University of",214.0,49.0,17.0,9.0,4.0,181.0,170.0,1207.0,19.0,10.0,,,,,,,,,,,,,,,,
,2023,46.0,,287.0,,,,,,,,,,Fordham University,284.0,43.0,11.0,11.0,4.0,277.0,301.0,1442.0,181.0,31.0,,,,,,,,,,,,,,,,
,2023,38.0,,225.0,,,,,,,,,,George Mason University,167.0,22.0,16.0,0.0,0.0,190.0,287.0,1049.0,32.0,0.0,,,,,,,,,,,,,,,,
,2023,90.0,,317.0,,,,,,,,,,"George Washington University, The",244.0,107.0,31.0,16.0,10.0,218.0,545.0,2131.0,50.0,75.0,,,,,,,,,,,,,,,,
,2023,109.0,,474.0,,,,,,,,,,Georgetown University,528.0,98.0,43.0,8.0,12.0,691.0,578.0,1659.0,379.0,0.0,,,,,,,,,,,,,,,,
,2023,75.0,,151.0,,,,,,,,,,Georgia State University,149.0,39.0,17.0,4.0,0.0,188.0,145.0,592.0,22.0,16.0,,,,,,,,,,,,,,,,
,2023,57.0,,117.0,,,,,,,,,,"Georgia, University of",158.0,26.0,9.0,1.0,0.0,212.0,248.0,945.0,37.0,12.0,,,,,,,,,,,,,,,,
,2023,27.0,,84.0,,,,,,,,,,Golden Gate University,102.0,22.0,3.0,0.0,0.0,168.0,141.0,370.0,14.0,29.0,,,,,,,,,,,,,,,,
,2023,68.1,,71.0,,,,,,,,,,Gonzaga University,84.0,17.0,19.0,0.0,0.0,122.0,141.0,265.0,18.0,8.0,,,,,,,,,,,,,,,,
,2023,80.0,,257.0,,,,,,,,,,Harvard University,451.0,95.0,24.0,15.0,13.0,729.0,439.0,1212.0,134.0,0.0,,,,,,,,,,,,,,,,
,2023,37.0,,147.0,,,,,,,,,,"Hawaii, University of",107.0,18.0,2.0,1.0,0.0,136.0,74.0,203.0,41.0,9.0,,,,,,,,,,,,,,,,
,2023,64.0,,176.0,,,,,,,,,,Hofstra University,151.0,41.0,12.0,9.0,4.0,150.0,130.0,812.0,34.0,7.0,,,,,,,,,,,,,,,,
,2023,70.0,,163.0,,,,,,,,,,"Houston, University of",195.0,51.0,0.0,14.0,2.0,335.0,133.0,820.0,22.0,17.0,,,,,,,,,,,,,,,,
,2023,55.0,,105.0,,,,,,,,,,Howard University,121.0,10.0,11.0,0.0,0.0,246.0,145.0,342.0,46.0,10.0,,,,,,,,,,,,,,,,
,2023,56.57,,79.0,,,,,,,,,,"Idaho, University of",83.0,22.0,9.0,0.0,0.0,87.0,87.0,420.0,17.0,7.0,,,,,,,,,,,,,,,,
,2023,56.0,,89.0,,,,,,,,,,"Illinois, University of",138.0,32.0,19.0,4.0,6.0,86.0,237.0,341.0,45.0,20.0,,,,,,,,,,,,,,,,
,2023,75.0,,169.0,,,,,,,,,,"Illinois-Chicago, University of",127.0,67.0,21.0,8.0,1.0,207.0,267.0,1376.0,45.0,38.0,,,,,,,,,,,,,,,,
,2023,63.0,,111.0,,,,,,,,,,Indiana University-Bloomington,147.0,23.0,7.0,7.0,1.0,194.0,161.0,948.0,23.0,9.0,,,,,,,,,,,,,,,,
,2023,89.0,,132.0,,,,,,,,,,Indiana University-Indianapolis,276.0,44.0,63.0,8.0,1.0,182.0,209.0,533.0,8.0,23.0,,,,,,,,,,,,,,,,
,2023,33.0,,177.0,,,,,,,,,,Inter American University of Puerto Rico,133.0,78.0,2.0,0.0,0.0,188.0,63.0,452.0,13.0,24.0,,,,,,,,,,,,,,,,
,2023,50.0,,163.0,,,,,,,,,,"Iowa, University of",157.0,29.0,7.0,5.0,1.0,105.0,92.0,446.0,39.0,27.0,,,,,,,,,,,,,,,,
,2023,45.0,,101.0,,,,,,,,,,"Kansas, The University of",97.0,15.0,5.0,2.0,0.0,86.0,96.0,344.0,26.0,23.0,,,,,,,,,,,,,,,,
,2023,60.0,,62.0,,,,,,,,,,"Kentucky, University of",90.0,22.0,7.0,6.0,0.0,67.0,64.0,392.0,8.0,7.0,,,,,,,,,,,,,,,,
,2023,44.0,,132.0,,,,,,,,,,Lewis & Clark Law School,172.0,28.0,12.0,0.0,0.0,125.0,245.0,509.0,44.0,13.0,,,,,,,,,,,,,,,,
,2023,57.0,,59.0,,,,,,,,,,Liberty University,72.0,15.0,11.0,3.0,2.0,32.0,56.0,837.0,9.0,6.0,,,,,,,,,,,,,,,,
,2023,50.0,,47.0,,,,,,,,,,Lincoln Memorial University,59.0,25.0,8.0,0.0,0.0,25.0,99.0,226.0,9.0,3.0,,,,,,,,,,,,,,,,
,2023,69.0,,65.0,,,,,,,,,,Louisiana State University,116.0,33.0,19.0,12.0,0.0,94.0,192.0,380.0,13.0,12.0,,,,,,,,,,,,,,,,
,2023,61.0,,104.0,,,,,,,,,,"Louisville, University of",77.0,13.0,16.0,0.0,0.0,130.0,64.0,316.0,24.0,31.0,,,,,,,,,,,,,,,,
,2023,66.0,,180.0,,,,,,,,,,Loyola Marymount University-Los Angeles,207.0,39.0,12.0,13.0,6.0,552.0,263.0,1829.0,42.0,29.0,,,,,,,,,,,,,,,,
,2023,78.0,,245.0,,,,,,,,,,Loyola University-Chicago,248.0,52.0,11.0,7.0,2.0,203.0,224.0,1526.0,341.0,72.0,,,,,,,,,,,,,,,,
,2023,49.0,,96.0,,,,,,,,,,Loyola University-New Orleans,132.0,32.0,20.0,4.0,0.0,222.0,74.0,862.0,25.0,31.0,,,,,,,,,,,,,,,,
,2023,45.0,,72.0,,,,,,,,,,"Maine, University of",78.0,8.0,4.0,0.0,0.0,55.0,91.0,170.0,15.0,6.0,,,,,,,,,,,,,,,,
,2023,62.0,,95.0,,,,,,,,,,Marquette University,120.0,33.0,17.0,2.0,0.0,68.0,186.0,986.0,13.0,68.0,,,,,,,,,,,,,,,,
,2023,33.0,,151.0,,,,,,,,,,"Maryland, University of",193.0,24.0,20.0,0.0,0.0,312.0,167.0,887.0,69.0,7.0,,,,,,,,,,,,,,,,
,2023,52.0,,53.0,,,,,,,,,,"Massachusetts/Dartmouth, University of",70.0,30.0,6.0,0.0,0.0,71.0,57.0,620.0,13.0,4.0,,,,,,,,,,,,,,,,
,2023,50.0,,61.0,,,,,,,,,,"Memphis, The University of",76.0,14.0,12.0,1.0,0.0,72.0,109.0,180.0,5.0,9.0,,,,,,,,,,,,,,,,
,2023,31.0,,116.0,,,,,,,,,,Mercer University,108.0,28.0,6.0,3.0,0.0,42.0,122.0,702.0,10.0,28.0,,,,,,,,,,,,,,,,
,2023,75.0,,315.0,,,,,,,,,,"Miami, University of",339.0,63.0,23.0,8.0,15.0,175.0,221.0,2076.0,29.0,85.0,,,,,,,,,,,,,,,,
,2023,70.0,,125.0,,,,,,,,,,Michigan State University,144.0,30.0,15.0,8.0,0.0,108.0,86.0,848.0,42.0,8.0,,,,,,,,,,,,,,,,
,2023,70.0,,171.0,,,,,,,,,,"Michigan, University of",229.0,58.0,8.0,6.0,0.0,384.0,103.0,986.0,76.0,12.0,,,,,,,,,,,,,,,,
,2023,33.0,,121.0,,,,,,,,,,"Minnesota, University of",205.0,26.0,6.0,7.0,1.0,264.0,388.0,477.0,82.0,40.0,,,,,,,,,,,,,,,,
,2023,62.0,,42.0,,,,,,,,,,Mississippi College,70.0,21.0,12.0,0.0,0.0,88.0,82.0,128.0,7.0,11.0,,,,,,,,,,,,,,,,
,2023,53.0,,100.0,,,,,,,,,,"Mississippi, The University of",124.0,21.0,11.0,1.0,7.0,137.0,73.0,443.0,26.0,6.0,,,,,,,,,,,,,,,,
,2023,64.0,,66.0,,,,,,,,,,"Missouri, University of",74.0,16.0,8.0,2.0,0.0,73.0,129.0,366.0,8.0,8.0,,,,,,,,,,,,,,,,
,2023,72.0,,208.0,,,,,,,,,,"Missouri-Kansas City, University of",160.0,21.0,10.0,3.0,0.0,182.0,117.0,467.0,16.0,16.0,,,,,,,,,,,,,,,,
,2023,58.0,,191.0,,,,,,,,,,Mitchell/Hamline School of Law,226.0,63.0,27.0,9.0,0.0,298.0,495.0,905.0,14.0,20.0,,,,,,,,,,,,,,,,
,2023,83.0,,62.0,,,,,,,,,,"Montana, University of",120.0,18.0,9.0,0.0,0.0,24.0,101.0,284.0,15.0,14.0,,,,,,,,,,,,,,,,
,2023,73.0,,103.0,,,,,,,,,,"Nebraska, University of",112.0,23.0,4.0,6.0,0.0,85.0,65.0,541.0,19.0,5.0,,,,,,,,,,,,,,,,
,2023,52.0,,102.0,,,,,,,,,,"Nevada-Las Vegas, University of",111.0,21.0,9.0,0.0,2.0,39.0,210.0,658.0,11.0,14.0,,,,,,,,,,,,,,,,
,2023,102.0,,122.0,,,,,,,,,,New England Law/Boston,124.0,37.0,21.0,8.0,3.0,80.0,198.0,1279.0,27.0,2.0,,,,,,,,,,,,,,,,
,2023,60.0,,136.0,,,,,,,,,,"New Hampshire, University of",130.0,26.0,16.0,1.0,0.0,73.0,136.0,940.0,43.0,9.0,,,,,,,,,,,,,,,,
,2023,28.0,,68.0,,,,,,,,,,"New Mexico, The University of",95.0,21.0,3.0,1.0,0.0,104.0,71.0,104.0,19.0,26.0,,,,,,,,,,,,,,,,
,2023,50.0,,161.0,,,,,,,,,,New York Law School,172.0,40.0,26.0,9.0,0.0,361.0,188.0,567.0,57.0,19.0,,,,,,,,,,,,,,,,
,2023,75.0,,214.0,,,,,,,,,,New York University,347.0,78.0,27.0,11.0,10.0,374.0,208.0,383.0,106.0,10.0,,,,,,,,,,,,,,,,
,2023,44.0,,109.0,,,,,,,,,,North Carolina Central University,80.0,33.0,8.0,0.0,1.0,119.0,57.0,464.0,13.0,10.0,,,,,,,,,,,,,,,,
,2023,47.0,,124.0,,,,,,,,,,"North Carolina, University of",133.0,17.0,8.0,7.0,0.0,98.0,160.0,755.0,747.0,7.0,,,,,,,,,,,,,,,,
,2023,84.0,,72.0,,,,,,,,,,"North Dakota, University of",64.0,10.0,2.0,2.0,0.0,10.0,138.0,141.0,8.0,11.0,,,,,,,,,,,,,,,,
,2023,92.0,,104.0,,,,,,,,,,"North Texas at Dallas, University of",40.0,23.0,7.0,1.0,0.0,250.0,52.0,0.0,22.0,7.0,,,,,,,,,,,,,,,,
,2023,68.0,,150.0,,,,,,,,,,Northeastern University,104.0,34.0,24.0,4.0,1.0,355.0,89.0,508.0,23.0,8.0,,,,,,,,,,,,,,,,
,2023,51.0,,33.0,,,,,,,,,,Northern Illinois University,94.0,35.0,22.0,2.0,2.0,112.0,64.0,241.0,9.0,16.0,,,,,,,,,,,,,,,,
,2023,40.0,,102.0,,,,,,,,,,Northern Kentucky University,75.0,12.0,11.0,2.0,0.0,52.0,84.0,222.0,9.0,4.0,,,,,,,,,,,,,,,,
,2023,60.0,,151.0,,,,,,,,,,Northwestern University,235.0,72.0,25.0,0.0,0.0,324.0,171.0,673.0,76.0,2.0,,,,,,,,,,,,,,,,
,2023,55.0,,261.0,,,,,,,,,,"Notre Dame, University of",196.0,30.0,11.0,4.0,0.0,157.0,156.0,448.0,45.0,26.0,,,,,,,,,,,,,,,,
,2023,50.0,,130.0,,,,,,,,,,Nova Southeastern University,100.0,26.0,16.0,1.0,0.0,145.0,95.0,781.0,11.0,4.0,,,,,,,,,,,,,,,,
,2023,59.0,,34.0,,,,,,,,,,Ohio Northern University,58.0,13.0,4.0,0.0,0.0,160.0,32.0,214.0,6.0,2.0,,,,,,,,,,,,,,,,
,2023,74.0,,84.0,,,,,,,,,,Oklahoma City University,97.0,25.0,17.0,0.0,0.0,59.0,125.0,380.0,10.0,27.0,,,,,,,,,,,,,,,,
,2023,43.0,,68.0,,,,,,,,,,"Oklahoma, University of",89.0,19.0,28.0,2.0,0.0,114.0,106.0,391.0,16.0,10.0,,,,,,,,,,,,,,,,
,2023,80.0,,62.0,,,,,,,,,,"Oregon, University of",111.0,33.0,7.0,2.0,1.0,175.0,148.0,356.0,5.0,6.0,,,,,,,,,,,,,,,,
,2023,58.0,,179.0,,,,,,,,,,Pace University,159.0,39.0,11.0,12.0,1.0,100.0,173.0,504.0,30.0,18.0,,,,,,,,,,,,,,,,
,2023,72.0,,111.0,,,,,,,,,,"Pacific, University of the",106.0,23.0,7.0,2.0,0.0,134.0,175.0,817.0,30.0,7.0,,,,,,,,,,,,,,,,
,2023,52.0,,90.0,,,,,,,,,,Penn State Dickinson Law,79.0,21.0,2.0,0.0,0.0,48.0,169.0,276.0,12.0,14.0,,,,,,,,,,,,,,,,
,2023,57.0,,53.0,,,,,,,,,,Penn State University,101.0,22.0,20.0,0.0,2.0,136.0,83.0,430.0,13.0,8.0,,,,,,,,,,,,,,,,
,2023,58.0,,251.0,,,,,,,,,,"Pennsylvania, University of",252.0,51.0,18.0,5.0,3.0,137.0,162.0,1562.0,78.0,32.0,,,,,,,,,,,,,,,,
,2023,60.0,,114.0,,,,,,,,,,Pepperdine University,129.0,50.0,11.0,5.0,0.0,153.0,215.0,1390.0,16.0,31.0,,,,,,,,,,,,,,,,
,2023,41.0,,159.0,,,,,,,,,,"Pittsburgh, University of",163.0,14.0,10.0,1.0,0.0,144.0,90.0,456.0,15.0,19.0,,,,,,,,,,,,,,,,
,2023,25.0,,103.0,,,,,,,,,,Pontifical Catholic University of Puerto Rico,81.0,49.0,1.0,0.0,0.0,100.0,16.0,53.0,11.0,6.0,,,,,,,,,,,,,,,,
,2023,38.0,,157.0,,,,,,,,,,"Puerto Rico, University of",146.0,47.0,10.0,0.0,0.0,290.0,41.0,91.0,27.0,18.0,,,,,,,,,,,,,,,,
,2023,54.0,,161.0,,,,,,,,,,Quinnipiac University,177.0,11.0,3.0,2.0,0.0,134.0,162.0,492.0,20.0,19.0,,,,,,,,,,,,,,,,
,2023,60.0,,87.0,,,,,,,,,,Regent University,71.0,10.0,7.0,6.0,2.0,69.0,147.0,289.0,4.0,5.0,,,,,,,,,,,,,,,,
,2023,41.0,,138.0,,,,,,,,,,"Richmond, University of",142.0,17.0,8.0,3.0,0.0,110.0,109.0,650.0,14.0,4.0,,,,,,,,,,,,,,,,
,2023,77.0,,92.0,,,,,,,,,,Roger Williams University,123.0,16.0,12.0,10.0,1.0,154.0,130.0,539.0,8.0,11.0,,,,,,,,,,,,,,,,
,2023,58.0,,229.0,,,,,,,,,,Rutgers University,223.0,33.0,44.0,6.0,6.0,385.0,172.0,1458.0,50.0,26.0,,,,,,,,,,,,,,,,
,2023,62.0,,110.0,,,,,,,,,,Saint Louis University,137.0,27.0,10.0,9.0,0.0,72.0,112.0,730.0,19.0,21.0,,,,,,,,,,,,,,,,
,2023,48.0,,74.0,,,,,,,,,,Samford University,115.0,39.0,13.0,1.0,0.0,39.0,176.0,872.0,19.0,8.0,,,,,,,,,,,,,,,,
,2023,85.0,,246.0,,,,,,,,,,"San Diego, University of",177.0,45.0,8.0,12.0,1.0,360.0,289.0,916.0,38.0,133.0,,,,,,,,,,,,,,,,
,2023,55.0,,49.0,,,,,,,,,,"San Francisco, University of",69.0,14.0,11.0,1.0,0.0,125.0,101.0,351.0,11.0,11.0,,,,,,,,,,,,,,,,
,2023,62.0,,143.0,,,,,,,,,,Santa Clara University,155.0,49.0,15.0,3.0,0.0,243.0,222.0,686.0,13.0,7.0,,,,,,,,,,,,,,,,
,2023,59.0,,100.0,,,,,,,,,,Seattle University,140.0,27.0,11.0,6.0,0.0,148.0,175.0,450.0,29.0,7.0,,,,,,,,,,,,,,,,
,2023,61.0,,167.0,,,,,,,,,,Seton Hall University,147.0,46.0,23.0,7.0,3.0,160.0,250.0,1111.0,22.0,64.0,,,,,,,,,,,,,,,,
,2023,69.0,,121.0,,,,,,,,,,"South Carolina, University of",144.0,39.0,12.0,2.0,0.0,91.0,52.0,748.0,37.0,39.0,,,,,,,,,,,,,,,,
,2023,43.0,,69.0,,,,,,,,,,"South Dakota, University of",86.0,15.0,4.0,0.0,0.0,24.0,111.0,172.0,10.0,8.0,,,,,,,,,,,,,,,,
,2023,90.0,,162.0,,,,,,,,,,South Texas College of Law Houston,161.0,42.0,22.0,17.0,2.0,311.0,84.0,1923.0,22.0,17.0,,,,,,,,,,,,,,,,
,2023,74.0,,91.0,,,,,,,,,,"Southern California, University of",142.0,34.0,23.0,3.0,3.0,91.0,76.0,880.0,25.0,8.0,,,,,,,,,,,,,,,,
,2023,43.0,,41.0,,,,,,,,,,Southern Illinois University,53.0,17.0,5.0,0.0,0.0,64.0,64.0,285.0,4.0,3.0,,,,,,,,,,,,,,,,
,2023,76.0,,105.0,,,,,,,,,,Southern Methodist University,157.0,30.0,15.0,6.0,2.0,227.0,216.0,545.0,19.0,16.0,,,,,,,,,,,,,,,,
,2023,50.5,,180.0,,,,,,,,,,Southern University,59.0,48.0,25.0,2.0,0.0,507.0,159.0,214.0,3.0,18.0,,,,,,,,,,,,,,,,
,2023,79.0,,114.0,,,,,,,,,,Southwestern Law School,152.0,43.0,27.0,9.0,2.0,156.0,385.0,1265.0,17.0,18.0,,,,,,,,,,,,,,,,
,2023,61.0,,144.0,,,,,,,,,,St. John's University,162.0,35.0,6.0,16.0,0.0,162.0,163.0,942.0,29.0,8.0,,,,,,,,,,,,,,,,
,2023,83.0,,140.0,,,,,,,,,,St. Mary's University,133.0,47.0,8.0,12.0,1.0,90.0,83.0,970.0,14.0,50.0,,,,,,,,,,,,,,,,
,2023,42.0,,137.0,,,,,,,,,,St. Thomas University (Miami),115.0,69.0,31.0,7.0,1.0,42.0,138.0,1147.0,11.0,31.0,,,,,,,,,,,,,,,,
,2023,68.0,,80.0,,,,,,,,,,"St. Thomas, (Minneapolis) University of",109.0,33.0,5.0,1.0,0.0,144.0,772.0,424.0,16.0,10.0,,,,,,,,,,,,,,,,
,2023,30.0,,151.0,,,,,,,,,,Stanford University,265.0,45.0,15.0,7.0,1.0,288.0,44.0,540.0,77.0,8.0,,,,,,,,,,,,,,,,
,2023,79.0,,111.0,,,,,,,,,,Stetson University,180.0,30.0,11.0,1.0,0.0,141.0,287.0,1267.0,21.0,29.0,,,,,,,,,,,,,,,,
,2023,89.0,,197.0,,,,,,,,,,Suffolk University,180.0,43.0,16.0,8.0,3.0,265.0,121.0,1320.0,26.0,29.0,,,,,,,,,,,,,,,,
,2023,37.0,,132.0,,,,,,,,,,Syracuse University,138.0,27.0,7.0,2.0,0.0,190.0,213.0,1570.0,9.0,13.0,,,,,,,,,,,,,,,,
,2023,57.0,,205.0,,,,,,,,,,Temple University,244.0,32.0,8.0,2.0,0.0,223.0,297.0,825.0,60.0,8.0,,,,,,,,,,,,,,,,
,2023,45.0,,130.0,,,,,,,,,,"Tennessee, University of",127.0,16.0,11.0,1.0,0.0,108.0,40.0,513.0,27.0,11.0,,,,,,,,,,,,,,,,
,2023,53.0,,104.0,,,,,,,,,,Texas A&M University,152.0,24.0,13.0,2.0,0.0,181.0,158.0,525.0,44.0,29.0,,,,,,,,,,,,,,,,
,2023,54.0,,138.0,,,,,,,,,,Texas Southern University,72.0,37.0,51.0,4.0,0.0,70.0,132.0,379.0,11.0,3.0,,,,,,,,,,,,,,,,
,2023,51.0,,74.0,,,,,,,,,,Texas Tech University,104.0,19.0,8.0,6.0,0.0,66.0,23.0,331.0,20.0,16.0,,,,,,,,,,,,,,,,
,2023,73.0,,223.0,,,,,,,,,,"Texas, University of",270.0,54.0,18.0,12.0,1.0,353.0,108.0,1607.0,62.0,0.0,,,,,,,,,,,,,,,,
,2023,32.0,,113.0,,,,,,,,,,The Ohio State University,166.0,37.0,10.0,5.0,0.0,152.0,179.0,984.0,18.0,19.0,,,,,,,,,,,,,,,,
,2023,33.0,,39.0,,,,,,,,,,"Toledo, The University of",64.0,17.0,6.0,7.0,0.0,45.0,81.0,211.0,9.0,6.0,,,,,,,,,,,,,,,,
,2023,57.0,,95.0,,,,,,,,,,Touro University,96.0,22.0,12.0,3.0,1.0,200.0,109.0,488.0,8.0,28.0,,,,,,,,,,,,,,,,
,2023,73.0,,183.0,,,,,,,,,,Tulane University,194.0,41.0,12.0,7.0,1.0,216.0,239.0,559.0,23.0,39.0,,,,,,,,,,,,,,,,
,2023,44.0,,43.0,,,,,,,,,,"Tulsa, The University of",71.0,23.0,8.0,0.0,0.0,40.0,169.0,0.0,8.0,15.0,,,,,,,,,,,,,,,,
,2023,40.0,,105.0,,,,,,,,,,"Utah, The University of",116.0,10.0,3.0,0.0,0.0,36.0,128.0,412.0,117.0,13.0,,,,,,,,,,,,,,,,
,2023,57.0,,91.0,,,,,,,,,,Vanderbilt University,179.0,45.0,14.0,4.0,2.0,126.0,81.0,710.0,17.0,33.0,,,,,,,,,,,,,,,,
,2023,70.0,,239.0,,,,,,,,,,Vermont Law School,177.0,21.0,4.0,0.0,0.0,163.0,70.0,612.0,42.0,11.0,,,,,,,,,,,,,,,,
,2023,63.0,,110.0,,,,,,,,,,Villanova University,141.0,24.0,4.0,7.0,3.0,105.0,314.0,636.0,18.0,5.0,,,,,,,,,,,,,,,,
,2023,55.0,,259.0,,,,,,,,,,"Virginia, University of",290.0,44.0,19.0,5.0,2.0,303.0,27.0,1361.0,116.0,0.0,,,,,,,,,,,,,,,,
,2023,40.0,,120.0,,,,,,,,,,Wake Forest University,122.0,23.0,11.0,1.0,0.0,172.0,80.0,750.0,31.0,13.0,,,,,,,,,,,,,,,,
,2023,46.0,,104.0,,,,,,,,,,Washburn University,113.0,21.0,6.0,0.0,0.0,36.0,71.0,497.0,6.0,20.0,,,,,,,,,,,,,,,,
,2023,43.0,,76.0,,,,,,,,,,Washington and Lee University,109.0,11.0,5.0,1.0,0.0,82.0,78.0,580.0,19.0,13.0,,,,,,,,,,,,,,,,
,2023,65.0,,170.0,,,,,,,,,,Washington University (St. Louis),160.0,44.0,15.0,8.0,4.0,163.0,188.0,663.0,19.0,17.0,,,,,,,,,,,,,,,,
,2023,64.0,,114.0,,,,,,,,,,"Washington, University of",145.0,55.0,15.0,1.0,0.0,118.0,147.0,386.0,36.0,8.0,,,,,,,,,,,,,,,,
,2023,39.0,,74.0,,,,,,,,,,Wayne State University,97.0,11.0,8.0,0.0,0.0,104.0,80.0,281.0,10.0,7.0,,,,,,,,,,,,,,,,
,2023,55.0,,64.0,,,,,,,,,,West Virginia University,91.0,23.0,5.0,2.0,0.0,288.0,20.0,284.0,10.0,4.0,,,,,,,,,,,,,,,,
,2023,71.0,,71.0,,,,,,,,,,Western New England University,91.0,22.0,5.0,0.0,0.0,60.0,79.0,292.0,22.0,16.0,,,,,,,,,,,,,,,,
,2023,50.0,,69.0,,,,,,,,,,"Western State, Westcliff University",59.0,16.0,1.0,0.0,0.0,0.0,36.0,252.0,5.0,11.0,,,,,,,,,,,,,,,,
,2023,47.0,,59.0,,,,,,,,,,Widener University Commonwealth Law School,74.0,18.0,5.0,2.0,0.0,72.0,129.0,222.0,6.0,8.0,,,,,,,,,,,,,,,,
,2023,65.0,,72.0,,,,,,,,,,Widener University Delaware Law School,76.0,25.0,15.0,5.0,2.0,75.0,89.0,857.0,3.0,5.0,,,,,,,,,,,,,,,,
,2023,57.0,,84.0,,,,,,,,,,Willamette University,96.0,19.0,6.0,0.0,0.0,60.0,125.0,387.0,31.0,8.0,,,,,,,,,,,,,,,,
,2023,72.0,,218.0,,,,,,,,,,William & Mary,187.0,33.0,18.0,2.0,1.0,153.0,159.0,434.0,25.0,16.0,,,,,,,,,,,,,,,,
,2023,66.0,,85.0,,,,,,,,,,"Wisconsin, University of",133.0,27.0,15.0,12.0,2.0,334.0,230.0,472.0,48.0,19.0,,,,,,,,,,,,,,,,
,2023,67.0,,35.0,,,,,,,,,,"Wyoming, University of",61.0,13.0,3.0,3.0,0.0,95.0,96.0,93.0,5.0,8.0,,,,,,,,,,,,,,,,
,2023,87.0,,162.0,,,,,,,,,,Yale University,203.0,31.0,11.0,0.0,6.0,726.0,44.0,108.0,84.0,0.0,,,,,,,,,,,,,,,,
,2024,35.0,,91.0,,,,,,,,,,"Akron, The University of",98.0,34.0,8.0,2.0,0.0,92.0,69.0,927.0,21.0,23.0,,,,,,,,,,,,,,,,
,2024,53.7,,101.0,,,,,,,,,,"Alabama, The University of",119.0,11.0,4.0,6.0,1.0,288.0,139.0,338.0,23.0,61.0,,,,,,,,,,,,,,,,
,2024,54.0,,87.0,,,,,,,,,,Albany Law School,120.0,21.0,17.0,0.0,1.0,108.0,230.0,334.0,27.0,8.0,,,,,,,,,,,,,,,,
,2024,89.0,,276.0,,,,,,,,,,American University,245.0,39.0,17.0,14.0,0.0,184.0,235.0,874.0,62.0,119.0,,,,,,,,,,,,,,,,
,2024,54.0,,69.0,,,,,,,,,,Appalachian School of Law,74.0,11.0,0.0,0.0,0.0,86.0,53.0,360.0,7.0,2.0,,,,,,,,,,,,,,,,
,2024,43.0,,251.0,,,,,,,,,,Arizona State University,216.0,46.0,11.0,11.0,0.0,231.0,575.0,770.0,43.0,42.0,,,,,,,,,,,,,,,,
,2024,61.0,,200.0,,,,,,,,,,"Arizona, The University of",159.0,15.0,2.0,2.0,0.0,278.0,180.0,1200.0,26.0,53.0,,,,,,,,,,,,,,,,
,2024,76.0,,46.0,,,,,,,,,,"Arkansas at Little Rock, University of",93.0,27.0,6.0,3.0,4.0,120.0,60.0,309.0,16.0,37.0,,,,,,,,,,,,,,,,
,2024,64.75,,105.0,,,,,,,,,,"Arkansas, University of",98.0,22.0,11.0,1.0,0.0,64.0,109.0,234.0,13.0,6.0,,,,,,,,,,,,,,,,
,2024,35.73,,40.0,,,,,,,,,,Atlanta's John Marshall Law School,42.0,31.0,0.0,0.0,0.0,13.0,93.0,207.0,4.0,3.0,,,,,,,,,,,,,,,,
,2024,47.0,,70.0,,,,,,,,,,Ave Maria School of Law,59.0,19.0,3.0,0.0,0.0,32.0,76.0,56.0,11.0,8.0,,,,,,,,,,,,,,,,
,2024,65.0,,111.0,,,,,,,,,,"Baltimore, University of",141.0,36.0,13.0,0.0,0.0,168.0,159.0,308.0,20.0,27.0,,,,,,,,,,,,,,,,
,2024,40.0,,163.0,,,,,,,,,,Barry University,98.0,51.0,20.0,1.0,2.0,132.0,48.0,944.0,15.0,6.0,,,,,,,,,,,,,,,,
,2024,33.7,,121.0,,,,,,,,,,Baylor University,111.0,28.0,15.0,1.0,5.0,132.0,103.0,2025.0,5.0,57.0,,,,,,,,,,,,,,,,
,2024,65.0,,46.0,,,,,,,,,,Belmont University,72.0,9.0,12.0,0.0,4.0,0.0,139.0,819.0,11.0,7.0,,,,,,,,,,,,,,,,
,2024,54.0,,194.0,,,,,,,,,,Boston College,211.0,24.0,14.0,6.0,3.0,269.0,113.0,1548.0,107.0,24.0,,,,,,,,,,,,,,,,
,2024,57.0,,177.0,,,,,,,,,,Boston University,234.0,26.0,9.0,4.0,0.0,622.0,147.0,467.0,57.0,25.0,,,,,,,,,,,,,,,,
,2024,46.0,,90.0,,,,,,,,,,Brigham Young University,117.0,21.0,4.0,0.0,0.0,167.0,121.0,234.0,6.0,12.0,,,,,,,,,,,,,,,,
,2024,62.0,,213.0,,,,,,,,,,Brooklyn Law School,235.0,28.0,20.0,14.0,1.0,520.0,569.0,2160.0,32.0,16.0,,,,,,,,,,,,,,,,
,2024,75.4,,108.0,,,,,,,,,,"Buffalo, University at",140.0,31.0,2.0,2.0,0.0,123.0,70.0,337.0,32.0,2.0,,,,,,,,,,,,,,,,
,2024,73.0,,132.0,,,,,,,,,,California Western School of Law,90.0,20.0,9.0,8.0,6.0,72.0,133.0,990.0,36.0,25.0,,,,,,,,,,,,,,,,
,2024,76.0,,236.0,,,,,,,,,,"California-Berkeley, University of",343.0,69.0,27.0,9.0,9.0,225.0,217.0,1923.0,93.0,42.0,,,,,,,,,,,,,,,,
,2024,56.0,,74.0,,,,,,,,,,"California-Davis, University of",135.0,37.0,7.0,9.0,8.0,110.0,130.0,904.0,24.0,12.0,,,,,,,,,,,,,,,,
,2024,47.4,,83.0,,,,,,,,,,"California-Irvine, University of",155.0,24.0,11.0,2.0,0.0,363.0,122.0,496.0,27.0,8.0,,,,,,,,,,,,,,,,
,2024,58.0,,157.0,,,,,,,,,,"California-Los Angeles, University of",233.0,60.0,20.0,18.0,3.0,285.0,190.0,785.0,62.0,24.0,,,,,,,,,,,,,,,,
,2024,78.0,,196.0,,,,,,,,,,"California-San Francisco, University of",216.0,39.0,15.0,5.0,3.0,258.0,502.0,903.0,48.0,14.0,,,,,,,,,,,,,,,,
,2024,58.0,,96.0,,,,,,,,,,Campbell University,97.0,26.0,15.0,2.0,2.0,132.0,125.0,1401.0,68.0,29.0,,,,,,,,,,,,,,,,
,2024,50.0,,106.0,,,,,,,,,,Capital University Law School,88.0,40.0,12.0,0.0,1.0,78.0,192.0,1455.0,9.0,10.0,,,,,,,,,,,,,,,,
,2024,49.77,,136.0,,,,,,,,,,"Cardozo, Yeshiva University",236.0,40.0,11.0,16.0,5.0,288.0,310.0,1528.0,75.0,34.0,,,,,,,,,,,,,,,,
,2024,77.0,,103.0,,,,,,,,,,Case Western Reserve University,127.0,27.0,9.0,2.0,0.0,120.0,262.0,330.0,11.0,7.0,,,,,,,,,,,,,,,,
,2024,39.0,,96.0,,,,,,,,,,"Catholic University of America, The",105.0,15.0,5.0,1.0,1.0,71.0,89.0,144.0,20.0,10.0,,,,,,,,,,,,,,,,
,2024,47.0,,117.0,,,,,,,,,,Chapman University,96.0,18.0,5.0,0.0,0.0,247.0,202.0,824.0,26.0,6.0,,,,,,,,,,,,,,,,
,2024,50.0,,150.0,,,,,,,,,,Charleston School of Law,108.0,47.0,28.0,0.0,0.0,35.0,117.0,790.0,12.0,1.0,,,,,,,,,,,,,,,,
,2024,65.0,,165.0,,,,,,,,,,"Chicago, The University of",187.0,29.0,17.0,7.0,3.0,640.0,16.0,676.0,143.0,13.0,,,,,,,,,,,,,,,,
,2024,62.0,,131.0,,,,,,,,,,"Chicago-Kent, Illinois Institute of Technology",138.0,31.0,19.0,13.0,0.0,178.0,112.0,2152.0,22.0,27.0,,,,,,,,,,,,,,,,
,2024,65.0,,86.0,,,,,,,,,,"Cincinnati, University of",141.0,30.0,4.0,5.0,0.0,75.0,259.0,491.0,240.0,11.0,,,,,,,,,,,,,,,,
,2024,58.0,,48.0,,,,,,,,,,"City University of New York, University of",114.0,34.0,9.0,3.0,1.0,285.0,61.0,759.0,15.0,28.0,,,,,,,,,,,,,,,,
,2024,37.0,,124.0,,,,,,,,,,Cleveland State University,123.0,30.0,8.0,1.0,0.0,105.0,103.0,185.0,44.0,9.0,,,,,,,,,,,,,,,,
,2024,57.0,,91.0,,,,,,,,,,"Colorado, University of",136.0,36.0,7.0,3.0,0.0,227.0,176.0,1013.0,17.0,22.0,,,,,,,,,,,,,,,,
,2024,75.0,,223.0,,,,,,,,,,Columbia University,325.0,54.0,30.0,13.0,15.0,366.0,998.0,588.0,137.0,19.0,,,,,,,,,,,,,,,,
,2024,45.0,,127.0,,,,,,,,,,"Connecticut, University of",161.0,19.0,8.0,0.0,0.0,180.0,121.0,397.0,43.0,4.0,,,,,,,,,,,,,,,,
,2024,29.0,,252.0,,,,,,,,,,Cooley Law School,107.0,30.0,7.0,0.0,0.0,158.0,145.0,855.0,44.0,22.0,,,,,,,,,,,,,,,,
,2024,48.0,,164.0,,,,,,,,,,Cornell University,260.0,34.0,9.0,5.0,1.0,233.0,260.0,487.0,73.0,0.0,,,,,,,,,,,,,,,,
,2024,51.0,,94.0,,,,,,,,,,Creighton University,88.0,14.0,4.0,4.0,0.0,60.0,40.0,646.0,11.0,24.0,,,,,,,,,,,,,,,,
,2024,89.0,,66.0,,,,,,,,,,"Dayton, University of",60.0,14.0,7.0,2.0,0.0,36.0,83.0,679.0,4.0,11.0,,,,,,,,,,,,,,,,
,2024,79.0,,151.0,,,,,,,,,,"Denver, University of",181.0,43.0,9.0,1.0,0.0,173.0,692.0,562.0,63.0,15.0,,,,,,,,,,,,,,,,
,2024,70.0,,121.0,,,,,,,,,,DePaul University,141.0,19.0,10.0,3.0,0.0,136.0,162.0,576.0,24.0,10.0,,,,,,,,,,,,,,,,
,2024,55.0,,91.0,,,,,,,,,,"Detroit Mercy, University of",107.0,21.0,21.0,0.0,0.0,301.0,97.0,394.0,22.0,13.0,,,,,,,,,,,,,,,,
,2024,29.0,,51.0,,,,,,,,,,"District of Columbia, University of",60.0,11.0,3.0,0.0,0.0,165.0,26.0,210.0,18.0,8.0,,,,,,,,,,,,,,,,
,2024,56.0,,44.0,,,,,,,,,,Drake University,102.0,19.0,2.0,0.0,0.0,120.0,83.0,339.0,14.0,25.0,,,,,,,,,,,,,,,,
,2024,41.0,,109.0,,,,,,,,,,Drexel University,125.0,11.0,5.0,1.0,0.0,78.0,144.0,432.0,19.0,4.0,,,,,,,,,,,,,,,,
,2024,58.0,,175.0,,,,,,,,,,Duke University,243.0,61.0,19.0,6.0,1.0,269.0,88.0,1776.0,71.0,0.0,,,,,,,,,,,,,,,,
,2024,69.0,,79.0,,,,,,,,,,Duquesne University,110.0,39.0,9.0,2.0,0.0,63.0,99.0,445.0,22.0,5.0,,,,,,,,,,,,,,,,
,2024,56.0,,49.0,,,,,,,,,,Elon University,68.0,19.0,6.0,1.0,0.0,42.0,164.0,1190.0,15.0,7.0,,,,,,,,,,,,,,,,
,2024,97.0,,153.0,,,,,,,,,,Emory University,198.0,21.0,13.0,5.0,7.0,103.0,238.0,1280.0,19.0,8.0,,,,,,,,,,,,,,,,
,2024,50.5,,96.0,,,,,,,,,,Faulkner University,54.0,22.0,3.0,0.0,0.0,64.0,66.0,395.0,8.0,18.0,,,,,,,,,,,,,,,,
,2024,36.0,,58.0,,,,,,,,,,Florida A&M University,71.0,21.0,0.0,0.0,0.0,40.0,32.0,296.0,9.0,4.0,,,,,,,,,,,,,,,,
,2024,62.0,,123.0,,,,,,,,,,Florida International University,90.0,22.0,13.0,6.0,0.0,160.0,153.0,874.0,14.0,37.0,,,,,,,,,,,,,,,,
,2024,48.0,,102.0,,,,,,,,,,Florida State University,148.0,20.0,7.0,5.0,0.0,115.0,118.0,683.0,15.0,16.0,,,,,,,,,,,,,,,,
,2024,46.0,,157.0,,,,,,,,,,"Florida, University of",158.0,34.0,21.0,3.0,6.0,195.0,130.0,1033.0,20.0,10.0,,,,,,,,,,,,,,,,
,2024,47.0,,282.0,,,,,,,,,,Fordham University,299.0,39.0,17.0,9.0,4.0,242.0,335.0,1479.0,150.0,26.0,,,,,,,,,,,,,,,,
,2024,24.2,,262.0,,,,,,,,,,George Mason University,189.0,31.0,11.0,0.0,0.0,174.0,306.0,910.0,33.0,0.0,,,,,,,,,,,,,,,,
,2024,78.0,,331.0,,,,,,,,,,"George Washington University, The",277.0,86.0,28.0,15.0,9.0,262.0,480.0,2469.0,62.0,71.0,,,,,,,,,,,,,,,,
,2024,113.0,,481.0,,,,,,,,,,Georgetown University,531.0,98.0,36.0,16.0,11.0,641.0,561.0,1772.0,311.0,0.0,,,,,,,,,,,,,,,,
,2024,70.0,,147.0,,,,,,,,,,Georgia State University,158.0,62.0,30.0,9.0,0.0,159.0,154.0,594.0,23.0,16.0,,,,,,,,,,,,,,,,
,2024,56.0,,112.0,,,,,,,,,,"Georgia, University of",157.0,19.0,11.0,3.0,0.0,218.0,270.0,888.0,45.0,11.0,,,,,,,,,,,,,,,,
,2024,56.52,,62.0,,,,,,,,,,Gonzaga University,92.0,15.0,25.0,0.0,0.0,153.0,148.0,434.0,23.0,9.0,,,,,,,,,,,,,,,,
,2024,80.0,,269.0,,,,,,,,,,Harvard University,478.0,107.0,26.0,11.0,13.0,732.0,484.0,1211.0,127.0,0.0,,,,,,,,,,,,,,,,
,2024,32.0,,143.0,,,,,,,,,,"Hawaii, University of",117.0,9.0,5.0,0.0,0.0,127.0,84.0,204.0,50.0,10.0,,,,,,,,,,,,,,,,
,2024,61.0,,192.0,,,,,,,,,,Hofstra University,152.0,32.0,9.0,7.0,6.0,132.0,93.0,925.0,44.0,16.0,,,,,,,,,,,,,,,,
,2024,70.0,,179.0,,,,,,,,,,"Houston, University of",221.0,40.0,13.0,2.0,0.0,338.0,119.0,772.0,29.0,20.0,,,,,,,,,,,,,,,,
,2024,60.0,,105.0,,,,,,,,,,Howard University,128.0,16.0,9.0,0.0,0.0,264.0,131.0,438.0,39.0,10.0,,,,,,,,,,,,,,,,
,2024,54.45,,92.0,,,,,,,,,,"Idaho, University of",87.0,31.0,5.0,1.0,0.0,148.0,96.0,427.0,16.0,7.0,,,,,,,,,,,,,,,,
,2024,56.0,,91.0,,,,,,,,,,"Illinois, University of",138.0,25.0,12.0,6.0,5.0,96.0,253.0,371.0,46.0,18.0,,,,,,,,,,,,,,,,
,2024,55.0,,129.0,,,,,,,,,,"Illinois-Chicago, University of",127.0,59.0,23.0,6.0,1.0,212.0,268.0,1428.0,42.0,18.0,,,,,,,,,,,,,,,,
,2024,67.0,,126.0,,,,,,,,,,Indiana University-Bloomington,155.0,15.0,10.0,2.0,2.0,201.0,179.0,955.0,21.0,11.0,,,,,,,,,,,,,,,,
,2024,70.0,,179.0,,,,,,,,,,Indiana University-Indianapolis,284.0,44.0,9.0,7.0,0.0,144.0,236.0,634.0,8.0,24.0,,,,,,,,,,,,,,,,
,2024,30.0,,210.0,,,,,,,,,,Inter American University of Puerto Rico,138.0,54.0,4.0,0.0,0.0,206.0,68.0,519.0,19.0,25.0,,,,,,,,,,,,,,,,
,2024,58.0,,141.0,,,,,,,,,,"Iowa, University of",144.0,25.0,5.0,5.0,2.0,105.0,97.0,605.0,28.0,31.0,,,,,,,,,,,,,,,,
,2024,26.0,,15.0,,,,,,,,,,Jacksonville University,14.0,0.0,0.0,0.0,0.0,0.0,10.0,0.0,1.0,0.0,,,,,,,,,,,,,,,,
,2024,40.0,,75.0,,,,,,,,,,"Kansas, The University of",95.0,21.0,2.0,4.0,0.0,110.0,122.0,361.0,10.0,24.0,,,,,,,,,,,,,,,,
,2024,78.0,,65.0,,,,,,,,,,"Kentucky, University of",92.0,17.0,15.0,0.0,0.0,67.0,62.0,458.0,10.0,7.0,,,,,,,,,,,,,,,,
,2024,52.0,,131.0,,,,,,,,,,Lewis & Clark Law School,159.0,27.0,7.0,0.0,0.0,163.0,261.0,433.0,46.0,14.0,,,,,,,,,,,,,,,,
,2024,50.0,,50.0,,,,,,,,,,Liberty University,67.0,10.0,16.0,2.0,3.0,30.0,54.0,857.0,10.0,6.0,,,,,,,,,,,,,,,,
,2024,42.0,,47.0,,,,,,,,,,Lincoln Memorial University,57.0,20.0,10.0,1.0,0.0,28.0,86.0,279.0,7.0,12.0,,,,,,,,,,,,,,,,
,2024,67.0,,69.0,,,,,,,,,,Louisiana State University,99.0,27.0,19.0,12.0,2.0,76.0,187.0,357.0,11.0,12.0,,,,,,,,,,,,,,,,
,2024,59.0,,114.0,,,,,,,,,,"Louisville, University of",85.0,24.0,13.0,0.0,0.0,91.0,104.0,356.0,21.0,27.0,,,,,,,,,,,,,,,,
,2024,68.0,,177.0,,,,,,,,,,Loyola Marymount University-Los Angeles,245.0,49.0,10.0,6.0,6.0,553.0,218.0,1739.0,43.0,29.0,,,,,,,,,,,,,,,,
,2024,63.0,,193.0,,,,,,,,,,Loyola University-Chicago,193.0,60.0,5.0,6.0,2.0,266.0,216.0,1408.0,34.0,76.0,,,,,,,,,,,,,,,,
,2024,49.0,,192.0,,,,,,,,,,Loyola University-New Orleans,127.0,33.0,23.0,3.0,0.0,182.0,66.0,773.0,32.0,40.0,,,,,,,,,,,,,,,,
,2024,79.0,,65.0,,,,,,,,,,"Maine, University of",88.0,12.0,3.0,0.0,0.0,59.0,89.0,220.0,13.0,6.0,,,,,,,,,,,,,,,,
,2024,65.0,,118.0,,,,,,,,,,Marquette University,131.0,22.0,22.0,1.0,0.0,74.0,183.0,1058.0,17.0,66.0,,,,,,,,,,,,,,,,
,2024,55.0,,174.0,,,,,,,,,,"Maryland, University of",206.0,26.0,16.0,0.0,0.0,303.0,146.0,910.0,80.0,12.0,,,,,,,,,,,,,,,,
,2024,46.0,,65.0,,,,,,,,,,"Massachusetts/Dartmouth, University of",70.0,22.0,4.0,0.0,0.0,77.0,76.0,593.0,15.0,4.0,,,,,,,,,,,,,,,,
,2024,37.0,,58.0,,,,,,,,,,"Memphis, The University of",75.0,16.0,9.0,2.0,0.0,45.0,88.0,196.0,9.0,12.0,,,,,,,,,,,,,,,,
,2024,51.0,,75.0,,,,,,,,,,Mercer University,76.0,20.0,13.0,8.0,1.0,42.0,126.0,829.0,4.0,30.0,,,,,,,,,,,,,,,,
,2024,74.0,,308.0,,,,,,,,,,"Miami, University of",328.0,68.0,15.0,9.0,14.0,278.0,248.0,1680.0,23.0,81.0,,,,,,,,,,,,,,,,
,2024,71.0,,147.0,,,,,,,,,,Michigan State University,151.0,22.0,14.0,8.0,0.0,70.0,94.0,775.0,50.0,7.0,,,,,,,,,,,,,,,,
,2024,61.0,,184.0,,,,,,,,,,"Michigan, University of",250.0,55.0,13.0,5.0,1.0,357.0,103.0,779.0,89.0,11.0,,,,,,,,,,,,,,,,
,2024,31.0,,132.0,,,,,,,,,,"Minnesota, University of",221.0,27.0,10.0,5.0,1.0,264.0,383.0,657.0,62.0,38.0,,,,,,,,,,,,,,,,
,2024,61.0,,70.0,,,,,,,,,,Mississippi College,77.0,28.0,10.0,0.0,0.0,97.0,82.0,120.0,11.0,10.0,,,,,,,,,,,,,,,,
,2024,49.0,,80.0,,,,,,,,,,"Mississippi, The University of",145.0,18.0,11.0,4.0,5.0,122.0,78.0,457.0,27.0,12.0,,,,,,,,,,,,,,,,
,2024,44.0,,72.0,,,,,,,,,,"Missouri, University of",91.0,23.0,9.0,0.0,0.0,68.0,80.0,334.0,8.0,8.0,,,,,,,,,,,,,,,,
,2024,54.0,,194.0,,,,,,,,,,"Missouri-Kansas City, University of",151.0,18.0,7.0,8.0,0.0,168.0,124.0,485.0,16.0,16.0,,,,,,,,,,,,,,,,
,2024,57.0,,297.0,,,,,,,,,,Mitchell/Hamline School of Law,199.0,67.0,33.0,10.0,0.0,397.0,569.0,860.0,13.0,20.0,,,,,,,,,,,,,,,,
,2024,88.0,,42.0,,,,,,,,,,"Montana, University of",93.0,17.0,1.0,3.0,0.0,29.0,84.0,257.0,28.0,13.0,,,,,,,,,,,,,,,,
,2024,71.0,,98.0,,,,,,,,,,"Nebraska, University of",136.0,24.0,9.0,3.0,0.0,124.0,95.0,670.0,14.0,8.0,,,,,,,,,,,,,,,,
,2024,59.0,,92.0,,,,,,,,,,"Nevada-Las Vegas, University of",108.0,26.0,4.0,2.0,0.0,56.0,156.0,509.0,8.0,15.0,,,,,,,,,,,,,,,,
,2024,86.0,,103.0,,,,,,,,,,New England Law/Boston,142.0,53.0,27.0,8.0,7.0,65.0,213.0,957.0,39.0,2.0,,,,,,,,,,,,,,,,
,2024,79.0,,123.0,,,,,,,,,,"New Hampshire, University of",147.0,37.0,14.0,2.0,0.0,95.0,165.0,762.0,48.0,31.0,,,,,,,,,,,,,,,,
,2024,29.0,,93.0,,,,,,,,,,"New Mexico, The University of",104.0,17.0,3.0,0.0,0.0,124.0,79.0,104.0,19.0,20.0,,,,,,,,,,,,,,,,
,2024,49.0,,161.0,,,,,,,,,,New York Law School,175.0,54.0,17.0,12.0,1.0,337.0,227.0,595.0,78.0,12.0,,,,,,,,,,,,,,,,
,2024,86.0,,223.0,,,,,,,,,,New York University,361.0,85.0,27.0,10.0,10.0,1042.0,440.0,502.0,116.0,44.0,,,,,,,,,,,,,,,,
,2024,36.0,,124.0,,,,,,,,,,North Carolina Central University,71.0,28.0,5.0,0.0,1.0,153.0,55.0,491.0,5.0,14.0,,,,,,,,,,,,,,,,
,2024,45.0,,99.0,,,,,,,,,,"North Carolina, University of",121.0,23.0,7.0,6.0,2.0,151.0,148.0,668.0,40.0,7.0,,,,,,,,,,,,,,,,
,2024,83.0,,39.0,,,,,,,,,,"North Dakota, University of",68.0,8.0,7.0,0.0,0.0,28.0,120.0,143.0,7.0,17.0,,,,,,,,,,,,,,,,
,2024,50.0,,161.0,,,,,,,,,,"North Texas at Dallas, University of",59.0,44.0,10.0,5.0,0.0,250.0,78.0,0.0,0.0,0.0,,,,,,,,,,,,,,,,
,2024,62.0,,118.0,,,,,,,,,,Northeastern University,113.0,24.0,5.0,4.0,1.0,378.0,169.0,458.0,26.0,4.0,,,,,,,,,,,,,,,,
,2024,27.0,,62.0,,,,,,,,,,Northern Illinois University,84.0,12.0,7.0,3.0,0.0,70.0,65.0,188.0,9.0,2.0,,,,,,,,,,,,,,,,
,2024,49.0,,64.0,,,,,,,,,,Northern Kentucky University,62.0,19.0,4.0,3.0,0.0,42.0,100.0,213.0,9.0,4.0,,,,,,,,,,,,,,,,
,2024,61.0,,183.0,,,,,,,,,,Northwestern University,255.0,72.0,22.0,1.0,0.0,236.0,181.0,840.0,77.0,2.0,,,,,,,,,,,,,,,,
,2024,54.0,,330.0,,,,,,,,,,"Notre Dame, University of",198.0,35.0,8.0,3.0,0.0,184.0,160.0,421.0,36.0,25.0,,,,,,,,,,,,,,,,
,2024,38.0,,129.0,,,,,,,,,,Nova Southeastern University,101.0,21.0,22.0,1.0,0.0,140.0,113.0,798.0,12.0,4.0,,,,,,,,,,,,,,,,
,2024,80.0,,45.0,,,,,,,,,,Ohio Northern University,67.0,15.0,3.0,0.0,0.0,160.0,23.0,402.0,7.0,2.0,,,,,,,,,,,,,,,,
,2024,75.0,,85.0,,,,,,,,,,Oklahoma City University,96.0,19.0,16.0,0.0,0.0,122.0,120.0,408.0,9.0,8.0,,,,,,,,,,,,,,,,
,2024,42.0,,61.0,,,,,,,,,,"Oklahoma, University of",96.0,26.0,20.0,4.0,0.0,104.0,73.0,478.0,15.0,11.0,,,,,,,,,,,,,,,,
,2024,80.0,,67.0,,,,,,,,,,"Oregon, University of",111.0,28.0,7.0,2.0,1.0,199.0,136.0,391.0,11.0,6.0,,,,,,,,,,,,,,,,
,2024,57.0,,185.0,,,,,,,,,,Pace University,166.0,36.0,14.0,10.0,1.0,111.0,153.0,452.0,37.0,38.0,,,,,,,,,,,,,,,,
,2024,86.0,,119.0,,,,,,,,,,"Pacific, University of the",101.0,20.0,9.0,0.0,0.0,134.0,169.0,820.0,27.0,7.0,,,,,,,,,,,,,,,,
,2024,70.0,,67.0,,,,,,,,,,Penn State Dickinson Law,95.0,15.0,7.0,1.0,0.0,48.0,192.0,395.0,15.0,15.0,,,,,,,,,,,,,,,,
,2024,63.0,,55.0,,,,,,,,,,Penn State University,107.0,22.0,23.0,0.0,2.0,155.0,101.0,394.0,15.0,21.0,,,,,,,,,,,,,,,,
,2024,53.25,,207.0,,,,,,,,,,"Pennsylvania, University of",247.0,33.0,15.0,6.0,3.0,145.0,126.0,1611.0,82.0,39.0,,,,,,,,,,,,,,,,
,2024,66.0,,119.0,,,,,,,,,,Pepperdine University,139.0,57.0,10.0,2.0,0.0,176.0,240.0,1487.0,10.0,30.0,,,,,,,,,,,,,,,,
,2024,49.0,,173.0,,,,,,,,,,"Pittsburgh, University of",173.0,15.0,10.0,3.0,0.0,126.0,66.0,422.0,21.0,26.0,,,,,,,,,,,,,,,,
,2024,23.0,,112.0,,,,,,,,,,Pontifical Catholic University of Puerto Rico,105.0,58.0,1.0,0.0,0.0,133.0,40.0,93.0,14.0,8.0,,,,,,,,,,,,,,,,
,2024,42.0,,179.0,,,,,,,,,,"Puerto Rico, University of",73.0,23.0,3.0,0.0,0.0,300.0,51.0,170.0,13.0,5.0,,,,,,,,,,,,,,,,
,2024,46.0,,155.0,,,,,,,,,,Quinnipiac University,160.0,9.0,5.0,1.0,0.0,134.0,148.0,545.0,35.0,21.0,,,,,,,,,,,,,,,,
,2024,51.15,,88.0,,,,,,,,,,Regent University,64.0,16.0,8.0,2.0,3.0,79.0,135.0,355.0,4.0,5.0,,,,,,,,,,,,,,,,
,2024,46.0,,133.0,,,,,,,,,,"Richmond, University of",144.0,14.0,7.0,2.0,0.0,86.0,107.0,550.0,18.0,6.0,,,,,,,,,,,,,,,,
,2024,79.0,,115.0,,,,,,,,,,Roger Williams University,126.0,23.0,7.0,10.0,1.0,142.0,124.0,664.0,13.0,16.0,,,,,,,,,,,,,,,,
,2024,57.0,,233.0,,,,,,,,,,Rutgers University,220.0,54.0,13.0,5.0,5.0,356.0,134.0,1250.0,43.0,25.0,,,,,,,,,,,,,,,,
,2024,62.0,,117.0,,,,,,,,,,Saint Louis University,141.0,24.0,12.0,7.0,1.0,74.0,101.0,820.0,19.0,18.0,,,,,,,,,,,,,,,,
,2024,51.0,,86.0,,,,,,,,,,Samford University,124.0,33.0,13.0,2.0,0.0,90.0,166.0,827.0,21.0,4.0,,,,,,,,,,,,,,,,
,2024,86.0,,122.0,,,,,,,,,,"San Diego, University of",167.0,33.0,10.0,8.0,3.0,446.0,339.0,882.0,41.0,166.0,,,,,,,,,,,,,,,,
,2024,81.0,,61.0,,,,,,,,,,"San Francisco, University of",82.0,17.0,12.0,0.0,0.0,130.0,110.0,447.0,15.0,13.0,,,,,,,,,,,,,,,,
,2024,48.0,,140.0,,,,,,,,,,Santa Clara University,164.0,34.0,16.0,2.0,0.0,286.0,227.0,618.0,11.0,13.0,,,,,,,,,,,,,,,,
,2024,60.0,,117.0,,,,,,,,,,Seattle University,150.0,39.0,12.0,2.0,0.0,152.0,220.0,425.0,39.0,7.0,,,,,,,,,,,,,,,,
,2024,60.0,,168.0,,,,,,,,,,Seton Hall University,148.0,53.0,10.0,7.0,3.0,166.0,210.0,1329.0,26.0,63.0,,,,,,,,,,,,,,,,
,2024,69.0,,129.0,,,,,,,,,,"South Carolina, University of",150.0,38.0,12.0,2.0,0.0,71.0,73.0,871.0,30.0,29.0,,,,,,,,,,,,,,,,
,2024,43.0,,59.0,,,,,,,,,,"South Dakota, University of",79.0,13.0,4.0,3.0,0.0,24.0,208.0,92.0,7.0,8.0,,,,,,,,,,,,,,,,
,2024,90.0,,171.0,,,,,,,,,,South Texas College of Law Houston,162.0,36.0,23.0,23.0,0.0,332.0,96.0,1935.0,24.0,20.0,,,,,,,,,,,,,,,,
,2024,64.68,,106.0,,,,,,,,,,"Southern California, University of",159.0,19.0,6.0,1.0,2.0,154.0,101.0,860.0,25.0,12.0,,,,,,,,,,,,,,,,
,2024,53.0,,54.0,,,,,,,,,,Southern Illinois University,51.0,10.0,8.0,0.0,0.0,39.0,42.0,332.0,5.0,3.0,,,,,,,,,,,,,,,,
,2024,65.0,,107.0,,,,,,,,,,Southern Methodist University,154.0,32.0,13.0,7.0,3.0,222.0,234.0,562.0,18.0,15.0,,,,,,,,,,,,,,,,
,2024,43.0,,124.0,,,,,,,,,,Southern University,74.0,69.0,19.0,0.0,0.0,526.0,142.0,259.0,8.0,14.0,,,,,,,,,,,,,,,,
,2024,85.0,,106.0,,,,,,,,,,Southwestern Law School,138.0,39.0,31.0,14.0,2.0,144.0,365.0,1290.0,17.0,19.0,,,,,,,,,,,,,,,,
,2024,56.0,,150.0,,,,,,,,,,St. John's University,167.0,35.0,9.0,14.0,0.0,162.0,162.0,884.0,43.0,11.0,,,,,,,,,,,,,,,,
,2024,85.0,,140.0,,,,,,,,,,St. Mary's University,139.0,48.0,7.0,12.0,1.0,73.0,84.0,940.0,13.0,43.0,,,,,,,,,,,,,,,,
,2024,45.0,,182.0,,,,,,,,,,St. Thomas University (Miami),112.0,44.0,16.0,1.0,1.0,39.0,70.0,495.0,15.0,4.0,,,,,,,,,,,,,,,,
,2024,60.9,,88.0,,,,,,,,,,"St. Thomas, (Minneapolis) University of",116.0,30.0,3.0,1.0,0.0,134.0,792.0,426.0,18.0,11.0,,,,,,,,,,,,,,,,
,2024,30.0,,157.0,,,,,,,,,,Stanford University,304.0,45.0,15.0,3.0,2.0,347.0,64.0,499.0,85.0,9.0,,,,,,,,,,,,,,,,
,2024,74.16,,291.0,,,,,,,,,,Stetson University,182.0,38.0,23.0,6.0,0.0,339.0,126.0,1170.0,20.0,27.0,,,,,,,,,,,,,,,,
,2024,99.5,,239.0,,,,,,,,,,Suffolk University,212.0,40.0,17.0,12.0,5.0,220.0,156.0,1328.0,34.0,27.0,,,,,,,,,,,,,,,,
,2024,33.0,,147.0,,,,,,,,,,Syracuse University,140.0,31.0,11.0,0.0,0.0,183.0,210.0,1721.0,9.0,12.0,,,,,,,,,,,,,,,,
,2024,58.0,,205.0,,,,,,,,,,Temple University,238.0,23.0,8.0,1.0,0.0,229.0,287.0,986.0,69.0,7.0,,,,,,,,,,,,,,,,
,2024,55.0,,102.0,,,,,,,,,,"Tennessee, University of",114.0,20.0,7.0,1.0,0.0,102.0,57.0,469.0,21.0,16.0,,,,,,,,,,,,,,,,
,2024,57.0,,125.0,,,,,,,,,,Texas A&M University,156.0,23.0,7.0,1.0,1.0,171.0,166.0,596.0,55.0,28.0,,,,,,,,,,,,,,,,
,2024,54.0,,138.0,,,,,,,,,,Texas Southern University,72.0,37.0,51.0,4.0,0.0,70.0,132.0,379.0,11.0,3.0,,,,,,,,,,,,,,,,
,2024,51.0,,80.0,,,,,,,,,,Texas Tech University,105.0,11.0,13.0,2.0,0.0,66.0,22.0,342.0,20.0,13.0,,,,,,,,,,,,,,,,
,2024,66.0,,217.0,,,,,,,,,,"Texas, University of",271.0,53.0,19.0,4.0,4.0,387.0,101.0,1378.0,55.0,0.0,,,,,,,,,,,,,,,,
,2024,32.0,,106.0,,,,,,,,,,The Ohio State University,133.0,23.0,13.0,1.0,0.0,120.0,153.0,1056.0,22.0,32.0,,,,,,,,,,,,,,,,
,2024,42.0,,32.0,,,,,,,,,,"Toledo, The University of",61.0,21.0,9.0,3.0,0.0,62.0,78.0,146.0,10.0,5.0,,,,,,,,,,,,,,,,
,2024,53.0,,81.0,,,,,,,,,,Touro University,84.0,22.0,11.0,1.0,3.0,156.0,115.0,441.0,15.0,22.0,,,,,,,,,,,,,,,,
,2024,69.0,,206.0,,,,,,,,,,Tulane University,231.0,41.0,17.0,3.0,3.0,185.0,229.0,627.0,19.0,21.0,,,,,,,,,,,,,,,,
,2024,39.0,,53.0,,,,,,,,,,"Tulsa, The University of",78.0,24.0,6.0,0.0,0.0,60.0,204.0,0.0,10.0,15.0,,,,,,,,,,,,,,,,
,2024,42.0,,106.0,,,,,,,,,,"Utah, The University of",116.0,9.0,5.0,0.0,0.0,56.0,116.0,366.0,104.0,13.0,,,,,,,,,,,,,,,,
,2024,65.0,,114.0,,,,,,,,,,Vanderbilt University,191.0,49.0,5.0,3.0,1.0,102.0,69.0,1112.0,15.0,32.0,,,,,,,,,,,,,,,,
,2024,50.0,,179.0,,,,,,,,,,Vermont Law School,143.0,14.0,10.0,0.0,0.0,170.0,87.0,709.0,38.0,9.0,,,,,,,,,,,,,,,,
,2024,62.0,,112.0,,,,,,,,,,Villanova University,143.0,25.0,3.0,6.0,4.0,121.0,325.0,616.0,14.0,5.0,,,,,,,,,,,,,,,,
,2024,53.0,,266.0,,,,,,,,,,"Virginia, University of",340.0,33.0,21.0,10.0,1.0,427.0,49.0,1347.0,119.0,0.0,,,,,,,,,,,,,,,,
,2024,44.0,,109.0,,,,,,,,,,Wake Forest University,139.0,5.0,2.0,2.0,0.0,186.0,76.0,1001.0,32.0,20.0,,,,,,,,,,,,,,,,
,2024,51.83,,85.0,,,,,,,,,,Washburn University,108.0,20.0,6.0,0.0,0.0,36.0,75.0,615.0,10.0,17.0,,,,,,,,,,,,,,,,
,2024,42.0,,89.0,,,,,,,,,,Washington and Lee University,106.0,25.0,6.0,1.0,0.0,40.0,71.0,723.0,23.0,8.0,,,,,,,,,,,,,,,,
,2024,62.0,,159.0,,,,,,,,,,Washington University (St. Louis),153.0,43.0,21.0,10.0,1.0,203.0,203.0,697.0,20.0,18.0,,,,,,,,,,,,,,,,
,2024,72.0,,129.0,,,,,,,,,,"Washington, University of",162.0,43.0,18.0,2.0,0.0,129.0,181.0,487.0,42.0,6.0,,,,,,,,,,,,,,,,
,2024,32.0,,68.0,,,,,,,,,,Wayne State University,103.0,16.0,8.0,1.0,0.0,101.0,89.0,254.0,12.0,7.0,,,,,,,,,,,,,,,,
,2024,55.0,,48.0,,,,,,,,,,West Virginia University,86.0,19.0,12.0,2.0,3.0,165.0,26.0,318.0,9.0,4.0,,,,,,,,,,,,,,,,
,2024,74.0,,83.0,,,,,,,,,,Western New England University,96.0,20.0,6.0,0.0,0.0,60.0,68.0,374.0,27.0,11.0,,,,,,,,,,,,,,,,
,2024,33.0,,78.0,,,,,,,,,,"Western State, Westcliff University",67.0,23.0,5.0,0.0,0.0,10.0,79.0,327.0,6.0,13.0,,,,,,,,,,,,,,,,
,2024,47.0,,56.0,,,,,,,,,,Widener University Commonwealth Law School,72.0,21.0,10.0,0.0,0.0,72.0,116.0,282.0,9.0,7.0,,,,,,,,,,,,,,,,
,2024,69.0,,82.0,,,,,,,,,,Widener University Delaware Law School,84.0,26.0,16.0,5.0,2.0,57.0,106.0,1074.0,3.0,8.0,,,,,,,,,,,,,,,,
,2024,59.0,,92.0,,,,,,,,,,Willamette University,96.0,14.0,6.0,2.0,0.0,56.0,143.0,366.0,24.0,11.0,,,,,,,,,,,,,,,,
,2024,56.0,,168.0,,,,,,,,,,William & Mary,178.0,26.0,9.0,3.0,2.0,179.0,161.0,168.0,25.0,13.0,,,,,,,,,,,,,,,,
,2024,56.0,,90.0,,,,,,,,,,"Wisconsin, University of",140.0,36.0,16.0,10.0,0.0,328.0,246.0,652.0,35.0,33.0,,,,,,,,,,,,,,,,
,2024,83.0,,34.0,,,,,,,,,,"Wyoming, University of",68.0,12.0,6.0,0.0,0.0,109.0,90.0,70.0,5.0,5.0,,,,,,,,,,,,,,,,
,2024,36.0,,170.0,,,,,,,,,,Yale University,217.0,41.0,10.0,1.0,3.0,486.0,54.0,176.0,94.0,0.0,,,,,,,,,,,,,,,,
,2025,,,,,,,,,,,,,"Akron, The University of",,,,,,,,,,24.0,8.0,8.0,12.0,0.0,1.0,88.0,96.0,32.0,6.0,3.0,0.0,120.0,46.0,35.0,922.0,534.0
,2025,,,,,,,,,,,,,"Alabama, The University of",,,,,,,,,,29.0,2.0,3.0,14.0,0.0,0.0,133.0,108.0,21.0,5.0,4.0,0.0,216.0,187.0,136.0,604.0,568.0
,2025,,,,,,,,,,,,,Albany Law School,,,,,,,,,,10.0,14.0,13.0,17.0,0.0,0.0,95.0,81.0,25.0,11.0,4.0,2.0,72.0,68.0,405.0,383.0,321.0
,2025,,,,,,,,,,,,,American University,,,,,,,,,,87.0,0.0,8.0,6.0,24.0,0.0,306.0,477.0,11.0,11.0,4.0,0.0,181.0,181.0,261.0,774.0,619.0
,2025,,,,,,,,,,,,,Appalachian School of Law,,,,,,,,,,2.0,8.0,1.0,11.0,0.0,0.0,65.0,64.0,13.0,1.0,0.0,0.0,50.0,10.0,48.0,375.0,218.0
,2025,,,,,,,,,,,,,Arizona State University,,,,,,,,,,40.0,0.0,1.0,12.0,12.0,0.0,203.0,228.0,26.0,12.0,6.0,0.0,206.0,117.0,535.0,827.0,631.0
,2025,,,,,,,,,,,,,"Arizona, The University of",,,,,,,,,,68.0,3.0,7.0,2.0,1.0,3.0,144.0,149.0,18.0,0.0,2.0,1.0,275.0,218.0,120.0,1573.0,1105.0
,2025,,,,,,,,,,,,,"Arkansas at Little Rock, University of",,,,,,,,,,36.0,0.0,13.0,0.0,9.0,0.0,75.0,69.0,17.0,5.0,6.0,1.0,112.0,88.0,50.0,272.0,266.0
,2025,,,,,,,,,,,,,"Arkansas, University of",,,,,,,,,,7.0,0.0,0.0,12.0,0.0,0.0,88.0,79.0,23.0,12.0,0.0,0.0,60.0,51.0,111.0,180.0,177.0
,2025,,,,,,,,,,,,,Atlanta's John Marshall Law School,,,,,,,,,,2.0,9.0,15.0,8.0,0.0,1.0,43.0,42.0,35.0,1.0,2.0,0.0,0.0,0.0,143.0,313.0,272.0
,2025,,,,,,,,,,,,,Ave Maria School of Law,,,,,,,,,,6.0,1.0,2.0,10.0,0.0,0.0,67.0,72.0,11.0,6.0,0.0,0.0,62.0,34.0,67.0,91.0,70.0
,2025,,,,,,,,,,,,,"Baltimore, University of",,,,,,,,,,19.0,2.0,18.0,16.0,0.0,0.0,130.0,99.0,42.0,16.0,0.0,0.0,150.0,149.0,158.0,420.0,326.0
,2025,,,,,,,,,,,,,Barry University,,,,,,,,,,6.0,2.0,40.0,0.0,0.0,0.0,95.0,149.0,58.0,10.0,4.0,0.0,132.0,70.0,73.0,787.0,692.0
,2025,,,,,,,,,,,,,Baylor University,,,,,,,,,,55.0,0.0,12.0,12.0,8.0,1.0,131.0,136.0,18.0,13.0,1.0,0.0,140.0,129.0,100.0,2185.0,1636.0
,2025,,,,,,,,,,,,,Belmont University,,,,,,,,,,9.0,0.0,0.0,12.0,0.0,2.0,73.0,45.0,18.0,7.0,0.0,3.0,4.0,4.0,138.0,821.0,694.0
,2025,,,,,,,,,,,,,Boston College,,,,,,,,,,10.0,24.0,12.0,18.0,0.0,0.0,202.0,216.0,17.0,10.0,5.0,2.0,221.0,169.0,101.0,1516.0,1168.0
,2025,,,,,,,,,,,,,Boston University,,,,,,,,,,12.0,0.0,12.0,11.0,1.0,0.0,235.0,192.0,14.0,7.0,1.0,1.0,251.0,211.0,117.0,458.0,327.0
,2025,,,,,,,,,,,,,Brigham Young University,,,,,,,,,,16.0,0.0,6.0,10.0,0.0,2.0,119.0,98.0,14.0,5.0,0.0,0.0,150.0,110.0,182.0,313.0,237.0
,2025,,,,,,,,,,,,,Brooklyn Law School,,,,,,,,,,16.0,2.0,9.0,5.0,19.0,0.0,227.0,180.0,34.0,23.0,9.0,0.0,597.0,357.0,460.0,2060.0,1546.0
,2025,,,,,,,,,,,,,"Buffalo, University at",,,,,,,,,,2.0,0.0,2.0,8.0,4.0,2.0,134.0,118.0,23.0,4.0,1.0,0.0,162.0,116.0,69.0,631.0,331.0
,2025,,,,,,,,,,,,,California Western School of Law,,,,,,,,,,18.0,9.0,10.0,9.0,9.0,0.0,87.0,114.0,25.0,9.0,6.0,7.0,92.0,63.0,103.0,883.0,783.0
,2025,,,,,,,,,,,,,"California-Berkeley, University of",,,,,,,,,,53.0,0.0,12.0,0.0,15.0,0.0,289.0,207.0,50.0,21.0,7.0,4.0,194.0,194.0,191.0,1551.0,1314.0
,2025,,,,,,,,,,,,,"California-Davis, University of",,,,,,,,,,12.0,5.0,10.0,21.0,1.0,0.0,128.0,63.0,41.0,7.0,6.0,6.0,108.0,97.0,131.0,787.0,704.0
,2025,,,,,,,,,,,,,"California-Irvine, University of",,,,,,,,,,8.0,0.0,4.0,15.0,0.0,0.0,164.0,93.0,23.0,7.0,3.0,0.0,341.0,293.0,104.0,701.0,616.0
,2025,,,,,,,,,,,,,"California-Los Angeles, University of",,,,,,,,,,24.0,0.0,6.0,6.0,13.0,0.0,232.0,176.0,39.0,26.0,9.0,0.0,257.0,217.0,145.0,711.0,616.0
,2025,,,,,,,,,,,,,"California-San Francisco, University of",,,,,,,,,,14.0,5.0,4.0,10.0,22.0,0.0,211.0,212.0,26.0,10.0,10.0,2.0,145.0,120.0,312.0,987.0,794.0
,2025,,,,,,,,,,,,,Campbell University,,,,,,,,,,29.0,0.0,0.0,18.0,0.0,0.0,96.0,104.0,29.0,10.0,3.0,2.0,154.0,122.0,183.0,1409.0,927.0
,2025,,,,,,,,,,,,,Capital University Law School,,,,,,,,,,7.0,5.0,5.0,11.0,4.0,0.0,83.0,90.0,24.0,16.0,0.0,0.0,50.0,40.0,142.0,1094.0,659.0
,2025,,,,,,,,,,,,,"Cardozo, Yeshiva University",,,,,,,,,,35.0,0.0,8.0,9.0,8.0,13.0,245.0,162.0,28.0,15.0,9.0,4.0,294.0,263.0,375.0,1126.0,815.0
,2025,,,,,,,,,,,,,Case Western Reserve University,,,,,,,,,,13.0,12.0,5.0,2.0,10.0,0.0,132.0,99.0,23.0,10.0,3.0,0.0,110.0,109.0,287.0,617.0,612.0
,2025,,,,,,,,,,,,,"Catholic University of America, The",,,,,,,,,,10.0,3.0,7.0,10.0,0.0,1.0,102.0,84.0,10.0,8.0,1.0,0.0,97.0,77.0,119.0,243.0,165.0
,2025,,,,,,,,,,,,,Chapman University,,,,,,,,,,4.0,12.0,24.0,0.0,0.0,0.0,87.0,104.0,20.0,5.0,0.0,0.0,155.0,68.0,196.0,765.0,636.0
,2025,,,,,,,,,,,,,Charleston School of Law,,,,,,,,,,1.0,0.0,0.0,32.0,0.0,0.0,106.0,160.0,41.0,30.0,0.0,0.0,53.0,53.0,103.0,718.0,605.0
,2025,,,,,,,,,,,,,"Chicago, The University of",,,,,,,,,,14.0,0.0,1.0,24.0,2.0,0.0,217.0,184.0,37.0,19.0,4.0,2.0,625.0,589.0,32.0,764.0,656.0
,2025,,,,,,,,,,,,,"Chicago-Kent, Illinois Institute of Technology",,,,,,,,,,36.0,6.0,1.0,14.0,1.0,2.0,133.0,187.0,38.0,10.0,9.0,0.0,228.0,212.0,123.0,991.0,824.0
,2025,,,,,,,,,,,,,"Cincinnati, University of",,,,,,,,,,5.0,0.0,0.0,13.0,3.0,0.0,146.0,109.0,15.0,8.0,3.0,1.0,64.0,62.0,137.0,225.0,219.0
,2025,,,,,,,,,,,,,"City University of New York, University of",,,,,,,,,,29.0,3.0,7.0,9.0,5.0,0.0,121.0,41.0,19.0,5.0,2.0,0.0,323.0,301.0,36.0,686.0,590.0
,2025,,,,,,,,,,,,,Cleveland State University,,,,,,,,,,8.0,6.0,12.0,13.0,0.0,2.0,89.0,127.0,22.0,8.0,0.0,0.0,103.0,83.0,90.0,207.0,175.0
,2025,,,,,,,,,,,,,"Colorado, University of",,,,,,,,,,22.0,0.0,0.0,21.0,0.0,0.0,133.0,100.0,30.0,8.0,5.0,0.0,143.0,117.0,165.0,694.0,550.0
,2025,,,,,,,,,,,,,Columbia University,,,,,,,,,,18.0,0.0,19.0,9.0,7.0,13.0,275.0,214.0,41.0,22.0,8.0,11.0,305.0,205.0,1127.0,708.0,638.0
,2025,,,,,,,,,,,,,"Connecticut, University of",,,,,,,,,,3.0,7.0,11.0,12.0,0.0,0.0,160.0,130.0,13.0,5.0,0.0,0.0,148.0,127.0,104.0,461.0,442.0
,2025,,,,,,,,,,,,,Cooley Law School,,,,,,,,,,0.0,49.0,19.0,6.0,0.0,0.0,113.0,210.0,30.0,5.0,8.0,1.0,198.0,50.0,192.0,0.0,0.0
,2025,,,,,,,,,,,,,Cornell University,,,,,,,,,,0.0,1.0,10.0,9.0,4.0,2.0,259.0,241.0,28.0,7.0,3.0,6.0,290.0,290.0,234.0,450.0,349.0
,2025,,,,,,,,,,,,,Creighton University,,,,,,,,,,19.0,4.0,0.0,7.0,3.0,1.0,95.0,85.0,24.0,2.0,4.0,0.0,64.0,47.0,55.0,534.0,462.0
,2025,,,,,,,,,,,,,"Dayton, University of",,,,,,,,,,10.0,4.0,10.0,1.0,9.0,0.0,61.0,74.0,22.0,1.0,7.0,0.0,42.0,39.0,71.0,662.0,369.0
,2025,,,,,,,,,,,,,"Denver, University of",,,,,,,,,,17.0,0.0,6.0,1.0,17.0,0.0,183.0,164.0,36.0,10.0,1.0,0.0,256.0,207.0,723.0,680.0,500.0
,2025,,,,,,,,,,,,,DePaul University,,,,,,,,,,10.0,9.0,4.0,13.0,3.0,0.0,135.0,127.0,22.0,6.0,3.0,0.0,162.0,124.0,163.0,497.0,305.0
,2025,,,,,,,,,,,,,"Detroit Mercy, University of",,,,,,,,,,15.0,1.0,7.0,3.0,6.0,0.0,108.0,83.0,23.0,20.0,1.0,0.0,297.0,235.0,119.0,525.0,448.0
,2025,,,,,,,,,,,,,"District of Columbia, University of",,,,,,,,,,9.0,10.0,11.0,0.0,0.0,0.0,63.0,57.0,7.0,3.0,0.0,0.0,158.0,152.0,49.0,185.0,163.0
,2025,,,,,,,,,,,,,Drake University,,,,,,,,,,22.0,11.0,0.0,14.0,0.0,2.0,123.0,108.0,17.0,7.0,1.0,0.0,145.0,87.0,91.0,266.0,193.0
,2025,,,,,,,,,,,,,Drexel University,,,,,,,,,,4.0,6.0,1.0,12.0,2.0,0.0,120.0,106.0,6.0,8.0,0.0,0.0,80.0,73.0,120.0,400.0,318.0
,2025,,,,,,,,,,,,,Duke University,,,,,,,,,,0.0,0.0,6.0,0.0,14.0,0.0,241.0,216.0,69.0,11.0,7.0,1.0,297.0,234.0,69.0,1564.0,1436.0
,2025,,,,,,,,,,,,,Duquesne University,,,,,,,,,,5.0,0.0,11.0,17.0,0.0,0.0,125.0,105.0,28.0,12.0,0.0,0.0,59.0,46.0,97.0,435.0,343.0
,2025,,,,,,,,,,,,,Elon University,,,,,,,,,,9.0,0.0,12.0,11.0,10.0,1.0,62.0,53.0,19.0,7.0,1.0,0.0,54.0,50.0,161.0,123.0,1218.0
,2025,,,,,,,,,,,,,Emory University,,,,,,,,,,9.0,0.0,0.0,0.0,27.0,3.0,181.0,160.0,22.0,16.0,9.0,3.0,98.0,79.0,236.0,1316.0,1081.0
,2025,,,,,,,,,,,,,Faulkner University,,,,,,,,,,21.0,0.0,18.0,6.0,0.0,0.0,49.0,118.0,12.0,7.0,0.0,0.0,64.0,32.0,65.0,278.0,222.0
,2025,,,,,,,,,,,,,Florida A&M University,,,,,,,,,,2.0,22.0,12.0,0.0,0.0,0.0,68.0,72.0,23.0,4.0,0.0,0.0,60.0,27.0,82.0,323.0,260.0
,2025,,,,,,,,,,,,,Florida International University,,,,,,,,,,39.0,1.0,7.0,8.0,7.0,0.0,93.0,193.0,27.0,13.0,6.0,0.0,152.0,72.0,238.0,1086.0,663.0
,2025,,,,,,,,,,,,,Florida State University,,,,,,,,,,21.0,0.0,18.0,3.0,0.0,0.0,142.0,136.0,17.0,5.0,3.0,1.0,82.0,60.0,96.0,639.0,432.0
,2025,,,,,,,,,,,,,"Florida, University of",,,,,,,,,,15.0,0.0,12.0,14.0,1.0,1.0,159.0,176.0,36.0,14.0,4.0,3.0,181.0,131.0,155.0,1437.0,1241.0
,2025,,,,,,,,,,,,,Fordham University,,,,,,,,,,33.0,0.0,16.0,5.0,24.0,0.0,285.0,294.0,45.0,15.0,5.0,5.0,271.0,268.0,308.0,1647.0,1378.0
,2025,,,,,,,,,,,,,George Mason University,,,,,,,,,,0.0,8.0,13.0,7.0,0.0,0.0,153.0,240.0,20.0,3.0,0.0,0.0,124.0,101.0,270.0,686.0,541.0
,2025,,,,,,,,,,,,,"George Washington University, The",,,,,,,,,,51.0,0.0,11.0,1.0,33.0,3.0,269.0,348.0,73.0,18.0,10.0,9.0,232.0,232.0,497.0,3708.0,2046.0
,2025,,,,,,,,,,,,,Georgetown University,,,,,,,,,,0.0,15.0,17.0,40.0,0.0,11.0,536.0,535.0,62.0,36.0,13.0,14.0,606.0,575.0,553.0,1556.0,1411.0
,2025,,,,,,,,,,,,,Georgia State University,,,,,,,,,,3.0,20.0,18.0,12.0,8.0,0.0,155.0,155.0,64.0,30.0,10.0,0.0,160.0,154.0,155.0,594.0,155.0
,2025,,,,,,,,,,,,,"Georgia, University of",,,,,,,,,,13.0,0.0,0.0,24.0,0.0,0.0,146.0,105.0,25.0,10.0,1.0,0.0,209.0,171.0,244.0,900.0,694.0
,2025,,,,,,,,,,,,,Gonzaga University,,,,,,,,,,14.0,5.0,12.0,18.0,0.0,0.0,116.0,74.0,19.0,23.0,1.0,0.0,169.0,142.0,191.0,554.0,417.0
,2025,,,,,,,,,,,,,Harvard University,,,,,,,,,,0.0,0.0,0.0,2.0,51.0,1.0,458.0,252.0,94.0,35.0,11.0,14.0,807.0,791.0,481.0,1143.0,905.0
,2025,,,,,,,,,,,,,"Hawaii, University of",,,,,,,,,,11.0,2.0,12.0,4.0,0.0,0.0,111.0,181.0,14.0,4.0,0.0,0.0,190.0,185.0,88.0,265.0,168.0
,2025,,,,,,,,,,,,,Hofstra University,,,,,,,,,,16.0,6.0,6.0,0.0,15.0,1.0,155.0,223.0,36.0,14.0,9.0,2.0,122.0,117.0,120.0,1110.0,891.0
,2025,,,,,,,,,,,,,"Houston, University of",,,,,,,,,,15.0,8.0,13.0,0.0,18.0,0.0,211.0,186.0,44.0,11.0,3.0,0.0,359.0,143.0,121.0,1136.0,828.0
,2025,,,,,,,,,,,,,Howard University,,,,,,,,,,6.0,0.0,0.0,21.0,0.0,0.0,169.0,129.0,18.0,10.0,0.0,0.0,246.0,147.0,136.0,281.0,237.0
,2025,,,,,,,,,,,,,"Idaho, University of",,,,,,,,,,6.0,5.0,10.0,12.0,0.0,0.0,101.0,127.0,21.0,6.0,2.0,0.0,131.0,72.0,38.0,290.0,225.0
,2025,,,,,,,,,,,,,"Illinois, University of",,,,,,,,,,18.0,0.0,6.0,8.0,7.0,1.0,144.0,147.0,33.0,6.0,7.0,4.0,122.0,117.0,209.0,466.0,413.0
,2025,,,,,,,,,,,,,"Illinois-Chicago, University of",,,,,,,,,,24.0,3.0,21.0,1.0,21.0,0.0,130.0,153.0,44.0,19.0,6.0,1.0,250.0,167.0,307.0,1453.0,1241.0
,2025,,,,,,,,,,,,,Indiana University-Bloomington,,,,,,,,,,9.0,0.0,6.0,15.0,0.0,1.0,154.0,134.0,16.0,5.0,2.0,2.0,259.0,198.0,123.0,980.0,764.0
,2025,,,,,,,,,,,,,Indiana University-Indianapolis,,,,,,,,,,24.0,11.0,10.0,19.0,1.0,3.0,295.0,175.0,46.0,12.0,7.0,1.0,180.0,113.0,320.0,571.0,471.0
,2025,,,,,,,,,,,,,Inter American University of Puerto Rico,,,,,,,,,,17.0,15.0,13.0,8.0,0.0,0.0,135.0,135.0,50.0,8.0,0.0,0.0,235.0,132.0,85.0,539.0,403.0
,2025,,,,,,,,,,,,,"Iowa, University of",,,,,,,,,,23.0,22.0,7.0,14.0,2.0,0.0,145.0,163.0,20.0,2.0,6.0,1.0,110.0,65.0,84.0,586.0,519.0
,2025,,,,,,,,,,,,,Jacksonville University,,,,,,,,,,1.0,0.0,9.0,0.0,0.0,0.0,28.0,27.999,0.0,0.0,0.0,0.0,0.0,0.0,19.0,71.0,51.0
,2025,,,,,,,,,,,,,"Kansas, The University of",,,,,,,,,,22.0,0.0,6.0,9.0,0.0,0.0,102.0,81.0,22.0,1.0,3.0,1.0,98.0,63.0,132.0,393.0,360.0
,2025,,,,,,,,,,,,,"Kentucky, University of",,,,,,,,,,7.0,0.0,0.0,16.0,0.0,0.0,72.0,73.0,13.0,13.0,2.0,0.0,34.0,19.0,85.0,368.0,301.0
,2025,,,,,,,,,,,,,Lewis & Clark Law School,,,,,,,,,,14.0,3.0,7.0,7.0,10.0,0.0,165.0,125.0,31.0,1.0,1.0,0.0,156.0,113.0,220.0,439.0,258.0
,2025,,,,,,,,,,,,,Liberty University,,,,,,,,,,6.0,0.0,3.0,17.0,0.0,0.0,69.0,59.0,15.0,8.0,2.0,2.0,30.0,24.0,70.0,1026.0,734.0
,2025,,,,,,,,,,,,,Lincoln Memorial University,,,,,,,,,,14.0,10.0,25.0,3.0,0.0,0.0,59.0,50.0,20.0,11.0,0.0,0.0,42.0,39.0,99.0,266.0,261.0
,2025,,,,,,,,,,,,,Louisiana State University,,,,,,,,,,9.0,2.0,7.0,7.0,20.0,0.0,114.0,109.0,38.0,17.0,9.0,0.0,92.0,92.0,187.0,400.0,351.0
,2025,,,,,,,,,,,,,"Louisville, University of",,,,,,,,,,35.0,0.0,0.0,14.0,0.0,0.0,99.0,76.0,22.0,11.0,0.0,0.0,99.0,55.0,96.0,421.0,359.0
,2025,,,,,,,,,,,,,Loyola Marymount University-Los Angeles,,,,,,,,,,30.0,2.0,14.0,21.0,7.0,0.0,210.0,180.0,42.0,9.0,10.0,3.0,493.0,305.0,198.0,1706.0,1341.0
,2025,,,,,,,,,,,,,Loyola University-Chicago,,,,,,,,,,81.0,16.0,9.0,0.0,22.0,0.0,170.0,197.0,33.0,10.0,2.0,2.0,279.0,179.0,257.0,1415.0,952.0
,2025,,,,,,,,,,,,,Loyola University-New Orleans,,,,,,,,,,30.0,0.0,13.0,17.0,0.0,0.0,128.0,185.0,39.0,21.0,2.0,0.0,173.0,145.0,95.0,977.0,889.0
,2025,,,,,,,,,,,,,"Maine, University of",,,,,,,,,,6.0,0.0,6.0,0.0,5.0,0.0,86.0,63.0,12.0,4.0,1.0,0.0,63.0,60.0,115.0,159.0,138.0
,2025,,,,,,,,,,,,,Marquette University,,,,,,,,,,68.0,0.0,2.0,17.0,0.0,0.0,128.0,109.0,36.0,14.0,0.0,0.0,72.0,57.0,150.0,1041.0,929.0
,2025,,,,,,,,,,,,,"Maryland, University of",,,,,,,,,,13.0,2.0,8.0,15.0,0.0,0.0,194.0,157.0,26.0,9.0,0.0,0.0,243.0,242.0,167.0,671.0,571.0
,2025,,,,,,,,,,,,,"Massachusetts/Dartmouth, University of",,,,,,,,,,3.0,5.0,0.0,18.0,0.0,0.0,77.0,69.0,26.0,2.0,0.0,0.0,84.0,69.0,60.0,695.0,550.0
,2025,,,,,,,,,,,,,"Memphis, The University of",,,,,,,,,,10.0,8.0,18.0,0.0,0.0,0.0,72.0,57.0,15.0,2.0,2.0,0.0,57.0,47.0,81.0,196.0,176.0
,2025,,,,,,,,,,,,,Mercer University,,,,,,,,,,14.0,0.0,12.0,12.0,0.0,1.0,76.0,72.0,27.0,8.0,4.0,3.0,42.0,37.0,156.0,727.0,616.0
,2025,,,,,,,,,,,,,"Miami, University of",,,,,,,,,,81.0,2.0,19.0,3.0,20.0,0.0,297.0,307.0,59.0,13.0,6.0,13.0,356.0,265.0,283.0,1500.0,1167.0
,2025,,,,,,,,,,,,,Michigan State University,,,,,,,,,,19.0,5.0,16.0,0.0,0.0,0.0,159.0,119.0,26.0,10.0,7.0,0.0,137.0,131.0,84.0,944.0,835.0
,2025,,,,,,,,,,,,,"Michigan, University of",,,,,,,,,,8.0,0.0,10.0,0.0,15.0,0.0,252.0,226.0,50.0,11.0,7.0,2.0,360.0,337.0,84.0,813.0,686.0
,2025,,,,,,,,,,,,,"Minnesota, University of",,,,,,,,,,42.0,26.0,11.0,19.0,0.0,0.0,227.0,151.0,26.0,7.0,3.0,0.0,248.0,245.0,411.0,800.0,748.0
,2025,,,,,,,,,,,,,Mississippi College,,,,,,,,,,10.0,1.0,4.0,14.0,0.0,0.0,78.0,78.0,19.0,12.0,0.0,0.0,101.0,44.0,75.0,214.0,193.0
,2025,,,,,,,,,,,,,"Mississippi, The University of",,,,,,,,,,12.0,11.0,15.0,2.0,8.0,0.0,148.0,85.0,20.0,9.0,7.0,3.0,163.0,143.0,55.0,521.0,408.0
,2025,,,,,,,,,,,,,"Missouri, University of",,,,,,,,,,12.0,9.0,0.0,14.0,0.0,0.0,88.0,71.0,23.0,7.0,0.0,0.0,104.0,88.0,57.0,722.0,620.0
,2025,,,,,,,,,,,,,"Missouri-Kansas City, University of",,,,,,,,,,18.0,40.0,5.0,15.0,2.0,0.0,149.0,191.0,19.0,6.0,5.0,0.0,159.0,47.0,122.0,325.0,214.0
,2025,,,,,,,,,,,,,Mitchell/Hamline School of Law,,,,,,,,,,22.0,9.0,0.0,36.0,1.0,0.0,210.0,259.0,54.0,34.0,10.0,0.0,202.0,92.0,364.0,791.0,631.0
,2025,,,,,,,,,,,,,"Montana, University of",,,,,,,,,,12.0,0.0,2.0,0.0,6.0,0.0,155.0,44.0,18.0,1.0,2.0,0.0,23.0,20.0,93.0,354.0,323.0
,2025,,,,,,,,,,,,,"Nebraska, University of",,,,,,,,,,7.0,0.0,0.0,6.0,8.0,0.0,148.0,136.0,24.0,5.0,1.0,1.0,137.0,119.0,98.0,834.0,683.0
,2025,,,,,,,,,,,,,"Nevada-Las Vegas, University of",,,,,,,,,,8.0,16.0,0.0,12.0,0.0,0.0,118.0,102.0,21.0,5.0,0.0,0.0,48.0,51.0,154.0,596.0,432.0
,2025,,,,,,,,,,,,,New England Law/Boston,,,,,,,,,,118.0,0.0,0.0,11.0,0.0,30.0,117.0,102.0,72.0,28.0,10.0,3.0,69.0,69.0,213.0,1084.0,930.0
,2025,,,,,,,,,,,,,"New Hampshire, University of",,,,,,,,,,32.0,4.0,0.0,17.0,6.0,3.0,129.0,122.0,35.0,12.0,3.0,0.0,222.0,166.0,120.0,610.0,483.0
,2025,,,,,,,,,,,,,"New Mexico, The University of",,,,,,,,,,19.0,6.0,22.0,0.0,0.0,0.0,107.0,104.0,11.0,2.0,0.0,0.0,120.0,117.0,51.0,89.0,79.0
,2025,,,,,,,,,,,,,New York Law School,,,,,,,,,,14.0,23.0,19.0,20.0,0.0,7.0,185.0,182.0,42.0,16.0,12.0,0.0,320.0,286.0,188.0,640.0,524.0
,2025,,,,,,,,,,,,,New York University,,,,,,,,,,177.0,0.0,2.0,6.0,25.0,0.0,362.0,272.0,33.0,15.0,3.0,6.0,669.0,650.0,350.0,977.0,752.0
,2025,,,,,,,,,,,,,North Carolina Central University,,,,,,,,,,10.0,0.0,28.0,0.0,0.0,0.0,176.0,136.0,35.0,4.0,1.0,0.0,118.0,72.0,76.0,482.0,353.0
,2025,,,,,,,,,,,,,"North Carolina, University of",,,,,,,,,,8.0,0.0,12.0,9.0,4.0,0.0,142.0,115.0,21.0,10.0,2.0,1.0,122.0,115.0,127.0,614.0,547.0
,2025,,,,,,,,,,,,,"North Dakota, University of",,,,,,,,,,7.0,0.0,0.0,0.0,8.0,0.0,66.0,47.0,9.0,3.0,1.0,0.0,27.0,27.0,122.0,107.0,92.0
,2025,,,,,,,,,,,,,"North Texas at Dallas, University of",,,,,,,,,,9.0,8.0,12.0,8.0,1.0,1.0,74.0,112.0,25.0,9.0,4.0,0.0,120.0,47.0,89.0,20.0,17.0
,2025,,,,,,,,,,,,,Northeastern University,,,,,,,,,,5.0,0.0,6.0,9.0,9.0,0.0,110.0,112.0,21.0,2.0,2.0,1.0,397.0,396.0,225.0,513.0,398.0
,2025,,,,,,,,,,,,,Northern Illinois University,,,,,,,,,,2.0,0.0,4.0,16.0,0.0,2.0,77.0,55.0,25.0,5.0,4.0,0.0,91.0,43.0,77.0,179.0,156.0
,2025,,,,,,,,,,,,,Northern Kentucky University,,,,,,,,,,3.0,2.0,5.0,16.0,0.0,2.0,78.0,59.0,20.0,6.0,0.0,0.0,42.0,30.0,93.0,212.0,152.0
,2025,,,,,,,,,,,,,Northwestern University,,,,,,,,,,3.0,0.0,0.0,24.0,0.0,0.0,233.0,156.0,61.0,34.0,0.0,0.0,256.0,256.0,191.0,780.0,729.0
,2025,,,,,,,,,,,,,"Notre Dame, University of",,,,,,,,,,25.0,0.0,1.0,17.0,0.0,0.0,204.0,237.0,32.0,14.0,3.0,0.0,208.0,204.0,169.0,325.0,325.0
,2025,,,,,,,,,,,,,Nova Southeastern University,,,,,,,,,,4.0,14.0,25.0,9.0,0.0,0.0,103.0,143.0,34.0,19.0,0.0,0.0,136.0,51.0,105.0,585.0,410.0
,2025,,,,,,,,,,,,,Ohio Northern University,,,,,,,,,,0.0,17.0,7.0,7.0,0.0,0.0,57.0,43.0,7.0,6.0,0.0,0.0,160.0,14.0,20.0,436.0,318.0
,2025,,,,,,,,,,,,,Oklahoma City University,,,,,,,,,,7.0,0.0,14.0,7.0,5.0,0.0,91.0,82.0,15.0,17.0,2.0,0.0,96.0,79.0,127.0,350.0,322.0
,2025,,,,,,,,,,,,,"Oklahoma, University of",,,,,,,,,,10.0,0.0,29.0,2.0,0.0,0.0,101.0,75.0,29.0,25.0,1.0,0.0,74.0,69.0,60.0,542.0,498.0
,2025,,,,,,,,,,,,,"Oregon, University of",,,,,,,,,,6.0,0.0,0.0,0.0,10.0,1.0,117.0,86.0,15.0,12.0,3.0,0.0,177.0,99.0,124.0,501.0,306.0
,2025,,,,,,,,,,,,,Pace University,,,,,,,,,,53.0,2.0,6.0,22.0,0.0,0.0,162.0,163.0,35.0,15.0,9.0,1.0,124.0,106.0,160.0,508.0,419.0
,2025,,,,,,,,,,,,,"Pacific, University of the",,,,,,,,,,7.0,10.0,8.0,6.0,10.0,0.0,104.0,118.0,23.0,12.0,0.0,0.0,146.0,107.0,227.0,636.0,530.0
,2025,,,,,,,,,,,,,Penn State Dickinson Law,,,,,,,,,,39.0,0.0,0.0,25.0,0.0,4.0,174.0,127.0,32.0,32.0,0.0,2.0,181.0,181.0,263.0,781.0,638.0
,2025,,,,,,,,,,,,,"Pennsylvania, University of",,,,,,,,,,39.0,1.0,21.0,1.0,11.0,1.0,233.0,178.0,35.0,15.0,5.0,3.0,132.0,140.0,145.0,1521.0,1354.0
,2025,,,,,,,,,,,,,Pepperdine University,,,,,,,,,,29.0,0.0,0.0,21.0,0.0,2.0,125.0,115.0,46.0,12.0,2.0,0.0,175.0,138.0,236.0,1538.0,1229.0
,2025,,,,,,,,,,,,,"Pittsburgh, University of",,,,,,,,,,23.0,0.0,0.0,14.0,0.0,2.0,150.0,127.0,13.0,5.0,2.0,1.0,173.0,118.0,72.0,252.0,206.0
,2025,,,,,,,,,,,,,Pontifical Catholic University of Puerto Rico,,,,,,,,,,8.0,26.0,20.0,0.0,0.0,0.0,104.0,115.0,50.0,0.0,0.0,0.0,252.0,180.0,19.0,120.0,113.0
,2025,,,,,,,,,,,,,"Puerto Rico, University of",,,,,,,,,,7.0,21.0,18.0,5.0,0.0,0.0,142.0,145.0,25.0,3.0,0.0,0.0,280.0,256.0,59.0,143.0,124.0
,2025,,,,,,,,,,,,,Quinnipiac University,,,,,,,,,,11.0,11.0,0.0,22.0,0.0,0.0,155.0,159.0,12.0,5.0,0.0,0.0,122.0,92.0,152.0,493.0,356.0
,2025,,,,,,,,,,,,,Regent University,,,,,,,,,,5.0,1.0,5.0,10.0,1.0,3.0,87.0,90.0,13.0,7.0,6.0,0.0,87.0,19.0,136.0,396.0,305.0
,2025,,,,,,,,,,,,,"Richmond, University of",,,,,,,,,,6.0,0.0,34.0,0.0,0.0,0.0,134.0,132.0,15.0,6.0,3.0,0.0,99.0,57.0,73.0,522.0,354.0
,2025,,,,,,,,,,,,,Roger Williams University,,,,,,,,,,11.0,0.0,6.0,15.0,4.0,0.0,136.0,130.0,23.0,8.0,3.0,0.0,100.0,76.0,116.0,563.0,486.0
,2025,,,,,,,,,,,,,Rutgers University,,,,,,,,,,1034.0,1.0,23.0,24.0,0.0,0.0,236.0,225.0,52.0,18.0,6.0,1.0,373.0,348.0,119.0,1931.0,1197.0
,2025,,,,,,,,,,,,,Saint Louis University,,,,,,,,,,16.0,2.0,4.0,16.0,1.0,2.0,136.0,113.0,21.0,12.0,5.0,2.0,85.0,83.0,115.0,846.0,775.0
,2025,,,,,,,,,,,,,Samford University,,,,,,,,,,7.0,0.0,0.0,21.0,2.0,0.0,128.0,109.0,25.0,10.0,2.0,0.0,94.0,72.0,181.0,831.0,701.0
,2025,,,,,,,,,,,,,"San Diego, University of",,,,,,,,,,184.0,0.0,2.0,0.0,18.0,4.0,160.0,115.0,31.0,8.0,14.0,2.0,417.0,159.0,428.0,2021.0,1647.0
,2025,,,,,,,,,,,,,"San Francisco, University of",,,,,,,,,,16.0,0.0,0.0,3.0,14.0,0.0,94.0,65.0,18.0,9.0,6.0,0.0,118.0,97.0,149.0,573.0,465.0
,2025,,,,,,,,,,,,,Santa Clara University,,,,,,,,,,16.0,20.0,13.0,21.0,0.0,0.0,149.0,175.0,28.0,15.0,6.0,0.0,381.0,189.0,305.0,525.0,843.0
,2025,,,,,,,,,,,,,Seattle University,,,,,,,,,,6.0,0.0,14.0,11.0,7.0,0.0,172.0,143.0,27.0,12.0,3.0,0.0,163.0,138.0,235.0,543.0,412.0
,2025,,,,,,,,,,,,,Seton Hall University,,,,,,,,,,62.0,0.0,3.0,3.0,18.0,0.0,153.0,170.0,23.0,21.0,5.0,2.0,119.0,119.0,205.0,1017.0,902.0
,2025,,,,,,,,,,,,,"South Carolina, University of",,,,,,,,,,7.0,0.0,0.0,5.0,13.0,1.0,145.0,122.0,31.0,17.0,1.0,0.0,56.0,47.0,78.0,687.0,597.0
,2025,,,,,,,,,,,,,"South Dakota, University of",,,,,,,,,,8.0,0.0,2.0,0.0,7.0,0.0,81.0,57.0,17.0,4.0,3.0,0.0,0.0,0.0,127.0,112.0,91.0
,2025,,,,,,,,,,,,,South Texas College of Law Houston,,,,,,,,,,20.0,8.0,22.0,8.0,26.0,0.0,133.0,143.0,47.0,24.0,18.0,0.0,231.0,154.0,148.0,1718.0,946.0
,2025,,,,,,,,,,,,,"Southern California, University of",,,,,,,,,,105.0,0.0,5.0,20.0,1.0,0.0,0.0,159.0,21.0,32.0,9.0,2.0,201.0,160.0,138.0,968.0,632.0
,2025,,,,,,,,,,,,,Southern Illinois University,,,,,,,,,,3.0,2.0,10.0,12.0,0.0,0.0,52.0,45.0,19.0,3.0,0.0,0.0,33.0,25.0,39.0,262.0,222.0
,2025,,,,,,,,,,,,,Southern Methodist University,,,,,,,,,,11.0,0.0,0.0,3.0,18.0,1.0,168.0,118.0,20.0,7.0,9.0,2.0,205.0,164.0,209.0,755.0,505.0
,2025,,,,,,,,,,,,,Southern University,,,,,,,,,,13.0,16.0,36.0,13.0,0.0,0.0,64.0,130.0,69.0,8.0,1.0,0.0,580.0,208.0,133.0,300.0,235.0
,2025,,,,,,,,,,,,,Southwestern Law School,,,,,,,,,,19.0,0.0,5.0,8.0,29.0,0.0,139.0,101.0,53.0,17.0,16.0,3.0,166.0,143.0,441.0,1161.0,972.0
,2025,,,,,,,,,,,,,St. John's University,,,,,,,,,,12.0,0.0,28.0,0.0,12.0,0.0,163.0,143.0,36.0,10.0,11.0,0.0,144.0,139.0,186.0,786.0,726.0
,2025,,,,,,,,,,,,,St. Mary's University,,,,,,,,,,41.0,5.0,4.0,6.0,15.0,0.0,136.0,147.0,63.0,13.0,11.0,0.0,117.0,117.0,65.0,1238.0,1090.0
,2025,,,,,,,,,,,,,St. Thomas University (Miami),,,,,,,,,,4.0,0.0,13.0,29.0,0.0,0.0,114.0,181.0,51.0,16.0,1.0,0.0,34.0,34.0,96.0,577.0,474.0
,2025,,,,,,,,,,,,,"St. Thomas, (Minneapolis) University of",,,,,,,,,,10.0,0.0,12.0,0.0,12.0,0.0,120.0,93.0,31.0,4.0,1.0,0.0,113.0,110.0,825.0,426.0,401.0
,2025,,,,,,,,,,,,,Stanford University,,,,,,,,,,11.0,27.0,6.0,15.0,0.0,0.0,301.0,169.0,46.0,10.0,2.0,2.0,287.0,241.0,63.0,485.0,471.0
,2025,,,,,,,,,,,,,Stetson University,,,,,,,,,,28.0,0.0,0.0,30.0,0.0,0.0,197.0,350.0,53.0,58.0,4.0,1.0,344.0,100.0,134.0,1213.0,955.0
,2025,,,,,,,,,,,,,Suffolk University,,,,,,,,,,30.0,3.0,1.0,2.0,9.0,14.0,191.0,200.0,35.0,11.0,11.0,0.0,276.0,260.0,216.0,1539.0,1242.0
,2025,,,,,,,,,,,,,Syracuse University,,,,,,,,,,12.0,8.0,30.0,10.0,0.0,0.0,181.0,134.0,39.0,5.0,0.0,0.0,225.0,185.0,204.0,1886.0,1373.0
,2025,,,,,,,,,,,,,Temple University,,,,,,,,,,7.0,23.0,5.0,21.0,0.0,0.0,233.0,209.0,16.0,7.0,2.0,0.0,242.0,197.0,247.0,1053.0,775.0
,2025,,,,,,,,,,,,,"Tennessee, University of",,,,,,,,,,23.0,0.0,15.0,6.0,0.0,1.0,101.0,86.0,26.0,6.0,1.0,0.0,118.0,113.0,69.0,450.0,334.0
,2025,,,,,,,,,,,,,Texas A&M University,,,,,,,,,,29.0,0.0,3.0,12.0,0.0,1.0,156.0,129.0,9.0,7.0,1.0,0.0,193.0,186.0,162.0,527.0,306.0
,2025,,,,,,,,,,,,,Texas Southern University,,,,,,,,,,0.0,0.0,0.0,0.0,0.0,0.0,0.0,0.0,0.0,0.0,0.0,0.0,0.0,0.0,0.0,0.0,0.0
,2025,,,,,,,,,,,,,Texas Tech University,,,,,,,,,,12.0,0.0,1.0,17.0,0.0,0.0,117.0,105.0,14.0,12.0,2.0,0.0,70.0,59.0,34.0,291.0,257.0
,2025,,,,,,,,,,,,,"Texas, University of",,,,,,,,,,0.0,8.0,4.0,20.0,0.0,0.0,273.0,231.0,38.0,12.0,5.0,2.0,356.0,321.0,81.0,1202.0,1042.0
,2025,,,,,,,,,,,,,The Ohio State University,,,,,,,,,,32.0,18.0,8.0,13.0,0.0,0.0,142.0,118.0,26.0,11.0,0.0,0.0,134.0,130.0,156.0,1284.0,930.0
,2025,,,,,,,,,,,,,"Toledo, The University of",,,,,,,,,,6.0,4.0,1.0,4.0,6.0,3.0,62.0,41.0,13.0,7.0,2.0,0.0,61.0,56.0,81.0,104.0,94.0
,2025,,,,,,,,,,,,,Touro University,,,,,,,,,,23.0,8.0,7.0,15.0,1.0,1.0,82.0,66.0,25.0,16.0,1.0,1.0,168.0,141.0,117.0,245.0,163.0
,2025,,,,,,,,,,,,,Tulane University,,,,,,,,,,21.0,0.0,2.0,15.0,4.0,0.0,223.0,198.0,30.0,14.0,7.0,2.0,215.0,215.0,196.0,700.0,619.0
,2025,,,,,,,,,,,,,"Tulsa, The University of",,,,,,,,,,15.0,2.0,14.0,0.0,1.0,0.0,91.0,64.0,17.0,4.0,0.0,0.0,129.0,56.0,169.0,0.0,0.0
,2025,,,,,,,,,,,,,"Utah, The University of",,,,,,,,,,13.0,0.0,10.0,8.0,0.0,0.0,112.0,98.0,9.0,4.0,1.0,0.0,63.0,42.0,163.0,414.0,316.0
,2025,,,,,,,,,,,,,Vanderbilt University,,,,,,,,,,32.0,0.0,0.0,18.0,0.0,1.0,190.0,97.0,44.0,11.0,5.0,0.0,96.0,86.0,61.0,1273.0,901.0
,2025,,,,,,,,,,,,,Vermont Law School,,,,,,,,,,7.0,1.0,8.0,24.0,0.0,0.0,179.0,191.0,38.0,7.0,3.0,0.0,214.0,116.0,79.0,1018.0,841.0
,2025,,,,,,,,,,,,,Villanova University,,,,,,,,,,7.0,0.0,0.0,18.0,0.0,5.0,150.0,119.0,20.0,1.0,5.0,4.0,131.0,123.0,318.0,632.0,562.0
,2025,,,,,,,,,,,,,"Virginia, University of",,,,,,,,,,0.0,0.0,10.0,25.0,0.0,0.0,307.0,248.0,29.0,17.0,9.0,2.0,425.0,397.0,59.0,1415.0,1111.0
,2025,,,,,,,,,,,,,Wake Forest University,,,,,,,,,,29.0,12.0,27.0,3.0,0.0,0.0,143.0,104.0,32.0,12.0,1.0,0.0,218.0,129.0,69.0,565.0,491.0
,2025,,,,,,,,,,,,,Washburn University,,,,,,,,,,18.0,0.0,0.0,12.0,0.0,0.0,106.0,94.0,10.0,5.0,2.0,0.0,40.0,49.0,97.0,559.0,360.0
,2025,,,,,,,,,,,,,Washington and Lee University,,,,,,,,,,14.0,0.0,18.0,2.0,0.0,0.0,104.0,76.0,19.0,5.0,1.0,0.0,32.0,30.0,92.0,653.0,612.0
,2025,,,,,,,,,,,,,Washington University (St. Louis),,,,,,,,,,21.0,0.0,17.0,0.0,12.0,0.0,168.0,114.0,39.0,9.0,8.0,1.0,200.0,197.0,153.0,662.0,574.0
,2025,,,,,,,,,,,,,"Washington, University of",,,,,,,,,,6.0,0.0,0.0,6.0,8.0,1.0,167.0,123.0,50.0,17.0,7.0,0.0,120.0,120.0,185.0,546.0,546.0
,2025,,,,,,,,,,,,,Wayne State University,,,,,,,,,,7.0,8.0,24.0,0.0,0.0,0.0,97.0,68.0,13.0,8.0,3.0,0.0,79.0,71.0,91.0,256.0,188.0
,2025,,,,,,,,,,,,,West Virginia University,,,,,,,,,,3.0,0.0,11.0,4.0,1.0,0.0,82.0,52.0,19.0,7.0,1.0,0.0,140.0,120.0,42.0,263.0,228.0
,2025,,,,,,,,,,,,,Western New England University,,,,,,,,,,9.0,2.0,6.0,1.0,9.0,0.0,91.0,95.0,19.0,2.0,0.0,0.0,40.0,36.0,66.0,397.0,209.0
,2025,,,,,,,,,,,,,"Western State, Westcliff University",,,,,,,,,,10.0,12.0,17.0,6.0,0.0,0.0,71.0,89.0,28.0,3.0,0.0,0.0,100.0,58.0,80.0,440.0,322.0
,2025,,,,,,,,,,,,,Widener University Commonwealth Law School,,,,,,,,,,8.0,2.0,9.0,15.0,0.0,0.0,74.0,57.0,23.0,12.0,0.0,0.0,72.0,31.0,137.0,312.0,255.0
,2025,,,,,,,,,,,,,Widener University Delaware Law School,,,,,,,,,,8.0,28.0,17.0,28.0,4.0,0.0,88.0,88.0,33.0,14.0,4.0,0.0,48.0,58.0,90.0,1305.0,1224.0
,2025,,,,,,,,,,,,,Willamette University,,,,,,,,,,12.0,0.0,2.0,14.0,0.0,0.0,90.0,73.0,20.0,7.0,1.0,0.0,83.0,75.0,136.0,340.0,253.0
,2025,,,,,,,,,,,,,William & Mary,,,,,,,,,,13.0,48.0,1.0,17.0,0.0,0.0,190.0,190.0,17.0,10.0,2.0,1.0,162.0,150.0,178.0,283.0,143.0
,2025,,,,,,,,,,,,,Wilmington University School of Law,,,,,,,,,,0.0,14.0,0.0,0.0,0.0,0.0,13.0,15.0,0.0,0.0,0.0,0.0,0.0,0.0,19.0,0.0,0.0
,2025,,,,,,,,,,,,,"Wisconsin, University of",,,,,,,,,,29.0,0.0,6.0,11.0,6.0,0.0,140.0,107.0,25.0,11.0,4.0,0.0,324.0,299.0,280.0,839.0,641.0
,2025,,,,,,,,,,,,,"Wyoming, University of",,,,,,,,,,5.0,0.0,0.0,0.0,9.0,0.0,66.0,39.0,14.0,2.0,2.0,0.0,100.0,91.0,96.0,182.0,150.0
,2025,,,,,,,,,,,,,Yale University,,,,,,,,,,0.0,13.0,4.0,4.0,3.0,0.0,224.0,169.0,36.0,7.0,2.0,5.0,856.0,704.0,56.0,250.0,182.0
