School Name,SchoolYear,Graduate Year,No. of Graduates,No. of Takers,No. of Passers,%Passers,No. of Graduates with no information,No. of Graduates who did not take the bar,No. of Graduates with Alternative Pathways*,Pass % (including Alternative Pathways),2020 Graduates,2020 Takers,2020 Passers,2020 Graduates with no information,2020 Graduates who did not take the bar,2020 Graduates with Diploma Privilege*,Pass % (including Diploma Privilege),2021 Graduates,2021 Takers,2021 Passers,2021 Graduates with no information,2021 Graduates who did not take the bar,2021 Graduates with Alternative Pathways*,2022 Graduates,2022 Takers,2022 Passers,2022 Graduates with no information,2022 Graduates who did not take the bar,2022 Graduates with Alternative Pathways*
"AKRON, UNIVERSITY OF",2022,2019.0,129.0,119.0,101.0,84.87%,0.0,10.0,0.0,84.87%,,,,,,,,,,,,,,,,,,,
"ALABAMA, UNIVERSITY OF",2022,2019.0,131.0,127.0,126.0,99.21%,0.0,4.0,0.0,99.21%,,,,,,,,,,,,,,,,,,,
ALBANY LAW SCHOOL,2022,2019.0,139.0,136.0,117.0,86.03%,3.0,3.0,,86.03%,,,,,,,,,,,,,,,,,,,
AMERICAN UNIVERSITY,2022,2019.0,400.0,378.0,342.0,90.48%,20.0,2.0,0.0,90.48%,,,,,,,,,,,,,,,,,,,
APPALACHIAN SCHOOL OF LAW,2022,2019.0,47.0,45.0,33.0,73.33%,0.0,2.0,0.0,73.33%,,,,,,,,,,,,,,,,,,,
ARIZONA STATE UNIVERSITY,2022,2019.0,278.0,270.0,256.0,94.81%,2.0,6.0,0.0,94.81%,,,,,,,,,,,,,,,,,,,
"ARIZONA, UNIVERSITY OF",2022,2019.0,119.0,111.0,103.0,92.79%,0.0,8.0,0.0,92.79%,,,,,,,,,,,,,,,,,,,
"ARKANSAS, FAYETTEVILLE, UNIVERSITY OF",2022,2019.0,105.0,100.0,90.0,90.00%,0.0,5.0,0.0,90.00%,,,,,,,,,,,,,,,,,,,
"ARKANSAS, LITTLE ROCK, UNIVERSITY OF",2022,2019.0,121.0,115.0,98.0,85.22%,0.0,6.0,0.0,85.22%,,,,,,,,,,,,,,,,,,,
ATLANTA'S JOHN MARSHALL LAW SCHOOL,2022,2019.0,143.0,137.0,112.0,81.75%,1.0,5.0,0.0,81.75%,,,,,,,,,,,,,,,,,,,
AVE MARIA SCHOOL OF LAW,2022,2019.0,64.0,61.0,41.0,67.21%,0.0,3.0,0.0,67.21%,,,,,,,,,,,,,,,,,,,
"BALTIMORE, UNIVERSITY OF",2022,2019.0,194.0,183.0,155.0,84.70%,6.0,5.0,0.0,84.70%,,,,,,,,,,,,,,,,,,,
BARRY UNIVERSITY,2022,2019.0,174.0,162.0,132.0,81.48%,3.0,9.0,0.0,81.48%,,,,,,,,,,,,,,,,,,,
BAYLOR UNIVERSITY,2022,2019.0,141.0,141.0,140.0,99.29%,0.0,0.0,0.0,99.29%,,,,,,,,,,,,,,,,,,,
BELMONT UNIVERSITY,2022,2019.0,84.0,84.0,84.0,100.00%,0.0,0.0,0.0,100.00%,,,,,,,,,,,,,,,,,,,
BOSTON COLLEGE,2022,2019.0,250.0,250.0,243.0,97.20%,0.0,1.0,0.0,97.20%,,,,,,,,,,,,,,,,,,,
BOSTON UNIVERSITY,2022,2019.0,254.0,251.0,245.0,97.61%,,3.0,,97.61%,,,,,,,,,,,,,,,,,,,
BRIGHAM YOUNG UNIVERSITY,2022,2019.0,137.0,129.0,123.0,95.35%,0.0,7.0,1.0,95.38%,,,,,,,,,,,,,,,,,,,
BROOKLYN LAW SCHOOL,2022,2019.0,328.0,319.0,296.0,92.79%,1.0,8.0,1.0,92.81%,,,,,,,,,,,,,,,,,,,
CALIFORNIA WESTERN SCHOOL OF LAW,2022,2019.0,216.0,212.0,166.0,78.30%,0.0,4.0,0.0,78.30%,,,,,,,,,,,,,,,,,,,
"CALIFORNIA-BERKELEY, UNIVERSITY OF",2022,2019.0,330.0,323.0,322.0,99.69%,6.0,6.0,1.0,99.69%,,,,,,,,,,,,,,,,,,,
"CALIFORNIA-DAVIS, UNIVERSITY OF",2022,2019.0,155.0,148.0,139.0,93.92%,3.0,4.0,0.0,93.92%,,,,,,,,,,,,,,,,,,,
"CALIFORNIA-IRVINE, UNIVERSITY OF",2022,2019.0,143.0,140.0,137.0,97.86%,0.0,3.0,0.0,97.86%,,,,,,,,,,,,,,,,,,,
"CALIFORNIA-LOS ANGELES, UNIVERSITY OF",2022,2019.0,316.0,313.0,307.0,98.08%,1.0,2.0,1.0,98.09%,,,,,,,,,,,,,,,,,,,
CAMPBELL UNIVERSITY,2022,2019.0,112.0,107.0,105.0,98.13%,0.0,5.0,0.0,98.13%,,,,,,,,,,,,,,,,,,,
CAPITAL UNIVERSITY,2022,2019.0,100.0,96.0,87.0,90.63%,1.0,3.0,0.0,90.63%,,,,,,,,,,,,,,,,,,,
CARDOZO SCHOOL OF LAW,2022,2019.0,282.0,278.0,267.0,96.04%,1.0,3.0,0.0,96.04%,,,,,,,,,,,,,,,,,,,
CASE WESTERN RESERVE UNIVERSITY,2022,2019.0,143.0,135.0,126.0,93.33%,0.0,8.0,0.0,93.33%,,,,,,,,,,,,,,,,,,,
CATHOLIC UNIVERSITY OF AMERICA,2022,2019.0,104.0,98.0,89.0,90.82%,2.0,4.0,2.0,91.00%,,,,,,,,,,,,,,,,,,,
CHAPMAN UNIVERSITY,2022,2019.0,165.0,165.0,145.0,87.88%,0.0,0.0,0.0,87.88%,,,,,,,,,,,,,,,,,,,
CHARLESTON SCHOOL OF LAW,2022,2019.0,186.0,181.0,150.0,82.87%,1.0,4.0,0.0,82.87%,,,,,,,,,,,,,,,,,,,
"CHICAGO, UNIVERSITY OF",2022,2019.0,203.0,198.0,197.0,99.49%,0.0,5.0,0.0,99.49%,,,,,,,,,,,,,,,,,,,
CHICAGO-KENT COLLEGE OF LAW-IIT,2022,2019.0,235.0,218.0,197.0,90.37%,16.0,1.0,0.0,90.37%,,,,,,,,,,,,,,,,,,,
"CINCINNATI, UNIVERSITY OF",2022,2019.0,118.0,114.0,101.0,88.60%,0.0,4.0,0.0,88.60%,,,,,,,,,,,,,,,,,,,
CITY UNIVERSITY OF NEW YORK,2022,2019.0,168.0,163.0,153.0,93.87%,0.0,5.0,0.0,93.87%,,,,,,,,,,,,,,,,,,,
CLEVELAND STATE UNIVERSITY,2022,2019.0,90.0,85.0,78.0,91.76%,0.0,5.0,0.0,91.76%,,,,,,,,,,,,,,,,,,,
"COLORADO, UNIVERSITY OF",2022,2019.0,154.0,148.0,142.0,95.95%,0.0,6.0,4.0,96.05%,,,,,,,,,,,,,,,,,,,
COLUMBIA UNIVERSITY,2022,2019.0,433.0,430.0,411.0,95.58%,0.0,3.0,0.0,95.58%,,,,,,,,,,,,,,,,,,,
"CONNECTICUT, UNIVERSITY OF",2022,2019.0,105.0,102.0,95.0,93.14%,0.0,3.0,0.0,93.14%,,,,,,,,,,,,,,,,,,,
CORNELL UNIVERSITY,2022,2019.0,194.0,193.0,189.0,97.93%,0.0,1.0,0.0,97.93%,,,,,,,,,,,,,,,,,,,
CREIGHTON UNIVERSITY,2022,2019.0,88.0,81.0,70.0,86.42%,1.0,6.0,0.0,86.42%,,,,,,,,,,,,,,,,,,,
"DAYTON, UNIVERSITY OF",2022,2019.0,85.0,84.0,79.0,94.05%,0.0,1.0,0.0,94.05%,,,,,,,,,,,,,,,,,,,
"DENVER, UNIVERSITY OF",2022,2019.0,244.0,240.0,223.0,92.92%,1.0,3.0,0.0,92.92%,,,,,,,,,,,,,,,,,,,
DEPAUL UNIVERSITY,2022,2019.0,212.0,203.0,165.0,81.28%,9.0,0.0,0.0,81.28%,,,,,,,,,,,,,,,,,,,
"DETROIT MERCY, UNIVERSITY OF",2022,2019.0,176.0,100.0,83.0,83.00%,0.0,76.0,0.0,83.00%,,,,,,,,,,,,,,,,,,,
DISTRICT OF COLUMBIA,2022,2019.0,66.0,57.0,38.0,66.67%,,9.0,1.0,67.24%,,,,,,,,,,,,,,,,,,,
DRAKE UNIVERSITY,2022,2019.0,100.0,99.0,89.0,89.90%,0.0,1.0,0.0,89.90%,,,,,,,,,,,,,,,,,,,
DREXEL UNIVERSITY,2022,2019.0,131.0,128.0,113.0,88.28%,1.0,2.0,,88.28%,,,,,,,,,,,,,,,,,,,
DUKE UNIVERSITY,2022,2019.0,225.0,217.0,216.0,99.54%,2.0,6.0,0.0,99.54%,,,,,,,,,,,,,,,,,,,
DUQUESNE UNIVERSITY,2022,2019.0,108.0,104.0,96.0,92.31%,4.0,0.0,0.0,92.31%,,,,,,,,,,,,,,,,,,,
ELON UNIVERSITY,2022,2019.0,109.0,104.0,92.0,88.46%,0.0,5.0,0.0,88.46%,,,,,,,,,,,,,,,,,,,
EMORY UNIVERSITY,2022,2019.0,306.0,286.0,248.0,86.71%,3.0,17.0,0.0,86.71%,,,,,,,,,,,,,,,,,,,
FAULKNER UNIVERSITY,2022,2019.0,62.0,59.0,51.0,86.44%,0.0,3.0,0.0,86.44%,,,,,,,,,,,,,,,,,,,
FLORIDA A&M UNIVERSITY,2022,2019.0,143.0,128.0,101.0,78.91%,6.0,9.0,0.0,78.91%,,,,,,,,,,,,,,,,,,,
FLORIDA INTERNATIONAL UNIVERSITY,2022,2019.0,144.0,141.0,137.0,97.16%,0.0,3.0,0.0,97.16%,,,,,,,,,,,,,,,,,,,
FLORIDA STATE UNIVERSITY,2022,2019.0,176.0,170.0,163.0,95.88%,3.0,3.0,0.0,95.88%,,,,,,,,,,,,,,,,,,,
"FLORIDA, UNIVERSITY OF",2022,2019.0,329.0,323.0,316.0,97.83%,0.0,6.0,0.0,97.83%,,,,,,,,,,,,,,,,,,,
FORDHAM UNIVERSITY,2022,2019.0,382.0,365.0,353.0,96.71%,0.0,17.0,0.0,96.71%,,,,,,,,,,,,,,,,,,,
GEORGE MASON UNIVERSITY,2022,2019.0,164.0,156.0,155.0,99.36%,1.0,7.0,0.0,99.36%,,,,,,,,,,,,,,,,,,,
GEORGE WASHINGTON UNIVERSITY,2022,2019.0,502.0,485.0,463.0,95.46%,14.0,6.0,0.0,95.46%,,,,,,,,,,,,,,,,,,,
GEORGETOWN UNIVERSITY,2022,2019.0,668.0,644.0,621.0,96.43%,15.0,9.0,0.0,96.43%,,,,,,,,,,,,,,,,,,,
GEORGIA STATE UNIVERSITY,2022,2019.0,196.0,186.0,182.0,97.85%,0.0,10.0,0.0,97.85%,,,,,,,,,,,,,,,,,,,
"GEORGIA, UNIVERSITY OF",2022,2019.0,185.0,180.0,174.0,96.67%,0.0,5.0,1.0,96.69%,,,,,,,,,,,,,,,,,,,
GOLDEN GATE UNIVERSITY,2022,2019.0,107.0,99.0,66.0,66.67%,0.0,8.0,1.0,67.00%,,,,,,,,,,,,,,,,,,,
GONZAGA UNIVERSITY,2022,2019.0,109.0,107.0,92.0,85.98%,0.0,1.0,10.0,87.18%,,,,,,,,,,,,,,,,,,,
HARVARD UNIVERSITY,2022,2019.0,599.0,561.0,557.0,99.29%,23.0,15.0,1.0,99.29%,,,,,,,,,,,,,,,,,,,
"HAWAII, UNIVERSITY OF",2022,2019.0,88.0,82.0,69.0,84.15%,6.0,0.0,,84.15%,,,,,,,,,,,,,,,,,,,
HOFSTRA UNIVERSITY,2022,2019.0,211.0,203.0,163.0,80.30%,0.0,8.0,0.0,80.30%,,,,,,,,,,,,,,,,,,,
"HOUSTON, UNIVERSITY OF",2022,2019.0,230.0,223.0,205.0,91.93%,1.0,6.0,0.0,91.93%,,,,,,,,,,,,,,,,,,,
HOWARD UNIVERSITY,2022,2019.0,131.0,127.0,106.0,83.46%,0.0,4.0,0.0,83.46%,,,,,,,,,,,,,,,,,,,
"IDAHO, UNIVERSITY OF",2022,2019.0,101.0,96.0,81.0,84.38%,3.0,2.0,2.0,84.69%,,,,,,,,,,,,,,,,,,,
"ILLINOIS, UNIVERSITY OF",2022,2019.0,126.0,122.0,118.0,96.72%,0.0,4.0,0.0,96.72%,,,,,,,,,,,,,,,,,,,
INDIANA UNIVERSITY - BLOOMINGTON,2022,2019.0,180.0,174.0,163.0,93.68%,0.0,6.0,1.0,93.71%,,,,,,,,,,,,,,,,,,,
INDIANA UNIVERSITY - INDIANAPOLIS,2022,2019.0,252.0,238.0,207.0,86.97%,4.0,10.0,0.0,86.97%,,,,,,,,,,,,,,,,,,,
INTER AMERICAN UNIVERSITY OF PUERTO RICO,2022,2019.0,170.0,150.0,90.0,60.00%,0.0,20.0,0.0,60.00%,,,,,,,,,,,,,,,,,,,
"IOWA, UNIVERSITY OF",2022,2019.0,141.0,138.0,131.0,94.93%,0.0,3.0,0.0,94.93%,,,,,,,,,,,,,,,,,,,
"KANSAS, UNIVERSITY OF",2022,2019.0,98.0,94.0,90.0,95.74%,2.0,2.0,0.0,95.74%,,,,,,,,,,,,,,,,,,,
"KENTUCKY, UNIVERSITY OF",2022,2019.0,168.0,164.0,155.0,94.51%,0.0,5.0,0.0,94.51%,,,,,,,,,,,,,,,,,,,
LEWIS AND CLARK COLLEGE,2022,2019.0,175.0,157.0,148.0,94.27%,0.0,18.0,1.0,94.30%,,,,,,,,,,,,,,,,,,,
LIBERTY UNIVERSITY,2022,2019.0,51.0,51.0,50.0,98.04%,0.0,0.0,0.0,98.04%,,,,,,,,,,,,,,,,,,,
LINCOLN MEMORIAL,2022,2019.0,70.0,69.0,65.0,94.20%,0.0,1.0,0.0,94.20%,,,,,,,,,,,,,,,,,,,
LOUISIANA STATE UNIVERSITY,2022,2019.0,177.0,173.0,159.0,91.91%,0.0,4.0,0.0,91.91%,,,,,,,,,,,,,,,,,,,
"LOUISVILLE, UNIVERSITY OF",2022,2019.0,111.0,104.0,94.0,90.38%,4.0,3.0,0.0,90.38%,,,,,,,,,,,,,,,,,,,
LOYOLA MARYMOUNT UNIVERSITY-LOS ANGELES,2022,2019.0,320.0,314.0,298.0,94.90%,0.0,6.0,,94.90%,,,,,,,,,,,,,,,,,,,
LOYOLA UNIVERSITY-CHICAGO,2022,2019.0,197.0,190.0,178.0,93.68%,4.0,3.0,0.0,93.68%,,,,,,,,,,,,,,,,,,,
LOYOLA UNIVERSITY-NEW ORLEANS,2022,2019.0,145.0,137.0,120.0,87.59%,0.0,8.0,4.0,87.94%,,,,,,,,,,,,,,,,,,,
"MAINE, UNIVERSITY OF",2022,2019.0,76.0,70.0,59.0,84.29%,0.0,6.0,0.0,84.29%,,,,,,,,,,,,,,,,,,,
MARQUETTE UNIVERSITY,2022,2019.0,181.0,2.0,2.0,100.00%,0.0,179.0,177.0,100.00%,,,,,,,,,,,,,,,,,,,
"MARYLAND, UNIVERSITY OF",2022,2019.0,187.0,180.0,170.0,94.44%,6.0,1.0,0.0,94.44%,,,,,,,,,,,,,,,,,,,
MCGEORGE SCHOOL OF LAW,2022,2019.0,164.0,161.0,141.0,87.58%,2.0,1.0,0.0,87.58%,,,,,,,,,,,,,,,,,,,
"MEMPHIS, UNIVERSITY OF",2022,2019.0,92.0,91.0,81.0,89.01%,0.0,1.0,0.0,89.01%,,,,,,,,,,,,,,,,,,,
MERCER UNIVERSITY,2022,2019.0,130.0,127.0,117.0,92.13%,0.0,3.0,0.0,92.13%,,,,,,,,,,,,,,,,,,,
"MIAMI, UNIVERSITY OF",2022,2019.0,343.0,324.0,295.0,91.05%,0.0,19.0,0.0,91.05%,,,,,,,,,,,,,,,,,,,
MICHIGAN STATE UNIVERSITY,2022,2019.0,236.0,216.0,187.0,86.57%,0.0,20.0,0.0,86.57%,,,,,,,,,,,,,,,,,,,
"MICHIGAN, UNIVERSITY OF",2022,2019.0,314.0,302.0,297.0,98.34%,8.0,4.0,0.0,98.34%,,,,,,,,,,,,,,,,,,,
"MINNESOTA, UNIVERSITY OF",2022,2019.0,161.0,153.0,151.0,98.69%,0.0,8.0,0.0,98.69%,,,,,,,,,,,,,,,,,,,
MISSISSIPPI COLLEGE,2022,2019.0,111.0,102.0,80.0,78.43%,0.0,9.0,0.0,78.43%,,,,,,,,,,,,,,,,,,,
"MISSISSIPPI, UNIVERSITY OF",2022,2019.0,98.0,94.0,87.0,92.55%,0.0,4.0,0.0,92.55%,,,,,,,,,,,,,,,,,,,
"MISSOURI, UNIVERSITY OF",2022,2019.0,90.0,89.0,83.0,93.26%,0.0,2.0,0.0,93.26%,,,,,,,,,,,,,,,,,,,
"MISSOURI-KANSAS CITY, UNIVERSITY OF",2022,2019.0,126.0,124.0,116.0,93.55%,0.0,2.0,0.0,93.55%,,,,,,,,,,,,,,,,,,,
MITCHELL|HAMLINE,2022,2019.0,297.0,283.0,239.0,84.45%,12.0,2.0,1.0,84.51%,,,,,,,,,,,,,,,,,,,
"MONTANA, UNIVERSITY OF",2022,2019.0,70.0,69.0,66.0,95.65%,0.0,1.0,0.0,95.65%,,,,,,,,,,,,,,,,,,,
"NEBRASKA, UNIVERSITY OF",2022,2019.0,117.0,116.0,111.0,95.69%,0.0,1.0,0.0,95.69%,,,,,,,,,,,,,,,,,,,
NEW ENGLAND LAW | BOSTON,2022,2019.0,146.0,136.0,126.0,92.65%,0.0,10.0,0.0,92.65%,,,,,,,,,,,,,,,,,,,
NEW HAMPSHIRE UNIVERSITY OF,2022,2019.0,63.0,63.0,59.0,93.65%,0.0,0.0,0.0,93.65%,,,,,,,,,,,,,,,,,,,
"NEW MEXICO, UNIVERSITY OF",2022,2019.0,114.0,108.0,104.0,96.30%,2.0,4.0,0.0,96.30%,,,,,,,,,,,,,,,,,,,
NEW YORK LAW SCHOOL,2022,2019.0,272.0,269.0,241.0,89.59%,3.0,0.0,0.0,89.59%,,,,,,,,,,,,,,,,,,,
NEW YORK UNIVERSITY,2022,2019.0,485.0,475.0,466.0,98.11%,2.0,8.0,0.0,98.11%,,,,,,,,,,,,,,,,,,,
NORTH CAROLINA CENTRAL UNIVERSITY,2022,2019.0,127.0,121.0,107.0,88.43%,3.0,3.0,0.0,88.43%,,,,,,,,,,,,,,,,,,,
"NORTH CAROLINA, UNIVERSITY OF",2022,2019.0,208.0,201.0,190.0,94.53%,0.0,9.0,2.0,94.58%,,,,,,,,,,,,,,,,,,,
"NORTH DAKOTA, UNIVERSITY OF",2022,2019.0,105.0,97.0,84.0,86.60%,4.0,4.0,0.0,86.60%,,,,,,,,,,,,,,,,,,,
NORTHEASTERN UNIVERSITY,2022,2019.0,211.0,202.0,190.0,94.06%,0.0,9.0,0.0,94.06%,,,,,,,,,,,,,,,,,,,
NORTHERN ILLINOIS UNIVERSITY,2022,2019.0,80.0,77.0,71.0,92.21%,0.0,3.0,0.0,92.21%,,,,,,,,,,,,,,,,,,,
NORTHERN KENTUCKY UNIVERSITY,2022,2019.0,112.0,107.0,90.0,84.11%,5.0,0.0,0.0,84.11%,,,,,,,,,,,,,,,,,,,
NORTHWESTERN UNIVERSITY,2022,2019.0,240.0,229.0,226.0,98.69%,9.0,2.0,0.0,98.69%,,,,,,,,,,,,,,,,,,,
"NOTRE DAME, UNIVERSITY OF",2022,2019.0,193.0,190.0,185.0,97.37%,2.0,1.0,0.0,97.37%,,,,,,,,,,,,,,,,,,,
NOVA SOUTHEASTERN UNIVERSITY,2022,2019.0,228.0,219.0,186.0,84.93%,0.0,9.0,0.0,84.93%,,,,,,,,,,,,,,,,,,,
OHIO NORTHERN UNIVERSITY,2022,2019.0,49.0,47.0,46.0,97.87%,0.0,2.0,0.0,97.87%,,,,,,,,,,,,,,,,,,,
OHIO STATE UNIVERSITY,2022,2019.0,170.0,157.0,149.0,94.90%,2.0,11.0,0.0,94.90%,,,,,,,,,,,,,,,,,,,
OKLAHOMA CITY UNIVERSITY,2022,2019.0,125.0,120.0,109.0,90.83%,0.0,5.0,0.0,90.83%,,,,,,,,,,,,,,,,,,,
"OKLAHOMA, UNIVERSITY OF",2022,2019.0,176.0,172.0,167.0,97.09%,0.0,4.0,0.0,97.09%,,,,,,,,,,,,,,,,,,,
"OREGON, UNIVERSITY OF",2022,2019.0,96.0,91.0,83.0,91.21%,2.0,3.0,0.0,91.21%,,,,,,,,,,,,,,,,,,,
PACE UNIVERSITY,2022,2019.0,185.0,185.0,170.0,91.89%,0.0,0.0,0.0,91.89%,,,,,,,,,,,,,,,,,,,
PENNSYLVANIA STATE - DICKINSON LAW,2022,2019.0,57.0,55.0,49.0,89.09%,0.0,2.0,0.0,89.09%,,,,,,,,,,,,,,,,,,,
PENNSYLVANIA STATE - PENN STATE LAW,2022,2019.0,147.0,140.0,133.0,95.00%,1.0,6.0,0.0,95.00%,,,,,,,,,,,,,,,,,,,
"PENNSYLVANIA, UNIVERSITY OF",2022,2019.0,251.0,246.0,241.0,97.97%,0.0,5.0,0.0,97.97%,,,,,,,,,,,,,,,,,,,
PEPPERDINE UNIVERSITY,2022,2019.0,184.0,179.0,168.0,93.85%,0.0,5.0,0.0,93.85%,,,,,,,,,,,,,,,,,,,
"PITTSBURGH, UNIVERSITY OF",2022,2019.0,127.0,123.0,115.0,93.50%,0.0,4.0,0.0,93.50%,,,,,,,,,,,,,,,,,,,
PONTIFICAL CATHOLIC UNIVERSITY OF P.R.,2022,2019.0,137.0,123.0,56.0,45.53%,5.0,9.0,0.0,45.53%,,,,,,,,,,,,,,,,,,,
"PUERTO RICO, UNIVERSITY OF",2022,2019.0,174.0,156.0,109.0,69.87%,0.0,18.0,0.0,69.87%,,,,,,,,,,,,,,,,,,,
QUINNIPIAC UNIVERSITY,2022,2019.0,76.0,74.0,68.0,91.89%,0.0,2.0,0.0,91.89%,,,,,,,,,,,,,,,,,,,
REGENT UNIVERSITY,2022,2019.0,68.0,63.0,56.0,88.89%,0.0,5.0,0.0,88.89%,,,,,,,,,,,,,,,,,,,
"RICHMOND, UNIVERSITY OF",2022,2019.0,120.0,115.0,107.0,93.04%,0.0,5.0,0.0,93.04%,,,,,,,,,,,,,,,,,,,
ROGER WILLIAMS UNIVERSITY,2022,2019.0,133.0,129.0,113.0,87.60%,1.0,3.0,0.0,87.60%,,,,,,,,,,,,,,,,,,,
RUTGERS UNIVERSITY,2022,2019.0,315.0,300.0,265.0,88.33%,8.0,7.0,0.0,88.33%,,,,,,,,,,,,,,,,,,,
RUTGERS UNIVERSITY-NEWARK,2022,2019.0,224.0,216.0,197.0,91.20%,5.0,4.0,0.0,91.20%,,,,,,,,,,,,,,,,,,,
SAINT LOUIS UNIVERSITY,2022,2019.0,159.0,156.0,145.0,92.95%,2.0,1.0,0.0,92.95%,,,,,,,,,,,,,,,,,,,
SAMFORD UNIVERSITY,2022,2019.0,138.0,136.0,130.0,95.59%,0.0,2.0,0.0,95.59%,,,,,,,,,,,,,,,,,,,
"SAN DIEGO, UNIVERSITY OF",2022,2019.0,192.0,184.0,168.0,91.30%,0.0,8.0,0.0,91.30%,,,,,,,,,,,,,,,,,,,
"SAN FRANCISCO, UNIVERSITY OF",2022,2019.0,116.0,111.0,91.0,81.98%,0.0,5.0,0.0,81.98%,,,,,,,,,,,,,,,,,,,
SANTA CLARA UNIVERSITY,2022,2019.0,214.0,207.0,172.0,83.09%,7.0,7.0,0.0,83.09%,,,,,,,,,,,,,,,,,,,
SEATTLE UNIVERSITY,2022,2019.0,180.0,143.0,128.0,89.51%,7.0,30.0,25.0,91.07%,,,,,,,,,,,,,,,,,,,
SETON HALL UNIVERSITY,2022,2019.0,140.0,137.0,130.0,94.89%,3.0,0.0,0.0,94.89%,,,,,,,,,,,,,,,,,,,
"SOUTH CAROLINA, UNIVERSITY OF",2022,2019.0,196.0,192.0,177.0,92.19%,1.0,3.0,0.0,92.19%,,,,,,,,,,,,,,,,,,,
"SOUTH DAKOTA, UNIVERSITY OF",2022,2019.0,48.0,47.0,44.0,93.62%,1.0,0.0,0.0,93.62%,,,,,,,,,,,,,,,,,,,
SOUTH TEXAS COLLEGE OF LAW HOUSTON,2022,2019.0,268.0,259.0,239.0,92.28%,,9.0,,92.28%,,,,,,,,,,,,,,,,,,,
"SOUTHERN CALIFORNIA, UNIVERSITY OF",2022,2019.0,224.0,216.0,205.0,94.91%,0.0,8.0,1.0,94.93%,,,,,,,,,,,,,,,,,,,
SOUTHERN ILLINOIS UNIVERSITY-CARBONDALE,2022,2019.0,91.0,89.0,72.0,80.90%,0.0,2.0,0.0,80.90%,,,,,,,,,,,,,,,,,,,
SOUTHERN METHODIST UNIVERSITY,2022,2019.0,262.0,255.0,240.0,94.12%,0.0,7.0,0.0,94.12%,,,,,,,,,,,,,,,,,,,
SOUTHERN UNIVERSITY,2022,2019.0,143.0,122.0,104.0,85.25%,7.0,14.0,0.0,85.25%,,,,,,,,,,,,,,,,,,,
SOUTHWESTERN LAW SCHOOL,2022,2019.0,190.0,184.0,171.0,92.93%,6.0,0.0,0.0,92.93%,,,,,,,,,,,,,,,,,,,
ST. JOHN'S UNIVERSITY,2022,2019.0,222.0,222.0,209.0,94.14%,0.0,0.0,0.0,94.14%,,,,,,,,,,,,,,,,,,,
ST. MARY'S UNIVERSITY,2022,2019.0,200.0,193.0,168.0,87.05%,0.0,7.0,0.0,87.05%,,,,,,,,,,,,,,,,,,,
ST. THOMAS UNIVERSITY (FLORIDA),2022,2019.0,157.0,155.0,132.0,85.16%,2.0,0.0,0.0,85.16%,,,,,,,,,,,,,,,,,,,
"ST. THOMAS, UNIVERSITY OF (MINNESOTA)",2022,2019.0,132.0,126.0,110.0,87.30%,0.0,6.0,0.0,87.30%,,,,,,,,,,,,,,,,,,,
STANFORD UNIVERSITY,2022,2019.0,183.0,179.0,177.0,98.88%,2.0,2.0,0.0,98.88%,,,,,,,,,,,,,,,,,,,
STETSON UNIVERSITY,2022,2019.0,245.0,229.0,209.0,91.27%,0.0,16.0,0.0,91.27%,,,,,,,,,,,,,,,,,,,
SUFFOLK UNIVERSITY,2022,2019.0,304.0,289.0,240.0,83.04%,4.0,11.0,0.0,83.04%,,,,,,,,,,,,,,,,,,,
SYRACUSE UNIVERSITY,2022,2019.0,195.0,187.0,174.0,93.05%,1.0,7.0,0.0,93.05%,,,,,,,,,,,,,,,,,,,
TEMPLE UNIVERSITY,2022,2019.0,216.0,211.0,200.0,94.79%,1.0,4.0,0.0,94.79%,,,,,,,,,,,,,,,,,,,
"TENNESSEE, UNIVERSITY OF",2022,2019.0,111.0,108.0,99.0,91.67%,0.0,3.0,0.0,91.67%,,,,,,,,,,,,,,,,,,,
TEXAS A&M UNIVERSITY,2022,2019.0,126.0,121.0,117.0,96.69%,0.0,5.0,0.0,96.69%,,,,,,,,,,,,,,,,,,,
"TEXAS AT AUSTIN, UNIVERSITY OF",2022,2019.0,304.0,295.0,287.0,97.29%,3.0,6.0,0.0,97.29%,,,,,,,,,,,,,,,,,,,
TEXAS SOUTHERN UNIVERSITY,2022,2019.0,193.0,187.0,144.0,77.01%,0.0,6.0,0.0,77.01%,,,,,,,,,,,,,,,,,,,
TEXAS TECH UNIVERSITY,2022,2019.0,136.0,135.0,123.0,91.11%,0.0,1.0,0.0,91.11%,,,,,,,,,,,,,,,,,,,
"TOLEDO, UNIVERSITY OF",2022,2019.0,80.0,72.0,66.0,91.67%,8.0,0.0,0.0,91.67%,,,,,,,,,,,,,,,,,,,
TOURO UNIVERSITY,2022,2019.0,113.0,111.0,96.0,86.49%,0.0,2.0,0.0,86.49%,,,,,,,,,,,,,,,,,,,
TULANE UNIVERSITY,2022,2019.0,175.0,169.0,144.0,85.21%,0.0,6.0,0.0,85.21%,,,,,,,,,,,,,,,,,,,
"TULSA, UNIVERSITY OF",2022,2019.0,81.0,78.0,70.0,89.74%,0.0,3.0,0.0,89.74%,,,,,,,,,,,,,,,,,,,
UNIVERSITY OF BUFFALO-SUNY,2022,2019.0,140.0,135.0,116.0,85.93%,4.0,1.0,1.0,86.03%,,,,,,,,,,,,,,,,,,,
"UNIVERSITY OF CALIFORNIA COLLEGE OF THE LAW, SAN FRANCISCO",2022,2019.0,312.0,304.0,285.0,93.75%,8.0,,,93.75%,,,,,,,,,,,,,,,,,,,
UNIVERSITY OF ILLINOIS CHICAGO SCHOOL OF LAW,2022,2019.0,219.0,210.0,164.0,78.10%,4.0,5.0,0.0,78.10%,,,,,,,,,,,,,,,,,,,
UNIVERSITY OF MASSACHUSETTS DARTMOUTH,2022,2019.0,47.0,43.0,36.0,83.72%,0.0,4.0,0.0,83.72%,,,,,,,,,,,,,,,,,,,
UNIVERSITY OF NEVADA - LAS VEGAS,2022,2019.0,117.0,112.0,105.0,93.75%,0.0,5.0,0.0,93.75%,,,,,,,,,,,,,,,,,,,
UNT DALLAS COLLEGE OF LAW,2022,2019.0,113.0,108.0,87.0,80.56%,0.0,5.0,0.0,80.56%,,,,,,,,,,,,,,,,,,,
"UTAH, UNIVERSITY OF",2022,2019.0,81.0,79.0,76.0,96.20%,0.0,2.0,0.0,96.20%,,,,,,,,,,,,,,,,,,,
VANDERBILT UNIVERSITY,2022,2019.0,209.0,204.0,198.0,97.06%,2.0,3.0,0.0,97.06%,,,,,,,,,,,,,,,,,,,
VERMONT LAW SCHOOL,2022,2019.0,121.0,114.0,77.0,67.54%,3.0,4.0,0.0,67.54%,,,,,,,,,,,,,,,,,,,
VILLANOVA UNIVERSITY,2022,2019.0,212.0,211.0,198.0,93.84%,0.0,1.0,0.0,93.84%,,,,,,,,,,,,,,,,,,,
"VIRGINIA, UNIVERSITY OF",2022,2019.0,288.0,286.0,284.0,99.30%,0.0,2.0,0.0,99.30%,,,,,,,,,,,,,,,,,,,
WAKE FOREST UNIVERSITY,2022,2019.0,158.0,151.0,144.0,95.36%,0.0,7.0,0.0,95.36%,,,,,,,,,,,,,,,,,,,
WASHBURN UNIVERSITY,2022,2019.0,103.0,101.0,93.0,92.08%,0.0,2.0,0.0,92.08%,,,,,,,,,,,,,,,,,,,
WASHINGTON AND LEE UNIVERSITY,2022,2019.0,109.0,107.0,104.0,97.20%,0.0,2.0,0.0,97.20%,,,,,,,,,,,,,,,,,,,
WASHINGTON UNIVERSITY,2022,2019.0,230.0,222.0,216.0,97.30%,2.0,6.0,0.0,97.30%,,,,,,,,,,,,,,,,,,,
"WASHINGTON, UNIVERSITY OF",2022,2019.0,159.0,153.0,140.0,91.50%,0.0,5.0,6.0,91.82%,,,,,,,,,,,,,,,,,,,
WAYNE STATE UNIVERSITY,2022,2019.0,133.0,127.0,118.0,92.91%,0.0,6.0,0.0,92.91%,,,,,,,,,,,,,,,,,,,
WEST VIRGINIA UNIVERSITY,2022,2019.0,102.0,96.0,79.0,82.29%,0.0,6.0,0.0,82.29%,,,,,,,,,,,,,,,,,,,
WESTERN MICHIGAN UNIVERSITY,2022,2019.0,279.0,247.0,147.0,59.51%,0.0,32.0,0.0,59.51%,,,,,,,,,,,,,,,,,,,
WESTERN NEW ENGLAND UNIVERSITY,2022,2019.0,53.0,50.0,37.0,74.00%,0.0,3.0,0.0,74.00%,,,,,,,,,,,,,,,,,,,
WESTERN STATE COLLEGE OF LAW,2022,2019.0,114.0,110.0,93.0,84.55%,0.0,4.0,0.0,84.55%,,,,,,,,,,,,,,,,,,,
WIDENER UNIVERSITY-DELAWARE,2022,2019.0,113.0,108.0,91.0,84.26%,0.0,5.0,0.0,84.26%,,,,,,,,,,,,,,,,,,,
WIDENER-COMMONWEALTH,2022,2019.0,80.0,78.0,61.0,78.21%,0.0,2.0,0.0,78.21%,,,,,,,,,,,,,,,,,,,
WILLAMETTE UNIVERSITY,2022,2019.0,87.0,80.0,76.0,95.00%,0.0,7.0,0.0,95.00%,,,,,,,,,,,,,,,,,,,
WILLIAM AND MARY LAW SCHOOL,2022,2019.0,229.0,215.0,206.0,95.81%,6.0,8.0,0.0,95.81%,,,,,,,,,,,,,,,,,,,
"WISCONSIN, UNIVERSITY OF",2022,2019.0,151.0,6.0,5.0,83.33%,0.0,145.0,144.0,99.33%,,,,,,,,,,,,,,,,,,,
"WYOMING, UNIVERSITY OF",2022,2019.0,73.0,71.0,65.0,91.55%,0.0,2.0,0.0,91.55%,,,,,,,,,,,,,,,,,,,
YALE UNIVERSITY,2022,2019.0,214.0,208.0,206.0,99.04%,0.0,6.0,0.0,99.04%,,,,,,,,,,,,,,,,,,,
*Alternative Pathways refers to graduates who secure non-temporary licensure without sitting for a bar exam.,2022,,,,,,,,,,,,,,,,,,,,,,,,,,,,
"Akron, The University of",2023,,,,,84.83%,,,,,153.0,145.0,123.0,0.0,8.0,0.0,84.83%,,,,,,,,,,,,
"Alabama, The University of",2023,,,,,99.21%,,,,,128.0,126.0,125.0,2.0,0.0,0.0,99.21%,,,,,,,,,,,,
Albany Law School,2023,,,,,92.67%,,,,,151.0,150.0,139.0,0.0,1.0,0.0,92.67%,,,,,,,,,,,,
American University,2023,,,,,89.57%,,,,,379.0,345.0,309.0,,34.0,,89.57%,,,,,,,,,,,,
Appalachian School of Law,2023,,,,,71.43%,,,,,45.0,42.0,30.0,2.0,1.0,0.0,71.43%,,,,,,,,,,,,
Arizona State University,2023,,,,,92.06%,,,,,262.0,252.0,232.0,3.0,7.0,0.0,92.06%,,,,,,,,,,,,
"Arizona, The University of",2023,,,,,83.33%,,,,,93.0,84.0,70.0,0.0,9.0,0.0,83.33%,,,,,,,,,,,,
"Arkansas at Little Rock, University of",2023,,,,,90.65%,,,,,113.0,107.0,97.0,0.0,6.0,0.0,90.65%,,,,,,,,,,,,
"Arkansas, University of",2023,,,,,94.59%,,,,,111.0,111.0,105.0,0.0,0.0,0.0,94.59%,,,,,,,,,,,,
Atlanta's John Marshall Law School,2023,,,,,78.49%,,,,,101.0,93.0,73.0,2.0,6.0,0.0,78.49%,,,,,,,,,,,,
Ave Maria School of Law,2023,,,,,88.41%,,,,,72.0,69.0,61.0,0.0,3.0,0.0,88.41%,,,,,,,,,,,,
"Baltimore, University of",2023,,,,,85.03%,,,,,168.0,147.0,125.0,0.0,21.0,0.0,85.03%,,,,,,,,,,,,
Barry University,2023,,,,,79.53%,,,,,187.0,171.0,136.0,5.0,11.0,0.0,79.53%,,,,,,,,,,,,
Baylor University,2023,,,,,99.23%,,,,,134.0,130.0,129.0,0.0,3.0,1.0,99.24%,,,,,,,,,,,,
Belmont University,2023,,,,,94.95%,,,,,99.0,99.0,94.0,0.0,0.0,0.0,94.95%,,,,,,,,,,,,
Boston College,2023,,,,,97.07%,,,,,244.0,239.0,232.0,5.0,7.0,2.0,97.10%,,,,,,,,,,,,
Boston University,2023,,,,,98.64%,,,,,227.0,221.0,218.0,,6.0,1.0,98.65%,,,,,,,,,,,,
Brigham Young University,2023,,,,,100.00%,,,,,97.0,42.0,42.0,1.0,54.0,46.0,100.00%,,,,,,,,,,,,
Brooklyn Law School,2023,,,,,90.25%,,,,,326.0,318.0,287.0,3.0,5.0,2.0,90.31%,,,,,,,,,,,,
"Buffalo, University at",2023,,,,,91.55%,,,,,144.0,142.0,130.0,1.0,1.0,0.0,91.55%,,,,,,,,,,,,
California Western School of Law,2023,,,,,83.84%,,,,,207.0,198.0,166.0,0.0,9.0,0.0,83.84%,,,,,,,,,,,,
"California-Berkeley, University of",2023,,,,,99.36%,,,,,329.0,313.0,311.0,0.0,14.0,9.0,99.38%,,,,,,,,,,,,
"California-Davis, University of",2023,,,,,90.97%,,,,,148.0,144.0,131.0,3.0,1.0,0.0,90.97%,,,,,,,,,,,,
"California-Irvine, University of",2023,,,,,95.52%,,,,,141.0,134.0,128.0,0.0,5.0,2.0,95.59%,,,,,,,,,,,,
"California-Los Angeles, University of",2023,,,,,99.00%,,,,,314.0,300.0,297.0,10.0,4.0,4.0,99.01%,,,,,,,,,,,,
"California-San Francisco, University of",2023,,,,,91.58%,,,,,295.0,285.0,261.0,7.0,3.0,3.0,91.67%,,,,,,,,,,,,
Campbell University,2023,,,,,95.59%,,,,,141.0,136.0,130.0,0.0,5.0,0.0,95.59%,,,,,,,,,,,,
Capital University Law School,2023,,,,,91.35%,,,,,113.0,104.0,95.0,0.0,9.0,0.0,91.35%,,,,,,,,,,,,
"Cardozo, Yeshiva University",2023,,,,,95.54%,,,,,349.0,336.0,321.0,0.0,13.0,2.0,95.56%,,,,,,,,,,,,
Case Western Reserve University,2023,,,,,94.34%,,,,,118.0,106.0,100.0,0.0,12.0,1.0,94.39%,,,,,,,,,,,,
"Catholic University of America, The",2023,,,,,94.19%,,,,,96.0,86.0,81.0,5.0,5.0,3.0,94.38%,,,,,,,,,,,,
Chapman University,2023,,,,,91.72%,,,,,145.0,145.0,133.0,0.0,0.0,0.0,91.72%,,,,,,,,,,,,
Charleston School of Law,2023,,,,,78.50%,,,,,221.0,214.0,168.0,4.0,3.0,0.0,78.50%,,,,,,,,,,,,
"Chicago, The University of",2023,,,,,100.00%,,,,,202.0,195.0,195.0,0.0,7.0,1.0,100.00%,,,,,,,,,,,,
"Chicago-Kent, Illinois Institute of Technology",2023,,,,,88.73%,,,,,217.0,204.0,181.0,13.0,0.0,0.0,88.73%,,,,,,,,,,,,
"Cincinnati, University of",2023,,,,,94.68%,,,,,95.0,94.0,89.0,0.0,1.0,0.0,94.68%,,,,,,,,,,,,
"City University of New York, University of",2023,,,,,84.51%,,,,,147.0,142.0,120.0,0.0,5.0,0.0,84.51%,,,,,,,,,,,,
Cleveland State University,2023,,,,,88.17%,,,,,99.0,93.0,82.0,0.0,6.0,0.0,88.17%,,,,,,,,,,,,
"Colorado, University of",2023,,,,,97.65%,,,,,182.0,170.0,166.0,0.0,12.0,1.0,97.66%,,,,,,,,,,,,
Columbia University,2023,,,,,96.22%,,,,,429.0,423.0,407.0,5.0,6.0,0.0,96.22%,,,,,,,,,,,,
"Connecticut, University of",2023,,,,,95.73%,,,,,140.0,117.0,112.0,,23.0,,95.73%,,,,,,,,,,,,
Cooley Law School,2023,,,,,61.00%,,,,,329.0,300.0,183.0,0.0,29.0,0.0,61.00%,,,,,,,,,,,,
Cornell University,2023,,,,,97.41%,,,,,201.0,193.0,188.0,7.0,0.0,1.0,97.42%,,,,,,,,,,,,
Creighton University,2023,,,,,92.55%,,,,,99.0,94.0,87.0,,5.0,0.0,92.55%,,,,,,,,,,,,
"Dayton, University of",2023,,,,,97.01%,,,,,71.0,67.0,65.0,0.0,4.0,1.0,97.06%,,,,,,,,,,,,
"Denver, University of",2023,,,,,88.44%,,,,,204.0,199.0,176.0,0.0,5.0,1.0,88.50%,,,,,,,,,,,,
DePaul University,2023,,,,,87.68%,,,,,222.0,211.0,185.0,10.0,1.0,1.0,87.74%,,,,,,,,,,,,
"Detroit Mercy, University of",2023,,,,,87.63%,,,,,184.0,97.0,85.0,0.0,87.0,0.0,87.63%,,,,,,,,,,,,
"District of Columbia, University of",2023,,,,,80.60%,,,,,78.0,67.0,54.0,0.0,11.0,0.0,80.60%,,,,,,,,,,,,
Drake University,2023,,,,,91.49%,,,,,97.0,94.0,86.0,0.0,3.0,0.0,91.49%,,,,,,,,,,,,
Drexel University,2023,,,,,93.08%,,,,,135.0,130.0,121.0,0.0,5.0,0.0,93.08%,,,,,,,,,,,,
Duke University,2023,,,,,99.52%,,,,,215.0,207.0,206.0,0.0,3.0,5.0,99.53%,,,,,,,,,,,,
Duquesne University,2023,,,,,90.55%,,,,,132.0,127.0,115.0,4.0,1.0,1.0,90.63%,,,,,,,,,,,,
Elon University,2023,,,,,86.78%,,,,,122.0,121.0,105.0,1.0,0.0,0.0,86.78%,,,,,,,,,,,,
Emory University,2023,,,,,94.59%,,,,,273.0,259.0,245.0,8.0,6.0,1.0,94.62%,,,,,,,,,,,,
Faulkner University,2023,,,,,89.80%,,,,,52.0,49.0,44.0,,3.0,,89.80%,,,,,,,,,,,,
Florida A&M University,2023,,,,,78.57%,,,,,149.0,140.0,110.0,4.0,5.0,0.0,78.57%,,,,,,,,,,,,
Florida International University,2023,,,,,97.67%,,,,,131.0,129.0,126.0,0.0,2.0,0.0,97.67%,,,,,,,,,,,,
Florida State University,2023,,,,,93.94%,,,,,171.0,165.0,155.0,4.0,1.0,1.0,93.98%,,,,,,,,,,,,
"Florida, University of",2023,,,,,95.21%,,,,,315.0,313.0,298.0,0.0,2.0,0.0,95.21%,,,,,,,,,,,,
Fordham University,2023,,,,,97.33%,,,,,397.0,375.0,365.0,20.0,2.0,0.0,97.33%,,,,,,,,,,,,
George Mason University,2023,,,,,96.88%,,,,,177.0,160.0,155.0,0.0,17.0,5.0,96.97%,,,,,,,,,,,,
"George Washington University, The",2023,,,,,95.96%,,,,,425.0,396.0,380.0,6.0,23.0,10.0,96.06%,,,,,,,,,,,,
Georgetown University,2023,,,,,95.45%,,,,,682.0,637.0,608.0,22.0,23.0,16.0,95.56%,,,,,,,,,,,,
Georgia State University,2023,,,,,90.66%,,,,,209.0,182.0,165.0,27.0,0.0,0.0,90.66%,,,,,,,,,,,,
"Georgia, University of",2023,,,,,98.85%,,,,,178.0,174.0,172.0,0.0,4.0,1.0,98.86%,,,,,,,,,,,,
Gonzaga University,2023,,,,,89.13%,,,,,104.0,46.0,41.0,0.0,1.0,57.0,95.15%,,,,,,,,,,,,
Harvard University,2023,,,,,99.01%,,,,,570.0,503.0,498.0,35.0,32.0,3.0,99.01%,,,,,,,,,,,,
"Hawaii, University of",2023,,,,,84.34%,,,,,92.0,83.0,70.0,9.0,0.0,0.0,84.34%,,,,,,,,,,,,
Hofstra University,2023,,,,,85.41%,,,,,242.0,233.0,199.0,0.0,9.0,0.0,85.41%,,,,,,,,,,,,
"Houston, University of",2023,,,,,86.22%,,,,,241.0,225.0,194.0,4.0,16.0,0.0,86.22%,,,,,,,,,,,,
Howard University,2023,,,,,82.00%,,,,,144.0,100.0,82.0,0.0,24.0,1.0,82.18%,,,,,,,,,,,,
"Idaho, University of",2023,,,,,91.67%,,,,,97.0,84.0,77.0,5.0,1.0,7.0,92.31%,,,,,,,,,,,,
"Illinois, University of",2023,,,,,95.71%,,,,,144.0,140.0,134.0,0.0,5.0,1.0,95.74%,,,,,,,,,,,,
"Illinois-Chicago, University of",2023,,,,,84.03%,,,,,249.0,238.0,200.0,4.0,7.0,0.0,84.03%,,,,,,,,,,,,
Indiana University-Bloomington,2023,,,,,95.71%,,,,,153.0,140.0,134.0,0.0,13.0,4.0,95.83%,,,,,,,,,,,,
Indiana University-Indianapolis,2023,,,,,91.34%,,,,,248.0,231.0,211.0,1.0,16.0,0.0,91.34%,,,,,,,,,,,,
Inter American University of Puerto Rico,2023,,,,,62.11%,,,,,181.0,161.0,100.0,12.0,8.0,0.0,62.11%,,,,,,,,,,,,
"Iowa, University of",2023,,,,,93.89%,,,,,133.0,131.0,123.0,0.0,2.0,0.0,93.89%,,,,,,,,,,,,
"Kansas, The University of",2023,,,,,95.92%,,,,,101.0,98.0,94.0,3.0,0.0,0.0,95.92%,,,,,,,,,,,,
"Kentucky, University of",2023,,,,,92.45%,,,,,113.0,106.0,98.0,0.0,7.0,0.0,92.45%,,,,,,,,,,,,
Lewis & Clark Law School,2023,,,,,89.06%,,,,,170.0,64.0,57.0,0.0,106.0,89.0,95.42%,,,,,,,,,,,,
Liberty University,2023,,,,,96.30%,,,,,56.0,54.0,52.0,0.0,2.0,1.0,96.36%,,,,,,,,,,,,
Lincoln Memorial University,2023,,,,,84.93%,,,,,74.0,73.0,62.0,0.0,1.0,0.0,84.93%,,,,,,,,,,,,
Louisiana State University,2023,,,,,99.37%,,,,,169.0,159.0,158.0,9.0,117.0,116.0,99.64%,,,,,,,,,,,,
"Louisville, University of",2023,,,,,95.58%,,,,,118.0,113.0,108.0,2.0,3.0,2.0,95.65%,,,,,,,,,,,,
Loyola Marymount University-Los Angeles,2023,,,,,96.19%,,,,,324.0,315.0,303.0,0.0,9.0,0.0,96.19%,,,,,,,,,,,,
Loyola University-Chicago,2023,,,,,93.69%,,,,,236.0,222.0,208.0,11.0,3.0,1.0,93.72%,,,,,,,,,,,,
Loyola University-New Orleans,2023,,,,,64.71%,,,,,163.0,51.0,33.0,1.0,111.0,103.0,88.31%,,,,,,,,,,,,
"Maine, University of",2023,,,,,95.59%,,,,,76.0,68.0,65.0,0.0,8.0,0.0,95.59%,,,,,,,,,,,,
Marquette University,2023,,,,,57.14%,,,,,172.0,7.0,4.0,0.0,165.0,162.0,98.22%,,,,,,,,,,,,
"Maryland, University of",2023,,,,,93.14%,,,,,187.0,175.0,163.0,6.0,6.0,1.0,93.18%,,,,,,,,,,,,
"Massachusetts/Dartmouth, University of",2023,,,,,83.93%,,,,,59.0,56.0,47.0,0.0,3.0,1.0,84.21%,,,,,,,,,,,,
"Memphis, The University of",2023,,,,,90.12%,,,,,83.0,81.0,73.0,0.0,3.0,0.0,90.12%,,,,,,,,,,,,
Mercer University,2023,,,,,91.53%,,,,,121.0,118.0,108.0,0.0,3.0,0.0,91.53%,,,,,,,,,,,,
"Miami, University of",2023,,,,,86.24%,,,,,340.0,298.0,257.0,0.0,42.0,0.0,86.24%,,,,,,,,,,,,
Michigan State University,2023,,,,,88.26%,,,,,240.0,213.0,188.0,0.0,27.0,0.0,88.26%,,,,,,,,,,,,
"Michigan, University of",2023,,,,,99.20%,,,,,258.0,250.0,248.0,5.0,3.0,0.0,99.20%,,,,,,,,,,,,
"Minnesota, University of",2023,,,,,99.48%,,,,,201.0,191.0,190.0,0.0,10.0,2.0,99.48%,,,,,,,,,,,,
Mississippi College,2023,,,,,82.18%,,,,,116.0,101.0,83.0,0.0,15.0,9.0,83.64%,,,,,,,,,,,,
"Mississippi, The University of",2023,,,,,88.68%,,,,,117.0,106.0,94.0,0.0,11.0,2.0,88.89%,,,,,,,,,,,,
"Missouri, University of",2023,,,,,97.37%,,,,,81.0,76.0,74.0,0.0,5.0,2.0,97.44%,,,,,,,,,,,,
"Missouri-Kansas City, University of",2023,,,,,92.37%,,,,,119.0,118.0,109.0,0.0,1.0,0.0,92.37%,,,,,,,,,,,,
Mitchell/Hamline School of Law,2023,,,,,85.38%,,,,,335.0,301.0,257.0,0.0,34.0,3.0,85.53%,,,,,,,,,,,,
"Montana, University of",2023,,,,,96.92%,,,,,68.0,65.0,63.0,0.0,3.0,3.0,97.06%,,,,,,,,,,,,
"Nebraska, University of",2023,,,,,93.69%,,,,,118.0,111.0,104.0,1.0,5.0,1.0,93.75%,,,,,,,,,,,,
"Nevada-Las Vegas, University of",2023,,,,,89.15%,,,,,133.0,129.0,115.0,1.0,2.0,1.0,89.23%,,,,,,,,,,,,
New England Law/Boston,2023,,,,,87.92%,,,,,153.0,149.0,131.0,0.0,4.0,0.0,87.92%,,,,,,,,,,,,
"New Hampshire, University of",2023,,,,,97.01%,,,,,71.0,67.0,65.0,0.0,4.0,0.0,97.01%,,,,,,,,,,,,
"New Mexico, The University of",2023,,,,,96.46%,,,,,121.0,113.0,109.0,3.0,5.0,0.0,96.46%,,,,,,,,,,,,
New York Law School,2023,,,,,89.77%,,,,,319.0,303.0,272.0,16.0,0.0,0.0,89.77%,,,,,,,,,,,,
New York University,2023,,,,,99.14%,,,,,477.0,464.0,460.0,0.0,13.0,4.0,99.15%,,,,,,,,,,,,
North Carolina Central University,2023,,,,,89.91%,,,,,113.0,109.0,98.0,0.0,4.0,1.0,90.00%,,,,,,,,,,,,
"North Carolina, University of",2023,,,,,96.86%,,,,,197.0,191.0,185.0,0.0,6.0,2.0,96.89%,,,,,,,,,,,,
"North Dakota, University of",2023,,,,,93.65%,,,,,66.0,63.0,59.0,0.0,3.0,0.0,93.65%,,,,,,,,,,,,
"North Texas at Dallas, University of",2023,,,,,83.13%,,,,,88.0,83.0,69.0,0.0,5.0,0.0,83.13%,,,,,,,,,,,,
Northeastern University,2023,,,,,96.83%,,,,,202.0,189.0,183.0,0.0,9.0,3.0,96.88%,,,,,,,,,,,,
Northern Illinois University,2023,,,,,93.02%,,,,,87.0,86.0,80.0,,1.0,,93.02%,,,,,,,,,,,,
Northern Kentucky University,2023,,,,,87.38%,,,,,111.0,103.0,90.0,8.0,0.0,0.0,87.38%,,,,,,,,,,,,
Northwestern University,2023,,,,,97.11%,,,,,256.0,242.0,235.0,14.0,0.0,0.0,97.11%,,,,,,,,,,,,
"Notre Dame, University of",2023,,,,,95.38%,,,,,200.0,195.0,186.0,1.0,4.0,2.0,95.43%,,,,,,,,,,,,
Nova Southeastern University,2023,,,,,82.68%,,,,,190.0,179.0,148.0,1.0,11.0,0.0,82.68%,,,,,,,,,,,,
Ohio Northern University,2023,,,,,81.25%,,,,,50.0,48.0,39.0,1.0,1.0,1.0,81.63%,,,,,,,,,,,,
Oklahoma City University,2023,,,,,89.34%,,,,,128.0,122.0,109.0,1.0,5.0,0.0,89.34%,,,,,,,,,,,,
"Oklahoma, University of",2023,,,,,95.59%,,,,,149.0,136.0,130.0,0.0,13.0,3.0,95.68%,,,,,,,,,,,,
"Oregon, University of",2023,,,,,93.02%,,,,,129.0,43.0,40.0,1.0,85.0,79.0,97.54%,,,,,,,,,,,,
Pace University,2023,,,,,87.06%,,,,,181.0,170.0,148.0,0.0,10.0,1.0,87.13%,,,,,,,,,,,,
"Pacific, University of the",2023,,,,,91.87%,,,,,129.0,123.0,113.0,1.0,6.0,1.0,91.94%,,,,,,,,,,,,
Penn State Dickinson Law,2023,,,,,94.12%,,,,,73.0,68.0,64.0,0.0,5.0,0.0,94.12%,,,,,,,,,,,,
Penn State University,2023,,,,,94.64%,,,,,117.0,112.0,106.0,3.0,1.0,1.0,94.69%,,,,,,,,,,,,
"Pennsylvania, University of",2023,,,,,98.34%,,,,,256.0,241.0,237.0,0.0,15.0,4.0,98.37%,,,,,,,,,,,,
Pepperdine University,2023,,,,,90.77%,,,,,136.0,130.0,118.0,0.0,6.0,0.0,90.77%,,,,,,,,,,,,
"Pittsburgh, University of",2023,,,,,94.03%,,,,,138.0,134.0,126.0,0.0,4.0,0.0,94.03%,,,,,,,,,,,,
Pontifical Catholic University of Puerto Rico,2023,,,,,72.63%,,,,,107.0,95.0,69.0,9.0,3.0,0.0,72.63%,,,,,,,,,,,,
"Puerto Rico, University of",2023,,,,,71.43%,,,,,181.0,168.0,120.0,0.0,13.0,0.0,71.43%,,,,,,,,,,,,
Quinnipiac University,2023,,,,,91.60%,,,,,126.0,119.0,109.0,2.0,5.0,0.0,91.60%,,,,,,,,,,,,
Regent University,2023,,,,,98.53%,,,,,73.0,68.0,67.0,3.0,2.0,0.0,98.53%,,,,,,,,,,,,
"Richmond, University of",2023,,,,,96.23%,,,,,116.0,106.0,102.0,1.0,9.0,3.0,96.33%,,,,,,,,,,,,
Roger Williams University,2023,,,,,84.78%,,,,,145.0,138.0,117.0,0.0,7.0,0.0,84.78%,,,,,,,,,,,,
Rutgers University,2023,,,,,89.80%,,,,,366.0,343.0,308.0,5.0,18.0,0.0,89.80%,,,,,,,,,,,,
Saint Louis University,2023,,,,,96.79%,,,,,165.0,156.0,151.0,6.0,3.0,1.0,96.82%,,,,,,,,,,,,
Samford University,2023,,,,,97.20%,,,,,144.0,143.0,139.0,0.0,1.0,0.0,97.20%,,,,,,,,,,,,
"San Diego, University of",2023,,,,,92.41%,,,,,234.0,224.0,207.0,0.0,10.0,3.0,92.51%,,,,,,,,,,,,
"San Francisco, University of",2023,,,,,87.50%,,,,,121.0,112.0,98.0,0.0,9.0,2.0,87.72%,,,,,,,,,,,,
Santa Clara University,2023,,,,,88.89%,,,,,209.0,189.0,168.0,0.0,20.0,0.0,88.89%,,,,,,,,,,,,
Seattle University,2023,,,,,85.71%,,,,,184.0,56.0,48.0,12.0,116.0,115.0,95.32%,,,,,,,,,,,,
Seton Hall University,2023,,,,,88.13%,,,,,167.0,160.0,141.0,0.0,7.0,0.0,88.13%,,,,,,,,,,,,
"South Carolina, University of",2023,,,,,94.39%,,,,,200.0,196.0,185.0,0.0,4.0,0.0,94.39%,,,,,,,,,,,,
"South Dakota, University of",2023,,,,,86.79%,,,,,55.0,53.0,46.0,0.0,2.0,0.0,86.79%,,,,,,,,,,,,
South Texas College of Law Houston,2023,,,,,88.32%,,,,,283.0,274.0,242.0,,9.0,1.0,88.36%,,,,,,,,,,,,
"Southern California, University of",2023,,,,,98.34%,,,,,190.0,181.0,178.0,3.0,6.0,1.0,98.35%,,,,,,,,,,,,
Southern Illinois University,2023,,,,,75.00%,,,,,93.0,84.0,63.0,0.0,10.0,0.0,75.00%,,,,,,,,,,,,
Southern Methodist University,2023,,,,,95.33%,,,,,223.0,214.0,204.0,0.0,9.0,0.0,95.33%,,,,,,,,,,,,
Southern University,2023,,,,,84.40%,,,,,145.0,109.0,92.0,27.0,9.0,56.0,89.70%,,,,,,,,,,,,
Southwestern Law School,2023,,,,,95.24%,,,,,217.0,210.0,200.0,7.0,0.0,0.0,95.24%,,,,,,,,,,,,
St. John's University,2023,,,,,95.95%,,,,,250.0,247.0,237.0,0.0,3.0,0.0,95.95%,,,,,,,,,,,,
St. Mary's University,2023,,,,,86.89%,,,,,215.0,206.0,179.0,0.0,9.0,1.0,86.96%,,,,,,,,,,,,
St. Thomas University (Miami),2023,,,,,80.67%,,,,,162.0,150.0,121.0,3.0,9.0,1.0,80.79%,,,,,,,,,,,,
"St. Thomas, (Minneapolis) University of",2023,,,,,86.82%,,,,,138.0,129.0,112.0,7.0,2.0,0.0,86.82%,,,,,,,,,,,,
Stanford University,2023,,,,,100.00%,,,,,183.0,170.0,170.0,1.0,9.0,3.0,100.00%,,,,,,,,,,,,
Stetson University,2023,,,,,87.03%,,,,,256.0,239.0,208.0,,17.0,,87.03%,,,,,,,,,,,,
Suffolk University,2023,,,,,89.40%,,,,,306.0,283.0,253.0,22.0,1.0,0.0,89.40%,,,,,,,,,,,,
Syracuse University,2023,,,,,90.97%,,,,,164.0,155.0,141.0,2.0,7.0,0.0,90.97%,,,,,,,,,,,,
Temple University,2023,,,,,93.27%,,,,,214.0,208.0,194.0,1.0,5.0,0.0,93.27%,,,,,,,,,,,,
"Tennessee, University of",2023,,,,,93.97%,,,,,120.0,116.0,109.0,0.0,4.0,0.0,93.97%,,,,,,,,,,,,
Texas A&M University,2023,,,,,99.19%,,,,,125.0,123.0,122.0,0.0,2.0,0.0,99.19%,,,,,,,,,,,,
Texas Southern University,2023,,,,,75.00%,,,,,211.0,200.0,150.0,0.0,12.0,1.0,75.12%,,,,,,,,,,,,
Texas Tech University,2023,,,,,96.61%,,,,,119.0,118.0,114.0,0.0,1.0,0.0,96.61%,,,,,,,,,,,,
"Texas, University of",2023,,,,,99.03%,,,,,323.0,309.0,306.0,3.0,11.0,5.0,99.04%,,,,,,,,,,,,
The Ohio State University,2023,,,,,97.00%,,,,,206.0,200.0,194.0,2.0,3.0,1.0,97.01%,,,,,,,,,,,,
"Toledo, The University of",2023,,,,,91.57%,,,,,89.0,83.0,76.0,6.0,0.0,0.0,91.57%,,,,,,,,,,,,
Touro University,2023,,,,,79.07%,,,,,135.0,129.0,102.0,0.0,6.0,0.0,79.07%,,,,,,,,,,,,
Tulane University,2023,,,,,82.48%,,,,,212.0,137.0,113.0,5.0,3.0,67.0,88.24%,,,,,,,,,,,,
"Tulsa, The University of",2023,,,,,93.00%,,,,,104.0,100.0,93.0,0.0,4.0,0.0,93.00%,,,,,,,,,,,,
"Utah, The University of",2023,,,,,100.00%,,,,,92.0,20.0,20.0,0.0,72.0,69.0,100.00%,,,,,,,,,,,,
Vanderbilt University,2023,,,,,96.63%,,,,,182.0,178.0,172.0,4.0,0.0,0.0,96.63%,,,,,,,,,,,,
Vermont Law School,2023,,,,,76.61%,,,,,145.0,124.0,95.0,3.0,18.0,6.0,77.69%,,,,,,,,,,,,
Villanova University,2023,,,,,93.17%,,,,,171.0,161.0,150.0,7.0,3.0,0.0,93.17%,,,,,,,,,,,,
"Virginia, University of",2023,,,,,99.35%,,,,,313.0,309.0,307.0,0.0,4.0,2.0,99.36%,,,,,,,,,,,,
Wake Forest University,2023,,,,,97.10%,,,,,150.0,138.0,134.0,5.0,7.0,0.0,97.10%,,,,,,,,,,,,
Washburn University,2023,,,,,89.89%,,,,,93.0,89.0,80.0,0.0,4.0,0.0,89.89%,,,,,,,,,,,,
Washington and Lee University,2023,,,,,94.70%,,,,,154.0,151.0,143.0,3.0,0.0,0.0,94.70%,,,,,,,,,,,,
Washington University (St. Louis),2023,,,,,98.19%,,,,,237.0,221.0,217.0,1.0,15.0,3.0,98.21%,,,,,,,,,,,,
"Washington, University of",2023,,,,,90.70%,,,,,162.0,43.0,39.0,0.0,119.0,99.0,97.18%,,,,,,,,,,,,
Wayne State University,2023,,,,,95.62%,,,,,145.0,137.0,131.0,0.0,8.0,2.0,95.68%,,,,,,,,,,,,
West Virginia University,2023,,,,,90.20%,,,,,106.0,102.0,92.0,0.0,4.0,0.0,90.20%,,,,,,,,,,,,
Western New England University,2023,,,,,83.13%,,,,,88.0,83.0,69.0,0.0,5.0,1.0,83.33%,,,,,,,,,,,,
"Western State, Westcliff University",2023,,,,,77.01%,,,,,92.0,87.0,67.0,0.0,5.0,0.0,77.01%,,,,,,,,,,,,
Widener University Commonwealth Law School,2023,,,,,87.88%,,,,,101.0,99.0,87.0,2.0,0.0,0.0,87.88%,,,,,,,,,,,,
Widener University Delaware Law School,2023,,,,,84.56%,,,,,155.0,149.0,126.0,0.0,6.0,0.0,84.56%,,,,,,,,,,,,
Willamette University,2023,,,,,91.67%,,,,,108.0,24.0,22.0,0.0,84.0,80.0,98.08%,,,,,,,,,,,,
William & Mary,2023,,,,,97.71%,,,,,182.0,175.0,171.0,6.0,1.0,1.0,97.73%,,,,,,,,,,,,
"Wisconsin, University of",2023,,,,,75.00%,,,,,147.0,4.0,3.0,0.0,143.0,142.0,99.32%,,,,,,,,,,,,
"Wyoming, University of",2023,,,,,95.08%,,,,,62.0,61.0,58.0,0.0,1.0,0.0,95.08%,,,,,,,,,,,,
Yale University,2023,,,,,98.96%,,,,,203.0,193.0,191.0,0.0,10.0,0.0,98.96%,,,,,,,,,,,,
*Alternative Pathways refers to graduates who secure non-temporary licensure without sitting for a bar exam.,2023,,,,,,,,,,,,,,,,,,,,,,,,,,,,
"Akron, The University of",2024,,,,,85.47%,,,,85.47%,,,,,,,,126.0,117.0,100.0,0.0,9.0,0.0,,,,,,
"Alabama, The University of",2024,,,,,94.50%,,,,94.50%,,,,,,,,118.0,109.0,103.0,1.0,8.0,0.0,,,,,,
Albany Law School,2024,,,,,90.20%,,,,90.20%,,,,,,,,158.0,153.0,138.0,3.0,2.0,0.0,,,,,,
American University,2024,,,,,92.71%,,,,92.71%,,,,,,,,408.0,384.0,356.0,3.0,21.0,,,,,,,
Appalachian School of Law,2024,,,,,84.31%,,,,84.31%,,,,,,,,53.0,51.0,43.0,0.0,2.0,0.0,,,,,,
Arizona State University,2024,,,,,95.82%,,,,95.82%,,,,,,,,267.0,263.0,252.0,2.0,2.0,0.0,,,,,,
"Arizona, The University of",2024,,,,,84.92%,,,,84.92%,,,,,,,,129.0,126.0,107.0,0.0,3.0,0.0,,,,,,
"Arkansas at Little Rock, University of",2024,,,,,89.08%,,,,89.08%,,,,,,,,127.0,119.0,106.0,0.0,8.0,0.0,,,,,,
"Arkansas, University of",2024,,,,,91.84%,,,,91.84%,,,,,,,,108.0,98.0,90.0,2.0,8.0,0.0,,,,,,
Atlanta's John Marshall Law School,2024,,,,,85.94%,,,,85.94%,,,,,,,,73.0,64.0,55.0,3.0,6.0,0.0,,,,,,
Ave Maria School of Law,2024,,,,,81.16%,,,,81.16%,,,,,,,,74.0,69.0,56.0,0.0,5.0,0.0,,,,,,
"Baltimore, University of",2024,,,,,83.24%,,,,83.24%,,,,,,,,204.0,185.0,154.0,0.0,19.0,0.0,,,,,,
Barry University,2024,,,,,75.00%,,,,75.00%,,,,,,,,183.0,168.0,126.0,5.0,10.0,0.0,,,,,,
Baylor University,2024,,,,,96.11%,,,,96.11%,,,,,,,,180.0,180.0,173.0,0.0,0.0,0.0,,,,,,
Belmont University,2024,,,,,95.65%,,,,95.65%,,,,,,,,92.0,92.0,88.0,0.0,0.0,0.0,,,,,,
Boston College,2024,,,,,98.18%,,,,98.18%,,,,,,,,227.0,220.0,216.0,3.0,4.0,0.0,,,,,,
Boston University,2024,,,,,98.16%,,,,98.16%,,,,,,,,281.0,272.0,267.0,0.0,9.0,,,,,,,
Brigham Young University,2024,,,,,99.01%,,,,99.01%,,,,,,,,102.0,101.0,100.0,0.0,1.0,0.0,,,,,,
Brooklyn Law School,2024,,,,,89.88%,,,,89.88%,,,,,,,,355.0,346.0,311.0,3.0,6.0,0.0,,,,,,
"Buffalo, University at",2024,,,,,86.67%,,,,86.67%,,,,,,,,138.0,135.0,117.0,0.0,3.0,0.0,,,,,,
California Western School of Law,2024,,,,,82.30%,,,,82.30%,,,,,,,,217.0,209.0,172.0,0.0,8.0,0.0,,,,,,
"California-Berkeley, University of",2024,,,,,99.07%,,,,99.07%,,,,,,,,328.0,322.0,319.0,2.0,4.0,0.0,,,,,,
"California-Davis, University of",2024,,,,,92.35%,,,,92.35%,,,,,,,,202.0,196.0,181.0,2.0,4.0,0.0,,,,,,
"California-Irvine, University of",2024,,,,,95.15%,,,,95.15%,,,,,,,,214.0,206.0,196.0,0.0,8.0,0.0,,,,,,
"California-Los Angeles, University of",2024,,,,,96.41%,,,,96.41%,,,,,,,,341.0,334.0,322.0,7.0,0.0,0.0,,,,,,
"California-San Francisco, University of",2024,,,,,93.95%,,,,93.95%,,,,,,,,288.0,281.0,264.0,0.0,7.0,0.0,,,,,,
Campbell University,2024,,,,,95.54%,,,,95.54%,,,,,,,,157.0,157.0,150.0,0.0,0.0,0.0,,,,,,
Capital University Law School,2024,,,,,92.17%,,,,92.17%,,,,,,,,124.0,115.0,106.0,2.0,7.0,0.0,,,,,,
"Cardozo, Yeshiva University",2024,,,,,91.29%,,,,91.29%,,,,,,,,324.0,310.0,283.0,3.0,11.0,0.0,,,,,,
Case Western Reserve University,2024,,,,,88.36%,,,,88.36%,,,,,,,,153.0,146.0,129.0,4.0,3.0,0.0,,,,,,
"Catholic University of America, The",2024,,,,,86.84%,,,,86.84%,,,,,,,,117.0,114.0,99.0,1.0,2.0,0.0,,,,,,
Chapman University,2024,,,,,83.94%,,,,83.94%,,,,,,,,137.0,137.0,115.0,0.0,0.0,0.0,,,,,,
Charleston School of Law,2024,,,,,76.74%,,,,76.74%,,,,,,,,180.0,172.0,132.0,5.0,3.0,0.0,,,,,,
"Chicago, The University of",2024,,,,,99.52%,,,,99.52%,,,,,,,,213.0,209.0,208.0,0.0,4.0,0.0,,,,,,
"Chicago-Kent, Illinois Institute of Technology",2024,,,,,90.57%,,,,90.57%,,,,,,,,232.0,212.0,192.0,19.0,1.0,0.0,,,,,,
"Cincinnati, University of",2024,,,,,92.24%,,,,92.24%,,,,,,,,124.0,116.0,107.0,6.0,2.0,0.0,,,,,,
"City University of New York, University of",2024,,,,,90.27%,,,,90.27%,,,,,,,,188.0,185.0,167.0,3.0,0.0,0.0,,,,,,
Cleveland State University,2024,,,,,91.38%,,,,91.38%,,,,,,,,124.0,116.0,106.0,0.0,8.0,0.0,,,,,,
"Colorado, University of",2024,,,,,92.68%,,,,92.68%,,,,,,,,170.0,164.0,152.0,0.0,6.0,0.0,,,,,,
Columbia University,2024,,,,,96.67%,,,,96.67%,,,,,,,,462.0,450.0,435.0,6.0,6.0,0.0,,,,,,
"Connecticut, University of",2024,,,,,89.17%,,,,89.17%,,,,,,,,136.0,120.0,107.0,16.0,0.0,0.0,,,,,,
Cooley Law School,2024,,,,,55.87%,,,,55.87%,,,,,,,,429.0,392.0,219.0,0.0,37.0,0.0,,,,,,
Cornell University,2024,,,,,94.21%,,,,94.21%,,,,,,,,194.0,190.0,179.0,2.0,2.0,0.0,,,,,,
Creighton University,2024,,,,,88.24%,,,,88.24%,,,,,,,,105.0,102.0,90.0,0.0,3.0,0.0,,,,,,
"Dayton, University of",2024,,,,,77.97%,,,,77.97%,,,,,,,,65.0,59.0,46.0,0.0,6.0,0.0,,,,,,
"Denver, University of",2024,,,,,91.91%,,,,91.91%,,,,,,,,243.0,235.0,216.0,0.0,8.0,0.0,,,,,,
DePaul University,2024,,,,,78.31%,,,,78.31%,,,,,,,,196.0,189.0,148.0,7.0,0.0,0.0,,,,,,
"Detroit Mercy, University of",2024,,,,,89.52%,,,,89.52%,,,,,,,,178.0,105.0,94.0,0.0,73.0,0.0,,,,,,
"District of Columbia, University of",2024,,,,,57.14%,,,,57.14%,,,,,,,,44.0,35.0,20.0,0.0,9.0,0.0,,,,,,
Drake University,2024,,,,,91.67%,,,,91.67%,,,,,,,,101.0,96.0,88.0,0.0,5.0,0.0,,,,,,
Drexel University,2024,,,,,89.17%,,,,89.17%,,,,,,,,163.0,157.0,140.0,2.0,4.0,0.0,,,,,,
Duke University,2024,,,,,99.16%,,,,99.16%,,,,,,,,245.0,239.0,237.0,0.0,6.0,0.0,,,,,,
Duquesne University,2024,,,,,91.39%,,,,91.39%,,,,,,,,157.0,151.0,138.0,2.0,4.0,0.0,,,,,,
Elon University,2024,,,,,77.05%,,,,77.05%,,,,,,,,127.0,122.0,94.0,5.0,0.0,0.0,,,,,,
Emory University,2024,,,,,95.45%,,,,95.45%,,,,,,,,279.0,264.0,252.0,0.0,15.0,0.0,,,,,,
Faulkner University,2024,,,,,89.29%,,,,89.29%,,,,,,,,61.0,56.0,50.0,0.0,5.0,0.0,,,,,,
Florida A&M University,2024,,,,,76.35%,,,,76.35%,,,,,,,,157.0,148.0,113.0,2.0,7.0,0.0,,,,,,
Florida International University,2024,,,,,94.08%,,,,94.08%,,,,,,,,158.0,152.0,143.0,0.0,6.0,0.0,,,,,,
Florida State University,2024,,,,,94.09%,,,,94.09%,,,,,,,,221.0,220.0,207.0,0.0,1.0,0.0,,,,,,
"Florida, University of",2024,,,,,92.83%,,,,92.83%,,,,,,,,272.0,265.0,246.0,0.0,7.0,0.0,,,,,,
Fordham University,2024,,,,,98.23%,,,,98.23%,,,,,,,,404.0,395.0,388.0,9.0,0.0,0.0,,,,,,
George Mason University,2024,,,,,97.96%,,,,97.96%,,,,,,,,154.0,147.0,144.0,2.0,5.0,0.0,,,,,,
"George Washington University, The",2024,,,,,96.15%,,,,96.15%,,,,,,,,569.0,494.0,475.0,74.0,1.0,0.0,,,,,,
Georgetown University,2024,,,,,97.17%,,,,97.17%,,,,,,,,674.0,637.0,619.0,31.0,6.0,0.0,,,,,,
Georgia State University,2024,,,,,93.38%,,,,93.38%,,,,,,,,163.0,151.0,141.0,12.0,0.0,0.0,,,,,,
"Georgia, University of",2024,,,,,99.48%,,,,99.48%,,,,,,,,200.0,194.0,193.0,0.0,6.0,0.0,,,,,,
Gonzaga University,2024,,,,,91.30%,,,,91.30%,,,,,,,,142.0,138.0,126.0,0.0,4.0,0.0,,,,,,
Harvard University,2024,,,,,99.65%,,,,99.65%,,,,,,,,595.0,571.0,569.0,8.0,16.0,0.0,,,,,,
"Hawaii, University of",2024,,,,,90.20%,,,,90.20%,,,,,,,,111.0,102.0,92.0,9.0,0.0,0.0,,,,,,
Hofstra University,2024,,,,,85.11%,,,,85.11%,,,,,,,,267.0,262.0,223.0,0.0,5.0,0.0,,,,,,
"Houston, University of",2024,,,,,93.47%,,,,93.47%,,,,,,,,205.0,199.0,186.0,5.0,1.0,0.0,,,,,,
Howard University,2024,,,,,77.69%,,,,77.69%,,,,,,,,141.0,121.0,94.0,0.0,20.0,0.0,,,,,,
"Idaho, University of",2024,,,,,79.71%,,,,79.71%,,,,,,,,143.0,138.0,110.0,0.0,5.0,0.0,,,,,,
"Illinois, University of",2024,,,,,93.10%,,,,93.10%,,,,,,,,121.0,116.0,108.0,0.0,5.0,0.0,,,,,,
"Illinois-Chicago, University of",2024,,,,,80.51%,,,,80.51%,,,,,,,,289.0,277.0,223.0,4.0,8.0,0.0,,,,,,
Indiana University-Bloomington,2024,,,,,97.35%,,,,97.35%,,,,,,,,164.0,151.0,147.0,0.0,13.0,0.0,,,,,,
Indiana University-Indianapolis,2024,,,,,85.00%,,,,85.00%,,,,,,,,236.0,220.0,187.0,4.0,12.0,0.0,,,,,,
Inter American University of Puerto Rico,2024,,,,,65.84%,,,,65.84%,,,,,,,,181.0,161.0,106.0,11.0,9.0,0.0,,,,,,
"Iowa, University of",2024,,,,,90.84%,,,,90.84%,,,,,,,,141.0,131.0,119.0,0.0,10.0,0.0,,,,,,
"Kansas, The University of",2024,,,,,100.00%,,,,100.00%,,,,,,,,98.0,97.0,97.0,0.0,1.0,0.0,,,,,,
"Kentucky, University of",2024,,,,,90.91%,,,,90.91%,,,,,,,,130.0,121.0,110.0,5.0,4.0,0.0,,,,,,
Lewis & Clark Law School,2024,,,,,90.18%,,,,90.18%,,,,,,,,176.0,163.0,147.0,0.0,13.0,0.0,,,,,,
Liberty University,2024,,,,,96.88%,,,,96.88%,,,,,,,,65.0,64.0,62.0,0.0,1.0,0.0,,,,,,
Lincoln Memorial University,2024,,,,,80.95%,,,,80.95%,,,,,,,,86.0,84.0,68.0,0.0,2.0,0.0,,,,,,
Louisiana State University,2024,,,,,91.67%,,,,91.67%,,,,,,,,184.0,180.0,165.0,2.0,2.0,0.0,,,,,,
"Louisville, University of",2024,,,,,90.18%,,,,90.18%,,,,,,,,119.0,112.0,101.0,2.0,5.0,0.0,,,,,,
Loyola Marymount University-Los Angeles,2024,,,,,96.91%,,,,96.91%,,,,,,,,309.0,291.0,282.0,,18.0,,,,,,,
Loyola University-Chicago,2024,,,,,90.00%,,,,90.00%,,,,,,,,236.0,230.0,207.0,3.0,3.0,0.0,,,,,,
Loyola University-New Orleans,2024,,,,,93.20%,,,,93.20%,,,,,,,,153.0,147.0,137.0,0.0,6.0,0.0,,,,,,
"Maine, University of",2024,,,,,79.49%,,,,79.49%,,,,,,,,81.0,78.0,62.0,0.0,3.0,0.0,,,,,,
Marquette University,2024,,,,,100.00%,,,,100.00%,,,,,,,,189.0,1.0,1.0,0.0,188.0,186.0,,,,,,
"Maryland, University of",2024,,,,,88.94%,,,,88.94%,,,,,,,,210.0,199.0,177.0,3.0,8.0,0.0,,,,,,
"Massachusetts/Dartmouth, University of",2024,,,,,81.48%,,,,81.48%,,,,,,,,86.0,81.0,66.0,0.0,5.0,0.0,,,,,,
"Memphis, The University of",2024,,,,,86.84%,,,,86.84%,,,,,,,,117.0,114.0,99.0,3.0,0.0,0.0,,,,,,
Mercer University,2024,,,,,91.67%,,,,91.67%,,,,,,,,122.0,120.0,110.0,0.0,2.0,0.0,,,,,,
"Miami, University of",2024,,,,,91.14%,,,,91.14%,,,,,,,,363.0,350.0,319.0,0.0,13.0,0.0,,,,,,
Michigan State University,2024,,,,,85.88%,,,,85.88%,,,,,,,,193.0,170.0,146.0,1.0,23.0,0.0,,,,,,
"Michigan, University of",2024,,,,,97.21%,,,,97.21%,,,,,,,,364.0,358.0,348.0,7.0,5.0,0.0,,,,,,
"Minnesota, University of",2024,,,,,98.08%,,,,98.10%,,,,,,,,223.0,208.0,204.0,0.0,13.0,2.0,,,,,,
Mississippi College,2024,,,,,75.61%,,,,75.61%,,,,,,,,87.0,82.0,62.0,0.0,5.0,0.0,,,,,,
"Mississippi, The University of",2024,,,,,84.06%,,,,84.06%,,,,,,,,144.0,138.0,116.0,0.0,6.0,0.0,,,,,,
"Missouri, University of",2024,,,,,90.91%,,,,90.91%,,,,,,,,91.0,88.0,80.0,0.0,3.0,0.0,,,,,,
"Missouri-Kansas City, University of",2024,,,,,92.80%,,,,92.80%,,,,,,,,135.0,125.0,116.0,0.0,10.0,0.0,,,,,,
Mitchell/Hamline School of Law,2024,,,,,77.70%,,,,77.70%,,,,,,,,331.0,305.0,237.0,0.0,26.0,0.0,,,,,,
"Montana, University of",2024,,,,,97.14%,,,,97.14%,,,,,,,,71.0,70.0,68.0,1.0,0.0,0.0,,,,,,
"Nebraska, University of",2024,,,,,98.13%,,,,98.13%,,,,,,,,112.0,107.0,105.0,1.0,4.0,0.0,,,,,,
"Nevada-Las Vegas, University of",2024,,,,,84.57%,,,,84.57%,,,,,,,,168.0,162.0,137.0,6.0,0.0,0.0,,,,,,
New England Law/Boston,2024,,,,,89.12%,,,,89.12%,,,,,,,,154.0,147.0,131.0,1.0,6.0,0.0,,,,,,
"New Hampshire, University of",2024,,,,,90.91%,,,,90.91%,,,,,,,,84.0,77.0,70.0,2.0,5.0,0.0,,,,,,
"New Mexico, The University of",2024,,,,,92.86%,,,,92.86%,,,,,,,,100.0,98.0,91.0,2.0,0.0,0.0,,,,,,
New York Law School,2024,,,,,87.67%,,,,87.67%,,,,,,,,310.0,300.0,263.0,10.0,0.0,0.0,,,,,,
New York University,2024,,,,,99.34%,,,,99.34%,,,,,,,,464.0,458.0,455.0,0.0,6.0,0.0,,,,,,
North Carolina Central University,2024,,,,,87.64%,,,,87.64%,,,,,,,,89.0,89.0,78.0,0.0,0.0,0.0,,,,,,
"North Carolina, University of",2024,,,,,94.33%,,,,94.33%,,,,,,,,206.0,194.0,183.0,1.0,11.0,0.0,,,,,,
"North Dakota, University of",2024,,,,,91.23%,,,,91.23%,,,,,,,,60.0,57.0,52.0,0.0,3.0,0.0,,,,,,
"North Texas at Dallas, University of",2024,,,,,88.46%,,,,88.46%,,,,,,,,110.0,104.0,92.0,0.0,6.0,0.0,,,,,,
Northeastern University,2024,,,,,93.44%,,,,93.44%,,,,,,,,198.0,183.0,171.0,0.0,15.0,0.0,,,,,,
Northern Illinois University,2024,,,,,90.67%,,,,90.67%,,,,,,,,83.0,75.0,68.0,0.0,8.0,0.0,,,,,,
Northern Kentucky University,2024,,,,,93.33%,,,,93.33%,,,,,,,,102.0,90.0,84.0,12.0,2.0,0.0,,,,,,
Northwestern University,2024,,,,,98.88%,,,,98.88%,,,,,,,,273.0,267.0,264.0,6.0,0.0,0.0,,,,,,
"Notre Dame, University of",2024,,,,,96.11%,,,,96.11%,,,,,,,,184.0,180.0,173.0,1.0,3.0,0.0,,,,,,
Nova Southeastern University,2024,,,,,78.38%,,,,78.38%,,,,,,,,192.0,185.0,145.0,2.0,5.0,0.0,,,,,,
Ohio Northern University,2024,,,,,83.33%,,,,83.33%,,,,,,,,41.0,36.0,30.0,1.0,4.0,0.0,,,,,,
Oklahoma City University,2024,,,,,84.85%,,,,84.85%,,,,,,,,135.0,132.0,112.0,3.0,,0.0,,,,,,
"Oklahoma, University of",2024,,,,,96.47%,,,,96.47%,,,,,,,,171.0,170.0,164.0,0.0,1.0,0.0,,,,,,
"Oregon, University of",2024,,,,,93.55%,,,,93.55%,,,,,,,,127.0,124.0,116.0,0.0,3.0,0.0,,,,,,
Pace University,2024,,,,,87.13%,,,,87.13%,,,,,,,,209.0,202.0,176.0,0.0,7.0,0.0,,,,,,
"Pacific, University of the",2024,,,,,82.51%,,,,82.51%,,,,,,,,188.0,183.0,151.0,3.0,2.0,0.0,,,,,,
Penn State Dickinson Law,2024,,,,,97.18%,,,,97.18%,,,,,,,,72.0,71.0,69.0,0.0,1.0,0.0,,,,,,
Penn State University,2024,,,,,96.43%,,,,96.43%,,,,,,,,118.0,112.0,108.0,4.0,2.0,0.0,,,,,,
"Pennsylvania, University of",2024,,,,,99.19%,,,,99.19%,,,,,,,,258.0,248.0,246.0,0.0,10.0,0.0,,,,,,
Pepperdine University,2024,,,,,91.24%,,,,91.24%,,,,,,,,148.0,137.0,125.0,0.0,11.0,0.0,,,,,,
"Pittsburgh, University of",2024,,,,,94.26%,,,,94.26%,,,,,,,,129.0,122.0,115.0,0.0,7.0,0.0,,,,,,
Pontifical Catholic University of Puerto Rico,2024,,,,,63.33%,,,,63.33%,,,,,,,,95.0,90.0,57.0,1.0,4.0,0.0,,,,,,
"Puerto Rico, University of",2024,,,,,80.16%,,,,80.16%,,,,,,,,137.0,126.0,101.0,0.0,11.0,0.0,,,,,,
Quinnipiac University,2024,,,,,82.47%,,,,82.47%,,,,,,,,107.0,97.0,80.0,5.0,5.0,0.0,,,,,,
Regent University,2024,,,,,93.83%,,,,93.98%,,,,,,,,86.0,81.0,76.0,0.0,5.0,2.0,,,,,,
"Richmond, University of",2024,,,,,94.40%,,,,94.40%,,,,,,,,134.0,125.0,118.0,0.0,9.0,0.0,,,,,,
Roger Williams University,2024,,,,,79.58%,,,,79.58%,,,,,,,,148.0,142.0,113.0,0.0,6.0,0.0,,,,,,
Rutgers University,2024,,,,,79.66%,,,,79.66%,,,,,,,,380.0,354.0,282.0,23.0,3.0,0.0,,,,,,
Saint Louis University,2024,,,,,95.09%,,,,95.09%,,,,,,,,167.0,163.0,155.0,2.0,2.0,0.0,,,,,,
Samford University,2024,,,,,93.80%,,,,93.80%,,,,,,,,132.0,129.0,121.0,2.0,3.0,0.0,,,,,,
"San Diego, University of",2024,,,,,92.06%,,,,92.06%,,,,,,,,222.0,214.0,197.0,1.0,7.0,0.0,,,,,,
"San Francisco, University of",2024,,,,,83.33%,,,,83.33%,,,,,,,,107.0,102.0,85.0,,5.0,0.0,,,,,,
Santa Clara University,2024,,,,,86.07%,,,,86.07%,,,,,,,,214.0,201.0,173.0,,13.0,,,,,,,
Seattle University,2024,,,,,89.67%,,,,89.67%,,,,,,,,197.0,184.0,165.0,8.0,5.0,0.0,,,,,,
Seton Hall University,2024,,,,,89.95%,,,,89.95%,,,,,,,,221.0,209.0,188.0,6.0,6.0,0.0,,,,,,
"South Carolina, University of",2024,,,,,88.18%,,,,88.18%,,,,,,,,207.0,203.0,179.0,3.0,1.0,0.0,,,,,,
"South Dakota, University of",2024,,,,,83.33%,,,,83.33%,,,,,,,,63.0,60.0,50.0,0.0,3.0,0.0,,,,,,
South Texas College of Law Houston,2024,,,,,90.38%,,,,90.38%,,,,,,,,264.0,260.0,235.0,0.0,4.0,0.0,,,,,,
"Southern California, University of",2024,,,,,97.87%,,,,97.87%,,,,,,,,191.0,188.0,184.0,0.0,3.0,0.0,,,,,,
Southern Illinois University,2024,,,,,76.27%,,,,76.27%,,,,,,,,62.0,59.0,45.0,0.0,3.0,0.0,,,,,,
Southern Methodist University,2024,,,,,95.61%,,,,95.61%,,,,,,,,210.0,205.0,196.0,0.0,5.0,0.0,,,,,,
Southern University,2024,,,,,72.15%,,,,72.15%,,,,,,,,201.0,158.0,114.0,43.0,0.0,0.0,,,,,,
Southwestern Law School,2024,,,,,89.59%,,,,89.59%,,,,,,,,223.0,221.0,198.0,2.0,0.0,0.0,,,,,,
St. John's University,2024,,,,,97.38%,,,,97.38%,,,,,,,,236.0,229.0,223.0,1.0,6.0,0.0,,,,,,
St. Mary's University,2024,,,,,91.71%,,,,91.71%,,,,,,,,200.0,193.0,177.0,0.0,7.0,0.0,,,,,,
St. Thomas University (Miami),2024,,,,,75.68%,,,,75.68%,,,,,,,,150.0,148.0,112.0,0.0,2.0,,,,,,,
"St. Thomas, (Minneapolis) University of",2024,,,,,91.49%,,,,91.49%,,,,,,,,142.0,141.0,129.0,0.0,1.0,0.0,,,,,,
Stanford University,2024,,,,,98.82%,,,,98.82%,,,,,,,,182.0,169.0,167.0,,13.0,,,,,,,
Stetson University,2024,,,,,89.75%,,,,89.75%,,,,,,,,268.0,244.0,219.0,,24.0,,,,,,,
Suffolk University,2024,,,,,86.88%,,,,86.88%,,,,,,,,338.0,320.0,278.0,18.0,,,,,,,,
Syracuse University,2024,,,,,90.36%,,,,90.36%,,,,,,,,173.0,166.0,150.0,1.0,6.0,0.0,,,,,,
Temple University,2024,,,,,92.24%,,,,92.24%,,,,,,,,239.0,232.0,214.0,3.0,4.0,0.0,,,,,,
"Tennessee, University of",2024,,,,,91.82%,,,,91.82%,,,,,,,,120.0,110.0,101.0,4.0,5.0,0.0,,,,,,
Texas A&M University,2024,,,,,98.19%,,,,98.19%,,,,,,,,170.0,166.0,163.0,0.0,4.0,0.0,,,,,,
Texas Southern University,2024,,,,,77.78%,,,,77.78%,,,,,,,,178.0,171.0,133.0,0.0,7.0,0.0,,,,,,
Texas Tech University,2024,,,,,94.74%,,,,94.74%,,,,,,,,133.0,133.0,126.0,0.0,0.0,0.0,,,,,,
"Texas, University of",2024,,,,,98.09%,,,,98.09%,,,,,,,,372.0,366.0,359.0,0.0,6.0,0.0,,,,,,
The Ohio State University,2024,,,,,96.43%,,,,96.43%,,,,,,,,175.0,168.0,162.0,0.0,7.0,0.0,,,,,,
"Toledo, The University of",2024,,,,,81.69%,,,,81.69%,,,,,,,,75.0,71.0,58.0,4.0,0.0,0.0,,,,,,
Touro University,2024,,,,,77.10%,,,,77.10%,,,,,,,,134.0,131.0,101.0,0.0,3.0,0.0,,,,,,
Tulane University,2024,,,,,89.69%,,,,89.69%,,,,,,,,202.0,194.0,174.0,5.0,0.0,0.0,,,,,,
"Tulsa, The University of",2024,,,,,81.91%,,,,81.91%,,,,,,,,99.0,94.0,77.0,2.0,2.0,0.0,,,,,,
"Utah, The University of",2024,,,,,96.51%,,,,96.51%,,,,,,,,88.0,86.0,83.0,0.0,2.0,0.0,,,,,,
Vanderbilt University,2024,,,,,98.94%,,,,98.94%,,,,,,,,191.0,189.0,187.0,0.0,2.0,0.0,,,,,,
Vermont Law School,2024,,,,,75.18%,,,,75.18%,,,,,,,,162.0,141.0,106.0,10.0,11.0,0.0,,,,,,
Villanova University,2024,,,,,96.41%,,,,96.41%,,,,,,,,172.0,167.0,161.0,0.0,5.0,0.0,,,,,,
"Virginia, University of",2024,,,,,99.05%,,,,99.05%,,,,,,,,318.0,316.0,313.0,0.0,2.0,0.0,,,,,,
Wake Forest University,2024,,,,,96.95%,,,,96.95%,,,,,,,,174.0,164.0,159.0,3.0,7.0,0.0,,,,,,
Washburn University,2024,,,,,88.89%,,,,88.89%,,,,,,,,101.0,99.0,88.0,1.0,1.0,0.0,,,,,,
Washington and Lee University,2024,,,,,94.83%,,,,94.83%,,,,,,,,118.0,116.0,110.0,0.0,2.0,0.0,,,,,,
Washington University (St. Louis),2024,,,,,94.47%,,,,94.47%,,,,,,,,246.0,235.0,222.0,0.0,11.0,0.0,,,,,,
"Washington, University of",2024,,,,,98.73%,,,,98.73%,,,,,,,,166.0,157.0,155.0,0.0,9.0,0.0,,,,,,
Wayne State University,2024,,,,,91.87%,,,,91.87%,,,,,,,,131.0,123.0,113.0,0.0,8.0,0.0,,,,,,
West Virginia University,2024,,,,,88.12%,,,,88.12%,,,,,,,,103.0,101.0,89.0,0.0,2.0,0.0,,,,,,
Western New England University,2024,,,,,75.71%,,,,75.71%,,,,,,,,73.0,70.0,53.0,0.0,3.0,0.0,,,,,,
"Western State, Westcliff University",2024,,,,,68.42%,,,,68.42%,,,,,,,,76.0,76.0,52.0,0.0,0.0,0.0,,,,,,
Widener University Commonwealth Law School,2024,,,,,80.25%,,,,80.25%,,,,,,,,84.0,81.0,65.0,0.0,3.0,0.0,,,,,,
Widener University Delaware Law School,2024,,,,,81.77%,,,,81.77%,,,,,,,,186.0,181.0,148.0,1.0,4.0,0.0,,,,,,
Willamette University,2024,,,,,83.33%,,,,83.33%,,,,,,,,101.0,96.0,80.0,0.0,5.0,0.0,,,,,,
William & Mary,2024,,,,,97.65%,,,,97.65%,,,,,,,,179.0,170.0,166.0,2.0,7.0,0.0,,,,,,
"Wisconsin, University of",2024,,,,,92.31%,,,,99.61%,,,,,,,,265.0,13.0,12.0,4.0,248.0,245.0,,,,,,
"Wyoming, University of",2024,,,,,88.16%,,,,88.16%,,,,,,,,79.0,76.0,67.0,0.0,3.0,0.0,,,,,,
Yale University,2024,,,,,99.04%,,,,99.04%,,,,,,,,221.0,208.0,206.0,0.0,13.0,0.0,,,,,,
*Alternative Pathways refers to graduates who secure non-temporary licensure without sitting for a bar exam.,2024,,,,,,,,,,,,,,,,,,,,,,,,,,,,
"Akron, The University of",2025,,,,,95.00%,,,,95.00%,,,,,,,,,,,,,,124.0,120.0,114.0,0.0,4.0,0.0
"Alabama, The University of",2025,,,,,95.42%,,,,95.42%,,,,,,,,,,,,,,132.0,131.0,125.0,1.0,0.0,0.0
Albany Law School,2025,,,,,88.68%,,,,88.68%,,,,,,,,,,,,,,164.0,159.0,141.0,4.0,1.0,0.0
American University,2025,,,,,85.67%,,,,85.67%,,,,,,,,,,,,,,315.0,300.0,257.0,4.0,11.0,
Appalachian School of Law,2025,,,,,89.47%,,,,89.47%,,,,,,,,,,,,,,39.0,38.0,34.0,1.0,0.0,0.0
Arizona State University,2025,,,,,94.49%,,,,94.49%,,,,,,,,,,,,,,276.0,272.0,257.0,1.0,3.0,0.0
"Arizona, The University of",2025,,,,,93.02%,,,,93.02%,,,,,,,,,,,,,,139.0,129.0,120.0,0.0,10.0,0.0
"Arkansas at Little Rock, University of",2025,,,,,87.14%,,,,87.14%,,,,,,,,,,,,,,146.0,140.0,122.0,0.0,6.0,0.0
"Arkansas, University of",2025,,,,,93.33%,,,,93.33%,,,,,,,,,,,,,,112.0,105.0,98.0,0.0,7.0,0.0
Atlanta's John Marshall Law School,2025,,,,,92.45%,,,,92.45%,,,,,,,,,,,,,,58.0,53.0,49.0,1.0,4.0,0.0
Ave Maria School of Law,2025,,,,,85.19%,,,,85.19%,,,,,,,,,,,,,,86.0,81.0,69.0,0.0,5.0,0.0
"Baltimore, University of",2025,,,,,78.36%,,,,78.36%,,,,,,,,,,,,,,188.0,171.0,134.0,0.0,17.0,0.0
Barry University,2025,,,,,78.40%,,,,78.40%,,,,,,,,,,,,,,170.0,162.0,127.0,2.0,6.0,0.0
Baylor University,2025,,,,,100.00%,,,,100.00%,,,,,,,,,,,,,,144.0,141.0,141.0,0.0,3.0,0.0
Belmont University,2025,,,,,93.04%,,,,93.04%,,,,,,,,,,,,,,120.0,115.0,107.0,0.0,5.0,0.0
Boston College,2025,,,,,96.05%,,,,96.05%,,,,,,,,,,,,,,261.0,253.0,243.0,4.0,4.0,0.0
Boston University,2025,,,,,96.02%,,,,96.02%,,,,,,,,,,,,,,231.0,226.0,217.0,,5.0,
Brigham Young University,2025,,,,,99.13%,,,,99.13%,,,,,,,,,,,,,,119.0,115.0,114.0,0.0,4.0,0.0
Brooklyn Law School,2025,,,,,93.45%,,,,93.45%,,,,,,,,,,,,,,342.0,336.0,314.0,1.0,5.0,0.0
"Buffalo, University at",2025,,,,,86.92%,,,,86.92%,,,,,,,,,,,,,,133.0,130.0,113.0,2.0,1.0,0.0
California Western School of Law,2025,,,,,73.95%,,,,73.95%,,,,,,,,,,,,,,271.0,261.0,193.0,0.0,10.0,0.0
"California-Berkeley, University of",2025,,,,,98.58%,,,,98.58%,,,,,,,,,,,,,,358.0,352.0,347.0,5.0,1.0,0.0
"California-Davis, University of",2025,,,,,92.82%,,,,92.82%,,,,,,,,,,,,,,217.0,209.0,194.0,4.0,4.0,0.0
"California-Irvine, University of",2025,,,,,92.70%,,,,92.70%,,,,,,,,,,,,,,140.0,137.0,127.0,0.0,3.0,0.0
"California-Los Angeles, University of",2025,,,,,96.98%,,,,96.98%,,,,,,,,,,,,,,339.0,331.0,321.0,8.0,0.0,0.0
"California-San Francisco, University of",2025,,,,,89.67%,,,,89.67%,,,,,,,,,,,,,,308.0,300.0,269.0,0.0,8.0,0.0
Campbell University,2025,,,,,94.19%,,,,94.19%,,,,,,,,,,,,,,157.0,155.0,146.0,0.0,2.0,0.0
Capital University Law School,2025,,,,,90.24%,,,,90.24%,,,,,,,,,,,,,,133.0,123.0,111.0,0.0,10.0,0.0
"Cardozo, Yeshiva University",2025,,,,,91.20%,,,,91.20%,,,,,,,,,,,,,,287.0,284.0,259.0,1.0,2.0,0.0
Case Western Reserve University,2025,,,,,88.89%,,,,88.89%,,,,,,,,,,,,,,115.0,108.0,96.0,1.0,6.0,0.0
"Catholic University of America, The",2025,,,,,89.91%,,,,89.91%,,,,,,,,,,,,,,110.0,109.0,98.0,0.0,1.0,0.0
Chapman University,2025,,,,,95.30%,,,,95.30%,,,,,,,,,,,,,,149.0,149.0,142.0,0.0,0.0,0.0
Charleston School of Law,2025,,,,,84.91%,,,,84.91%,,,,,,,,,,,,,,169.0,159.0,135.0,3.0,7.0,0.0
"Chicago, The University of",2025,,,,,99.53%,,,,99.53%,,,,,,,,,,,,,,218.0,211.0,210.0,0.0,7.0,0.0
"Chicago-Kent, Illinois Institute of Technology",2025,,,,,92.57%,,,,92.57%,,,,,,,,,,,,,,224.0,202.0,187.0,22.0,0.0,0.0
"Cincinnati, University of",2025,,,,,91.67%,,,,91.67%,,,,,,,,,,,,,,127.0,120.0,110.0,4.0,3.0,0.0
"City University of New York, University of",2025,,,,,89.01%,,,,89.01%,,,,,,,,,,,,,,188.0,182.0,162.0,,6.0,
Cleveland State University,2025,,,,,93.13%,,,,93.13%,,,,,,,,,,,,,,133.0,131.0,122.0,1.0,1.0,0.0
"Colorado, University of",2025,,,,,92.90%,,,,92.90%,,,,,,,,,,,,,,161.0,155.0,144.0,0.0,6.0,0.0
Columbia University,2025,,,,,99.01%,,,,99.01%,,,,,,,,,,,,,,410.0,405.0,401.0,1.0,4.0,0.0
"Connecticut, University of",2025,,,,,91.37%,,,,91.37%,,,,,,,,,,,,,,151.0,139.0,127.0,12.0,0.0,0.0
Cooley Law School,2025,,,,,57.47%,,,,57.47%,,,,,,,,,,,,,,248.0,221.0,127.0,,27.0,0.0
Cornell University,2025,,,,,95.31%,,,,95.31%,,,,,,,,,,,,,,199.0,192.0,183.0,5.0,2.0,0.0
Creighton University,2025,,,,,77.78%,,,,77.78%,,,,,,,,,,,,,,119.0,108.0,84.0,0.0,11.0,0.0
"Dayton, University of",2025,,,,,88.10%,,,,88.10%,,,,,,,,,,,,,,87.0,84.0,74.0,0.0,3.0,0.0
"Denver, University of",2025,,,,,89.18%,,,,89.18%,,,,,,,,,,,,,,243.0,231.0,206.0,0.0,12.0,0.0
DePaul University,2025,,,,,87.15%,,,,87.15%,,,,,,,,,,,,,,186.0,179.0,156.0,7.0,0.0,0.0
"Detroit Mercy, University of",2025,,,,,77.88%,,,,77.88%,,,,,,,,,,,,,,185.0,113.0,88.0,0.0,72.0,0.0
"District of Columbia, University of",2025,,,,,75.00%,,,,75.00%,,,,,,,,,,,,,,66.0,60.0,45.0,0.0,6.0,0.0
Drake University,2025,,,,,93.55%,,,,93.55%,,,,,,,,,,,,,,96.0,93.0,87.0,0.0,3.0,0.0
Drexel University,2025,,,,,91.50%,,,,91.50%,,,,,,,,,,,,,,159.0,153.0,140.0,0.0,6.0,0.0
Duke University,2025,,,,,99.06%,,,,99.06%,,,,,,,,,,,,,,215.0,213.0,211.0,0.0,2.0,0.0
Duquesne University,2025,,,,,95.12%,,,,95.12%,,,,,,,,,,,,,,129.0,123.0,117.0,6.0,0.0,0.0
Elon University,2025,,,,,87.10%,,,,87.10%,,,,,,,,,,,,,,127.0,124.0,108.0,3.0,0.0,0.0
Emory University,2025,,,,,95.40%,,,,95.40%,,,,,,,,,,,,,,248.0,239.0,228.0,0.0,9.0,0.0
Faulkner University,2025,,,,,88.10%,,,,88.10%,,,,,,,,,,,,,,45.0,42.0,37.0,0.0,3.0,0.0
Florida A&M University,2025,,,,,70.34%,,,,70.34%,,,,,,,,,,,,,,154.0,145.0,102.0,1.0,8.0,0.0
Florida International University,2025,,,,,93.59%,,,,93.59%,,,,,,,,,,,,,,158.0,156.0,146.0,0.0,2.0,0.0
Florida State University,2025,,,,,95.17%,,,,95.17%,,,,,,,,,,,,,,215.0,207.0,197.0,1.0,7.0,0.0
"Florida, University of",2025,,,,,92.56%,,,,92.56%,,,,,,,,,,,,,,219.0,215.0,199.0,0.0,4.0,0.0
Fordham University,2025,,,,,96.39%,,,,96.39%,,,,,,,,,,,,,,402.0,388.0,374.0,14.0,0.0,0.0
George Mason University,2025,,,,,93.92%,,,,93.92%,,,,,,,,,,,,,,150.0,148.0,139.0,0.0,2.0,0.0
"George Washington University, The",2025,,,,,95.43%,,,,95.43%,,,,,,,,,,,,,,566.0,547.0,522.0,6.0,13.0,0.0
Georgetown University,2025,,,,,94.15%,,,,94.15%,,,,,,,,,,,,,,655.0,632.0,595.0,23.0,0.0,0.0
Georgia State University,2025,,,,,94.71%,,,,94.71%,,,,,,,,,,,,,,191.0,170.0,161.0,18.0,3.0,0.0
"Georgia, University of",2025,,,,,98.95%,,,,98.95%,,,,,,,,,,,,,,196.0,190.0,188.0,0.0,6.0,0.0
Gonzaga University,2025,,,,,92.74%,,,,92.74%,,,,,,,,,,,,,,128.0,124.0,115.0,0.0,4.0,0.0
Harvard University,2025,,,,,99.32%,,,,99.32%,,,,,,,,,,,,,,610.0,592.0,588.0,9.0,9.0,0.0
"Hawaii, University of",2025,,,,,79.38%,,,,79.38%,,,,,,,,,,,,,,105.0,97.0,77.0,8.0,0.0,0.0
Hofstra University,2025,,,,,89.33%,,,,89.33%,,,,,,,,,,,,,,259.0,253.0,226.0,0.0,6.0,0.0
"Houston, University of",2025,,,,,92.68%,,,,92.68%,,,,,,,,,,,,,,208.0,205.0,190.0,2.0,1.0,0.0
Howard University,2025,,,,,87.32%,,,,87.32%,,,,,,,,,,,,,,160.0,142.0,124.0,0.0,18.0,0.0
"Idaho, University of",2025,,,,,78.98%,,,,78.98%,,,,,,,,,,,,,,162.0,157.0,124.0,4.0,1.0,0.0
"Illinois, University of",2025,,,,,98.41%,,,,98.41%,,,,,,,,,,,,,,129.0,126.0,124.0,0.0,3.0,0.0
"Illinois-Chicago, University of",2025,,,,,77.78%,,,,77.78%,,,,,,,,,,,,,,271.0,261.0,203.0,9.0,1.0,0.0
Indiana University-Bloomington,2025,,,,,95.21%,,,,95.21%,,,,,,,,,,,,,,175.0,167.0,159.0,0.0,8.0,0.0
Indiana University-Indianapolis,2025,,,,,84.62%,,,,84.62%,,,,,,,,,,,,,,237.0,221.0,187.0,9.0,7.0,0.0
Inter American University of Puerto Rico,2025,,,,,69.18%,,,,69.18%,,,,,,,,,,,,,,192.0,159.0,110.0,16.0,17.0,0.0
"Iowa, University of",2025,,,,,91.50%,,,,91.50%,,,,,,,,,,,,,,161.0,153.0,140.0,1.0,7.0,0.0
"Kansas, The University of",2025,,,,,96.81%,,,,96.81%,,,,,,,,,,,,,,95.0,94.0,91.0,0.0,1.0,0.0
"Kentucky, University of",2025,,,,,91.36%,,,,91.36%,,,,,,,,,,,,,,86.0,81.0,74.0,2.0,3.0,0.0
Lewis & Clark Law School,2025,,,,,86.06%,,,,86.06%,,,,,,,,,,,,,,176.0,165.0,142.0,0.0,11.0,0.0
Liberty University,2025,,,,,88.52%,,,,88.52%,,,,,,,,,,,,,,67.0,61.0,54.0,0.0,6.0,0.0
Lincoln Memorial University,2025,,,,,83.54%,,,,83.54%,,,,,,,,,,,,,,82.0,79.0,66.0,,3.0,0.0
Louisiana State University,2025,,,,,93.64%,,,,93.64%,,,,,,,,,,,,,,196.0,173.0,162.0,16.0,7.0,0.0
"Louisville, University of",2025,,,,,86.75%,,,,86.75%,,,,,,,,,,,,,,88.0,83.0,72.0,2.0,3.0,0.0
Loyola Marymount University-Los Angeles,2025,,,,,93.52%,,,,93.52%,,,,,,,,,,,,,,334.0,324.0,303.0,0.0,10.0,0.0
Loyola University-Chicago,2025,,,,,91.57%,,,,91.57%,,,,,,,,,,,,,,262.0,249.0,228.0,0.0,13.0,0.0
Loyola University-New Orleans,2025,,,,,79.87%,,,,79.87%,,,,,,,,,,,,,,152.0,149.0,119.0,1.0,2.0,0.0
"Maine, University of",2025,,,,,88.57%,,,,88.57%,,,,,,,,,,,,,,73.0,70.0,62.0,0.0,3.0,0.0
Marquette University,2025,,,,,100.00%,,,,100.00%,,,,,,,,,,,,,,187.0,1.0,1.0,0.0,1.0,185.0
"Maryland, University of",2025,,,,,89.47%,,,,89.47%,,,,,,,,,,,,,,199.0,190.0,170.0,7.0,2.0,0.0
"Massachusetts/Dartmouth, University of",2025,,,,,84.34%,,,,84.34%,,,,,,,,,,,,,,84.0,83.0,70.0,0.0,1.0,0.0
"Memphis, The University of",2025,,,,,82.86%,,,,82.86%,,,,,,,,,,,,,,115.0,105.0,87.0,0.0,10.0,0.0
Mercer University,2025,,,,,93.91%,,,,93.91%,,,,,,,,,,,,,,120.0,115.0,108.0,0.0,5.0,0.0
"Miami, University of",2025,,,,,91.14%,,,,91.14%,,,,,,,,,,,,,,367.0,350.0,319.0,0.0,17.0,0.0
Michigan State University,2025,,,,,79.82%,,,,79.82%,,,,,,,,,,,,,,229.0,218.0,174.0,,11.0,
"Michigan, University of",2025,,,,,98.70%,,,,98.70%,,,,,,,,,,,,,,322.0,308.0,304.0,1.0,13.0,0.0
"Minnesota, University of",2025,,,,,98.22%,,,,98.22%,,,,,,,,,,,,,,235.0,225.0,221.0,0.0,10.0,0.0
Mississippi College,2025,,,,,82.52%,,,,82.52%,,,,,,,,,,,,,,110.0,103.0,85.0,0.0,7.0,0.0
"Mississippi, The University of",2025,,,,,85.82%,,,,85.82%,,,,,,,,,,,,,,147.0,141.0,121.0,0.0,6.0,0.0
"Missouri, University of",2025,,,,,96.47%,,,,96.47%,,,,,,,,,,,,,,88.0,85.0,82.0,,3.0,0.0
"Missouri-Kansas City, University of",2025,,,,,87.85%,,,,87.85%,,,,,,,,,,,,,,110.0,107.0,94.0,0.0,3.0,0.0
Mitchell/Hamline School of Law,2025,,,,,85.02%,,,,85.02%,,,,,,,,,,,,,,333.0,307.0,261.0,0.0,26.0,0.0
"Montana, University of",2025,,,,,97.50%,,,,97.50%,,,,,,,,,,,,,,84.0,80.0,78.0,1.0,3.0,0.0
"Nebraska, University of",2025,,,,,91.24%,,,,91.24%,,,,,,,,,,,,,,140.0,137.0,125.0,0.0,3.0,0.0
"Nevada-Las Vegas, University of",2025,,,,,89.15%,,,,89.15%,,,,,,,,,,,,,,135.0,129.0,115.0,0.0,6.0,0.0
New England Law/Boston,2025,,,,,89.96%,,,,89.96%,,,,,,,,,,,,,,283.0,259.0,233.0,18.0,6.0,0.0
"New Hampshire, University of",2025,,,,,90.09%,,,,90.09%,,,,,,,,,,,,,,123.0,111.0,100.0,1.0,11.0,0.0
"New Mexico, The University of",2025,,,,,92.50%,,,,92.50%,,,,,,,,,,,,,,83.0,80.0,74.0,1.0,2.0,0.0
New York Law School,2025,,,,,89.31%,,,,89.31%,,,,,,,,,,,,,,366.0,346.0,309.0,20.0,0.0,0.0
New York University,2025,,,,,98.71%,,,,98.71%,,,,,,,,,,,,,,472.0,466.0,460.0,0.0,6.0,0.0
North Carolina Central University,2025,,,,,80.47%,,,,80.47%,,,,,,,,,,,,,,133.0,128.0,103.0,2.0,3.0,0.0
"North Carolina, University of",2025,,,,,94.62%,,,,94.62%,,,,,,,,,,,,,,192.0,186.0,176.0,0.0,6.0,0.0
"North Dakota, University of",2025,,,,,81.01%,,,,81.01%,,,,,,,,,,,,,,83.0,79.0,64.0,0.0,4.0,0.0
"North Texas at Dallas, University of",2025,,,,,91.43%,,,,91.43%,,,,,,,,,,,,,,109.0,105.0,96.0,0.0,4.0,0.0
Northeastern University,2025,,,,,96.74%,,,,96.74%,,,,,,,,,,,,,,187.0,184.0,178.0,0.0,3.0,0.0
Northern Illinois University,2025,,,,,82.95%,,,,82.95%,,,,,,,,,,,,,,90.0,88.0,73.0,0.0,2.0,0.0
Northern Kentucky University,2025,,,,,82.86%,,,,82.86%,,,,,,,,,,,,,,112.0,105.0,87.0,7.0,0.0,0.0
Northwestern University,2025,,,,,98.45%,,,,98.45%,,,,,,,,,,,,,,265.0,258.0,254.0,0.0,7.0,0.0
"Notre Dame, University of",2025,,,,,99.01%,,,,99.01%,,,,,,,,,,,,,,210.0,202.0,200.0,2.0,6.0,0.0
Nova Southeastern University,2025,,,,,82.93%,,,,82.93%,,,,,,,,,,,,,,169.0,164.0,136.0,0.0,5.0,0.0
Ohio Northern University,2025,,,,,82.93%,,,,82.93%,,,,,,,,,,,,,,43.0,41.0,34.0,1.0,1.0,0.0
Oklahoma City University,2025,,,,,81.16%,,,,81.16%,,,,,,,,,,,,,,142.0,138.0,112.0,3.0,1.0,
"Oklahoma, University of",2025,,,,,95.73%,,,,95.73%,,,,,,,,,,,,,,167.0,164.0,157.0,0.0,3.0,0.0
"Oregon, University of",2025,,,,,90.44%,,,,90.44%,,,,,,,,,,,,,,140.0,136.0,123.0,0.0,4.0,0.0
Pace University,2025,,,,,78.22%,,,,78.22%,,,,,,,,,,,,,,210.0,202.0,158.0,0.0,8.0,0.0
"Pacific, University of the",2025,,,,,86.01%,,,,86.01%,,,,,,,,,,,,,,148.0,143.0,123.0,3.0,2.0,0.0
Penn State Dickinson Law,2025,,,,,96.70%,,,,96.70%,,,,,,,,,,,,,,217.0,212.0,205.0,3.0,2.0,0.0
"Pennsylvania, University of",2025,,,,,97.66%,,,,97.66%,,,,,,,,,,,,,,260.0,256.0,250.0,0.0,4.0,0.0
Pepperdine University,2025,,,,,91.12%,,,,91.12%,,,,,,,,,,,,,,176.0,169.0,154.0,0.0,7.0,0.0
"Pittsburgh, University of",2025,,,,,91.80%,,,,91.80%,,,,,,,,,,,,,,124.0,122.0,112.0,0.0,2.0,0.0
Pontifical Catholic University of Puerto Rico,2025,,,,,62.03%,,,,62.03%,,,,,,,,,,,,,,82.0,79.0,49.0,3.0,0.0,0.0
"Puerto Rico, University of",2025,,,,,77.61%,,,,77.61%,,,,,,,,,,,,,,146.0,134.0,104.0,0.0,12.0,0.0
Quinnipiac University,2025,,,,,78.81%,,,,78.81%,,,,,,,,,,,,,,130.0,118.0,93.0,5.0,7.0,
Regent University,2025,,,,,94.62%,,,,94.62%,,,,,,,,,,,,,,97.0,93.0,88.0,1.0,3.0,0.0
"Richmond, University of",2025,,,,,93.55%,,,,93.55%,,,,,,,,,,,,,,126.0,124.0,116.0,0.0,2.0,0.0
Roger Williams University,2025,,,,,76.16%,,,,76.16%,,,,,,,,,,,,,,158.0,151.0,115.0,0.0,7.0,0.0
Rutgers University,2025,,,,,85.56%,,,,85.56%,,,,,,,,,,,,,,390.0,374.0,320.0,14.0,2.0,0.0
Saint Louis University,2025,,,,,88.33%,,,,88.33%,,,,,,,,,,,,,,184.0,180.0,159.0,0.0,4.0,0.0
Samford University,2025,,,,,94.52%,,,,94.52%,,,,,,,,,,,,,,149.0,146.0,138.0,1.0,2.0,0.0
"San Diego, University of",2025,,,,,91.63%,,,,91.63%,,,,,,,,,,,,,,245.0,239.0,219.0,0.0,6.0,0.0
"San Francisco, University of",2025,,,,,83.09%,,,,83.09%,,,,,,,,,,,,,,140.0,136.0,113.0,0.0,4.0,0.0
Santa Clara University,2025,,,,,83.10%,,,,83.10%,,,,,,,,,,,,,,217.0,213.0,177.0,,4.0,
Seattle University,2025,,,,,89.64%,,,,89.64%,,,,,,,,,,,,,,205.0,193.0,173.0,7.0,5.0,0.0
Seton Hall University,2025,,,,,92.23%,,,,92.23%,,,,,,,,,,,,,,197.0,193.0,178.0,1.0,3.0,0.0
"South Carolina, University of",2025,,,,,86.67%,,,,86.67%,,,,,,,,,,,,,,202.0,195.0,169.0,5.0,2.0,0.0
"South Dakota, University of",2025,,,,,92.31%,,,,92.31%,,,,,,,,,,,,,,82.0,78.0,72.0,0.0,4.0,0.0
South Texas College of Law Houston,2025,,,,,93.36%,,,,93.36%,,,,,,,,,,,,,,276.0,271.0,253.0,4.0,1.0,
"Southern California, University of",2025,,,,,95.73%,,,,95.73%,,,,,,,,,,,,,,212.0,211.0,202.0,0.0,1.0,0.0
Southern Illinois University,2025,,,,,78.57%,,,,78.57%,,,,,,,,,,,,,,75.0,70.0,55.0,0.0,5.0,0.0
Southern Methodist University,2025,,,,,94.40%,,,,94.40%,,,,,,,,,,,,,,271.0,268.0,253.0,0.0,3.0,0.0
Southern University,2025,,,,,75.95%,,,,75.95%,,,,,,,,,,,,,,206.0,158.0,120.0,34.0,14.0,0.0
Southwestern Law School,2025,,,,,87.83%,,,,87.83%,,,,,,,,,,,,,,308.0,304.0,267.0,2.0,2.0,0.0
St. John's University,2025,,,,,94.81%,,,,94.81%,,,,,,,,,,,,,,236.0,231.0,219.0,0.0,5.0,0.0
St. Mary's University,2025,,,,,86.67%,,,,86.67%,,,,,,,,,,,,,,229.0,225.0,195.0,0.0,4.0,0.0
St. Thomas University (Miami),2025,,,,,87.68%,,,,87.68%,,,,,,,,,,,,,,207.0,203.0,178.0,1.0,3.0,0.0
"St. Thomas, (Minneapolis) University of",2025,,,,,88.96%,,,,88.96%,,,,,,,,,,,,,,163.0,154.0,137.0,5.0,4.0,
Stanford University,2025,,,,,98.90%,,,,98.90%,,,,,,,,,,,,,,193.0,181.0,179.0,,12.0,
Stetson University,2025,,,,,85.60%,,,,85.60%,,,,,,,,,,,,,,262.0,243.0,208.0,,19.0,
Suffolk University,2025,,,,,87.75%,,,,87.75%,,,,,,,,,,,,,,326.0,302.0,265.0,19.0,5.0,0.0
Syracuse University,2025,,,,,82.45%,,,,82.45%,,,,,,,,,,,,,,207.0,188.0,155.0,0.0,19.0,0.0
Temple University,2025,,,,,94.83%,,,,94.83%,,,,,,,,,,,,,,238.0,232.0,220.0,3.0,3.0,0.0
"Tennessee, University of",2025,,,,,89.66%,,,,89.66%,,,,,,,,,,,,,,123.0,116.0,104.0,2.0,5.0,0.0
Texas A&M University,2025,,,,,95.38%,,,,95.38%,,,,,,,,,,,,,,175.0,173.0,165.0,0.0,2.0,0.0
Texas Southern University,2025,,,,,76.00%,,,,76.00%,,,,,,,,,,,,,,155.0,150.0,114.0,0.0,5.0,0.0
Texas Tech University,2025,,,,,96.03%,,,,96.03%,,,,,,,,,,,,,,129.0,126.0,121.0,0.0,3.0,0.0
"Texas, University of",2025,,,,,96.47%,,,,96.47%,,,,,,,,,,,,,,287.0,283.0,273.0,0.0,4.0,0.0
The Ohio State University,2025,,,,,95.08%,,,,95.08%,,,,,,,,,,,,,,191.0,183.0,174.0,0.0,8.0,0.0
"Toledo, The University of",2025,,,,,85.54%,,,,85.54%,,,,,,,,,,,,,,84.0,83.0,71.0,1.0,0.0,0.0
Touro University,2025,,,,,78.00%,,,,78.00%,,,,,,,,,,,,,,157.0,150.0,117.0,0.0,7.0,0.0
Tulane University,2025,,,,,90.75%,,,,90.75%,,,,,,,,,,,,,,181.0,173.0,157.0,8.0,0.0,0.0
"Tulsa, The University of",2025,,,,,85.11%,,,,85.11%,,,,,,,,,,,,,,95.0,94.0,80.0,0.0,1.0,0.0
"Utah, The University of",2025,,,,,96.08%,,,,96.08%,,,,,,,,,,,,,,103.0,102.0,98.0,0.0,1.0,0.0
Vanderbilt University,2025,,,,,95.48%,,,,95.48%,,,,,,,,,,,,,,179.0,177.0,169.0,0.0,2.0,0.0
Vermont Law School,2025,,,,,76.30%,,,,76.30%,,,,,,,,,,,,,,151.0,135.0,103.0,6.0,10.0,0.0
Villanova University,2025,,,,,91.26%,,,,91.26%,,,,,,,,,,,,,,186.0,183.0,167.0,3.0,0.0,0.0
"Virginia, University of",2025,,,,,100.00%,,,,100.00%,,,,,,,,,,,,,,327.0,326.0,326.0,1.0,0.0,0.0
Wake Forest University,2025,,,,,98.45%,,,,98.45%,,,,,,,,,,,,,,199.0,194.0,191.0,0.0,5.0,0.0
Washburn University,2025,,,,,85.22%,,,,85.22%,,,,,,,,,,,,,,115.0,115.0,98.0,0.0,0.0,0.0
Washington and Lee University,2025,,,,,95.76%,,,,95.76%,,,,,,,,,,,,,,120.0,118.0,113.0,0.0,2.0,0.0
Washington University (St. Louis),2025,,,,,96.79%,,,,96.79%,,,,,,,,,,,,,,226.0,218.0,211.0,1.0,7.0,0.0
"Washington, University of",2025,,,,,96.71%,,,,96.71%,,,,,,,,,,,,,,152.0,152.0,147.0,0.0,0.0,0.0
Wayne State University,2025,,,,,90.00%,,,,90.00%,,,,,,,,,,,,,,115.0,110.0,99.0,0.0,5.0,0.0
West Virginia University,2025,,,,,86.00%,,,,86.00%,,,,,,,,,,,,,,108.0,100.0,86.0,0.0,8.0,0.0
Western New England University,2025,,,,,86.42%,,,,86.42%,,,,,,,,,,,,,,86.0,81.0,70.0,0.0,5.0,0.0
"Western State, Westcliff University",2025,,,,,67.86%,,,,67.86%,,,,,,,,,,,,,,29.0,28.0,19.0,0.0,1.0,0.0
Widener University Commonwealth Law School,2025,,,,,75.56%,,,,75.56%,,,,,,,,,,,,,,95.0,90.0,68.0,1.0,4.0,0.0
Widener University Delaware Law School,2025,,,,,80.43%,,,,80.43%,,,,,,,,,,,,,,189.0,184.0,148.0,0.0,5.0,0.0
Willamette University,2025,,,,,81.25%,,,,81.25%,,,,,,,,,,,,,,98.0,96.0,78.0,0.0,2.0,0.0
William & Mary,2025,,,,,98.61%,,,,98.61%,,,,,,,,,,,,,,225.0,216.0,213.0,4.0,5.0,0.0
"Wisconsin, University of",2025,,,,,85.71%,,,,99.55%,,,,,,,,,,,,,,221.0,7.0,6.0,0.0,1.0,213.0
"Wyoming, University of",2025,,,,,86.96%,,,,86.96%,,,,,,,,,,,,,,71.0,69.0,60.0,1.0,1.0,0.0
Yale University,2025,,,,,99.01%,,,,99.01%,,,,,,,,,,,,,,209.0,203.0,201.0,0.0,6.0,0.0
*Alternative Pathways refers to graduates who secure non-temporary licensure without sitting for a bar exam.,2025,,,,,,,,,,,,,,,,,,,,,,,,,,,,
