School Name,SchoolYear,Graduate Year,Total Graduates,Graduates who did not take the bar,Graduates with No Information,First Time Takers from Prior Years,Total First Time Takers,Total First Time Passers,Grads Admitted via Alternative Pathways,AvgSchoolPassPercent*,AvgStatePassPercent**,TotalDifferencePercent***,Pass % including Grads Admitted via Alternative Pathways,Graduates In 2022,Graduates who did not take the bar in 2022,Number of Early-Takers,Grads Admitted via Diploma Privilege,Pass % including Grads Admitted via Diploma Privilege,Graduates In 2023,Graduates who did not take the bar in 2023,Graduates who took bar exam before graduation,Graduates who took bar exam after graduation,Graduates In 2024,Graduates who did not take the bar in 2024
"AKRON, UNIVERSITY OF",2022,2021.0,126.0,42.0,0.0,54.0,138.0,94.0,0.0,68.11%,79.22%,-11.11%,68.12%,,,,,,,,,,,
"ALABAMA, UNIVERSITY OF",2022,2021.0,118.0,15.0,1.0,10.0,112.0,100.0,0.0,89.29%,78.79%,10.50%,89.29%,,,,,,,,,,,
ALBANY LAW SCHOOL,2022,2021.0,158.0,29.0,4.0,45.0,170.0,144.0,0.0,84.71%,85.60%,-0.89%,84.71%,,,,,,,,,,,
AMERICAN UNIVERSITY,2022,2021.0,407.0,36.0,14.0,70.0,427.0,341.0,0.0,79.86%,78.56%,1.30%,79.86%,,,,,,,,,,,
APPALACHIAN SCHOOL OF LAW,2022,2021.0,53.0,12.0,0.0,12.0,53.0,18.0,0.0,33.96%,73.89%,-39.93%,33.96%,,,,,,,,,,,
ARIZONA STATE UNIVERSITY,2022,2021.0,269.0,27.0,5.0,47.0,284.0,248.0,0.0,87.33%,77.49%,9.84%,87.32%,,,,,,,,,,,
"ARIZONA, UNIVERSITY OF",2022,2021.0,129.0,24.0,1.0,11.0,115.0,91.0,0.0,79.13%,77.37%,1.76%,79.13%,,,,,,,,,,,
"ARKANSAS, FAYETTEVILLE, UNIVERSITY OF",2022,2021.0,105.0,9.0,6.0,17.0,107.0,85.0,0.0,79.44%,76.64%,2.80%,79.44%,,,,,,,,,,,
"ARKANSAS, LITTLE ROCK, UNIVERSITY OF",2022,2021.0,124.0,13.0,0.0,20.0,131.0,97.0,0.0,74.05%,75.85%,-1.80%,74.05%,,,,,,,,,,,
ATLANTA'S JOHN MARSHALL LAW SCHOOL,2022,2021.0,73.0,14.0,7.0,17.0,69.0,46.0,0.0,66.67%,78.16%,-11.49%,66.67%,,,,,,,,,,,
AVE MARIA SCHOOL OF LAW,2022,2021.0,74.0,28.0,0.0,8.0,54.0,34.0,0.0,62.96%,71.31%,-8.35%,62.96%,,,,,,,,,,,
"BALTIMORE, UNIVERSITY OF",2022,2021.0,215.0,36.0,0.0,25.0,204.0,139.0,0.0,68.14%,74.82%,-6.68%,68.14%,,,,,,,,,,,
BARRY UNIVERSITY,2022,2021.0,183.0,51.0,7.0,53.0,178.0,111.0,0.0,62.36%,70.62%,-8.26%,62.36%,,,,,,,,,,,
BAYLOR UNIVERSITY,2022,2021.0,180.0,15.0,0.0,10.0,175.0,156.0,0.0,88.14%,77.55%,10.59%,89.14%,,,,,,,,,,,
BELMONT UNIVERSITY,2022,2021.0,92.0,4.0,0.0,8.0,96.0,85.0,0.0,88.54%,71.87%,16.67%,88.54%,,,,,,,,,,,
BOSTON COLLEGE,2022,2021.0,227.0,14.0,0.0,6.0,219.0,206.0,0.0,94.06%,80.65%,13.41%,94.06%,,,,,,,,,,,
BOSTON UNIVERSITY,2022,2021.0,281.0,15.0,0.0,12.0,278.0,260.0,0.0,93.53%,80.29%,13.24%,93.53%,,,,,,,,,,,
BRIGHAM YOUNG UNIVERSITY,2022,2021.0,102.0,8.0,0.0,10.0,104.0,100.0,0.0,96.15%,82.50%,13.65%,96.15%,,,,,,,,,,,
BROOKLYN LAW SCHOOL,2022,2021.0,355.0,27.0,4.0,19.0,343.0,271.0,0.0,79.01%,85.47%,-6.46%,79.01%,,,,,,,,,,,
CALIFORNIA WESTERN SCHOOL OF LAW,2022,2021.0,218.0,41.0,0.0,10.0,187.0,120.0,0.0,64.17%,76.89%,-12.72%,64.17%,,,,,,,,,,,
"CALIFORNIA-BERKELEY, UNIVERSITY OF",2022,2021.0,328.0,8.0,5.0,22.0,337.0,320.0,0.0,94.95%,78.14%,16.81%,94.96%,,,,,,,,,,,
"CALIFORNIA-DAVIS, UNIVERSITY OF",2022,2021.0,202.0,13.0,5.0,14.0,198.0,158.0,0.0,79.79%,77.13%,2.66%,79.80%,,,,,,,,,,,
"CALIFORNIA-IRVINE, UNIVERSITY OF",2022,2021.0,214.0,20.0,0.0,10.0,204.0,181.0,0.0,88.72%,77.39%,11.33%,88.73%,,,,,,,,,,,
"CALIFORNIA-LOS ANGELES, UNIVERSITY OF",2022,2021.0,341.0,6.0,16.0,22.0,341.0,320.0,0.0,93.84%,78.01%,15.83%,93.84%,,,,,,,,,,,
CAMPBELL UNIVERSITY,2022,2021.0,157.0,11.0,0.0,23.0,169.0,139.0,0.0,82.25%,80.05%,2.20%,82.25%,,,,,,,,,,,
CAPITAL UNIVERSITY,2022,2021.0,124.0,23.0,2.0,17.0,116.0,90.0,0.0,77.59%,79.05%,-1.46%,77.59%,,,,,,,,,,,
CARDOZO SCHOOL OF LAW,2022,2021.0,323.0,16.0,5.0,11.0,313.0,254.0,0.0,81.15%,84.47%,-3.32%,81.15%,,,,,,,,,,,
CASE WESTERN RESERVE UNIVERSITY,2022,2021.0,153.0,14.0,0.0,8.0,147.0,116.0,0.0,78.91%,78.61%,0.30%,78.91%,,,,,,,,,,,
CATHOLIC UNIVERSITY OF AMERICA,2022,2021.0,118.0,15.0,0.0,11.0,114.0,84.0,0.0,73.69%,78.85%,-5.16%,73.68%,,,,,,,,,,,
CHAPMAN UNIVERSITY,2022,2021.0,143.0,0.0,0.0,0.0,143.0,112.0,0.0,78.32%,76.97%,1.35%,78.32%,,,,,,,,,,,
CHARLESTON SCHOOL OF LAW,2022,2021.0,180.0,39.0,2.0,68.0,207.0,123.0,0.0,59.42%,75.19%,-15.77%,59.42%,,,,,,,,,,,
"CHICAGO, UNIVERSITY OF",2022,2021.0,213.0,6.0,0.0,16.0,223.0,218.0,0.0,97.76%,79.05%,18.71%,97.76%,,,,,,,,,,,
CHICAGO-KENT COLLEGE OF LAW-IIT,2022,2021.0,232.0,26.0,25.0,32.0,213.0,159.0,0.0,74.65%,77.07%,-2.42%,74.65%,,,,,,,,,,,
"CINCINNATI, UNIVERSITY OF",2022,2021.0,124.0,13.0,4.0,4.0,111.0,94.0,0.0,84.69%,78.87%,5.82%,84.68%,,,,,,,,,,,
CITY UNIVERSITY OF NEW YORK,2022,2021.0,188.0,7.0,0.0,11.0,192.0,141.0,0.0,73.44%,84.96%,-11.52%,73.44%,,,,,,,,,,,
CLEVELAND STATE UNIVERSITY,2022,2021.0,124.0,8.0,7.0,18.0,127.0,101.0,0.0,79.53%,79.24%,0.29%,79.53%,,,,,,,,,,,
"COLORADO, UNIVERSITY OF",2022,2021.0,170.0,23.0,0.0,25.0,172.0,146.0,1.0,84.88%,75.87%,9.01%,84.97%,,,,,,,,,,,
COLUMBIA UNIVERSITY,2022,2021.0,461.0,18.0,1.0,18.0,460.0,444.0,0.0,96.52%,84.22%,12.30%,96.52%,,,,,,,,,,,
"CONNECTICUT, UNIVERSITY OF",2022,2021.0,136.0,24.0,0.0,13.0,125.0,97.0,0.0,77.60%,75.09%,2.51%,77.60%,,,,,,,,,,,
CORNELL UNIVERSITY,2022,2021.0,192.0,6.0,2.0,9.0,193.0,178.0,0.0,92.23%,83.03%,9.20%,92.23%,,,,,,,,,,,
CREIGHTON UNIVERSITY,2022,2021.0,105.0,15.0,0.0,11.0,101.0,66.0,0.0,65.34%,74.11%,-8.77%,65.35%,,,,,,,,,,,
"DAYTON, UNIVERSITY OF",2022,2021.0,65.0,13.0,0.0,9.0,61.0,43.0,0.0,70.49%,77.82%,-7.33%,70.49%,,,,,,,,,,,
"DENVER, UNIVERSITY OF",2022,2021.0,243.0,42.0,0.0,33.0,234.0,186.0,0.0,79.48%,76.01%,3.47%,79.49%,,,,,,,,,,,
DEPAUL UNIVERSITY,2022,2021.0,196.0,12.0,19.0,14.0,179.0,122.0,0.0,68.15%,76.87%,-8.72%,68.16%,,,,,,,,,,,
"DETROIT MERCY, UNIVERSITY OF",2022,2021.0,178.0,85.0,0.0,16.0,109.0,77.0,0.0,70.64%,73.38%,-2.74%,70.64%,,,,,,,,,,,
DISTRICT OF COLUMBIA,2022,2021.0,44.0,17.0,0.0,13.0,40.0,13.0,0.0,32.50%,78.68%,-46.18%,32.50%,,,,,,,,,,,
DRAKE UNIVERSITY,2022,2021.0,101.0,23.0,0.0,24.0,102.0,81.0,0.0,79.41%,74.29%,5.12%,79.41%,,,,,,,,,,,
DREXEL UNIVERSITY,2022,2021.0,162.0,12.0,2.0,18.0,166.0,130.0,0.0,78.31%,74.22%,4.09%,78.31%,,,,,,,,,,,
DUKE UNIVERSITY,2022,2021.0,244.0,10.0,1.0,18.0,251.0,244.0,0.0,97.21%,80.67%,16.54%,97.21%,,,,,,,,,,,
DUQUESNE UNIVERSITY,2022,2021.0,157.0,0.0,6.0,2.0,153.0,129.0,0.0,84.32%,75.19%,9.13%,84.31%,,,,,,,,,,,
ELON UNIVERSITY,2022,2021.0,127.0,127.0,0.0,119.0,119.0,93.0,0.0,78.15%,79.05%,-0.90%,78.15%,,,,,,,,,,,
EMORY UNIVERSITY,2022,2021.0,279.0,21.0,10.0,21.0,269.0,243.0,0.0,90.33%,79.37%,10.96%,90.33%,,,,,,,,,,,
FAULKNER UNIVERSITY,2022,2021.0,61.0,15.0,0.0,4.0,50.0,36.0,0.0,72.00%,79.21%,-7.21%,72.00%,,,,,,,,,,,
FLORIDA A&M UNIVERSITY,2022,2021.0,156.0,35.0,6.0,29.0,144.0,81.0,0.0,56.25%,71.92%,-15.67%,56.25%,,,,,,,,,,,
FLORIDA INTERNATIONAL UNIVERSITY,2022,2021.0,158.0,39.0,0.0,24.0,143.0,124.0,0.0,86.72%,69.91%,16.81%,86.71%,,,,,,,,,,,
FLORIDA STATE UNIVERSITY,2022,2021.0,222.0,25.0,2.0,14.0,209.0,155.0,0.0,74.16%,70.50%,3.66%,74.16%,,,,,,,,,,,
"FLORIDA, UNIVERSITY OF",2022,2021.0,278.0,43.0,0.0,36.0,271.0,224.0,0.0,82.66%,71.20%,11.46%,82.66%,,,,,,,,,,,
FORDHAM UNIVERSITY,2022,2021.0,404.0,17.0,0.0,12.0,399.0,374.0,0.0,93.74%,85.33%,8.41%,93.73%,,,,,,,,,,,
GEORGE MASON UNIVERSITY,2022,2021.0,154.0,20.0,2.0,28.0,160.0,145.0,0.0,90.62%,78.54%,12.08%,90.63%,,,,,,,,,,,
GEORGE WASHINGTON UNIVERSITY,2022,2021.0,569.0,2.0,119.0,40.0,489.0,457.0,0.0,93.46%,80.50%,12.96%,93.46%,,,,,,,,,,,
GEORGETOWN UNIVERSITY,2022,2021.0,674.0,16.0,41.0,62.0,679.0,633.0,0.0,93.23%,80.62%,12.61%,93.23%,,,,,,,,,,,
GEORGIA STATE UNIVERSITY,2022,2021.0,224.0,49.0,10.0,9.0,174.0,146.0,0.0,83.90%,78.24%,5.66%,83.91%,,,,,,,,,,,
"GEORGIA, UNIVERSITY OF",2022,2021.0,200.0,15.0,0.0,7.0,192.0,180.0,0.0,93.75%,77.79%,15.96%,93.75%,,,,,,,,,,,
GOLDEN GATE UNIVERSITY,2022,2021.0,172.0,27.0,3.0,12.0,154.0,54.0,0.0,35.07%,76.97%,-41.90%,35.06%,,,,,,,,,,,
GONZAGA UNIVERSITY,2022,2021.0,141.0,17.0,0.0,15.0,139.0,114.0,0.0,82.02%,80.69%,1.33%,82.01%,,,,,,,,,,,
HARVARD UNIVERSITY,2022,2021.0,595.0,27.0,48.0,20.0,540.0,537.0,0.0,99.44%,82.04%,17.40%,99.44%,,,,,,,,,,,
"HAWAII, UNIVERSITY OF",2022,2021.0,111.0,9.0,21.0,30.0,111.0,80.0,0.0,72.07%,74.86%,-2.79%,72.07%,,,,,,,,,,,
HOFSTRA UNIVERSITY,2022,2021.0,267.0,13.0,0.0,14.0,268.0,195.0,0.0,72.76%,84.96%,-12.20%,72.76%,,,,,,,,,,,
"HOUSTON, UNIVERSITY OF",2022,2021.0,205.0,20.0,11.0,37.0,211.0,181.0,0.0,85.78%,77.57%,8.21%,85.78%,,,,,,,,,,,
HOWARD UNIVERSITY,2022,2021.0,141.0,22.0,0.0,16.0,135.0,85.0,0.0,62.96%,80.66%,-17.70%,62.96%,,,,,,,,,,,
"IDAHO, UNIVERSITY OF",2022,2021.0,143.0,21.0,2.0,13.0,133.0,89.0,0.0,66.92%,73.34%,-6.42%,66.92%,,,,,,,,,,,
"ILLINOIS, UNIVERSITY OF",2022,2021.0,121.0,6.0,0.0,7.0,122.0,103.0,0.0,84.43%,77.49%,6.94%,84.43%,,,,,,,,,,,
INDIANA UNIVERSITY - BLOOMINGTON,2022,2021.0,164.0,21.0,0.0,11.0,154.0,138.0,0.0,89.61%,77.73%,11.88%,89.61%,,,,,,,,,,,
INDIANA UNIVERSITY - INDIANAPOLIS,2022,2021.0,236.0,59.0,3.0,50.0,224.0,174.0,0.0,77.68%,75.93%,1.75%,77.68%,,,,,,,,,,,
INTER AMERICAN UNIVERSITY OF PUERTO RICO,2022,2021.0,169.0,74.0,0.0,94.0,95.0,32.0,0.0,33.68%,33.70%,-0.02%,33.68%,,,,,,,,,,,
"IOWA, UNIVERSITY OF",2022,2021.0,141.0,14.0,5.0,10.0,132.0,111.0,0.0,84.09%,75.48%,8.61%,84.09%,,,,,,,,,,,
"KANSAS, UNIVERSITY OF",2022,2021.0,98.0,9.0,0.0,9.0,98.0,94.0,0.0,95.92%,78.83%,17.09%,95.92%,,,,,,,,,,,
"KENTUCKY, UNIVERSITY OF",2022,2021.0,130.0,12.0,6.0,15.0,127.0,104.0,0.0,81.89%,76.80%,5.09%,81.89%,,,,,,,,,,,
LEWIS AND CLARK COLLEGE,2022,2021.0,176.0,31.0,0.0,14.0,159.0,128.0,0.0,80.50%,80.70%,-0.20%,80.50%,,,,,,,,,,,
LINCOLN MEMORIAL,2022,2021.0,86.0,16.0,0.0,5.0,75.0,38.0,0.0,50.67%,72.03%,-21.36%,50.67%,,,,,,,,,,,
LOUISIANA STATE UNIVERSITY,2022,2021.0,185.0,5.0,18.0,1.0,163.0,134.0,0.0,82.21%,74.82%,7.39%,82.21%,,,,,,,,,,,
"LOUISVILLE, UNIVERSITY OF",2022,2021.0,119.0,19.0,8.0,9.0,101.0,83.0,0.0,82.18%,76.98%,5.20%,82.18%,,,,,,,,,,,
LOYOLA MARYMOUNT UNIVERSITY-LOS ANGELES,2022,2021.0,309.0,42.0,0.0,23.0,290.0,255.0,0.0,87.94%,77.00%,10.94%,87.93%,,,,,,,,,,,
LOYOLA UNIVERSITY-CHICAGO,2022,2021.0,236.0,12.0,17.0,0.0,207.0,170.0,0.0,81.73%,76.92%,4.81%,82.13%,,,,,,,,,,,
LOYOLA UNIVERSITY-NEW ORLEANS,2022,2021.0,152.0,19.0,1.0,29.0,161.0,129.0,0.0,80.12%,75.06%,5.06%,80.12%,,,,,,,,,,,
"MAINE, UNIVERSITY OF",2022,2021.0,81.0,9.0,0.0,11.0,83.0,56.0,0.0,67.47%,66.40%,1.07%,67.47%,,,,,,,,,,,
MARQUETTE UNIVERSITY,2022,2021.0,189.0,187.0,0.0,0.0,2.0,1.0,182.0,50.00%,77.18%,-27.18%,99.46%,,,,,,,,,,,
"MARYLAND, UNIVERSITY OF",2022,2021.0,210.0,25.0,7.0,24.0,202.0,167.0,0.0,82.67%,75.54%,7.13%,82.67%,,,,,,,,,,,
MCGEORGE SCHOOL OF LAW,2022,2021.0,188.0,37.0,2.0,28.0,177.0,139.0,0.0,78.53%,76.59%,1.94%,78.53%,,,,,,,,,,,
"MEMPHIS, UNIVERSITY OF",2022,2021.0,115.0,20.0,5.0,21.0,111.0,85.0,0.0,76.58%,71.56%,5.02%,76.58%,,,,,,,,,,,
MERCER UNIVERSITY,2022,2021.0,122.0,8.0,0.0,1.0,115.0,90.0,0.0,78.26%,78.11%,0.15%,78.26%,,,,,,,,,,,
"MIAMI, UNIVERSITY OF",2022,2021.0,366.0,120.0,0.0,39.0,285.0,233.0,0.0,81.76%,70.07%,11.69%,81.75%,,,,,,,,,,,
MICHIGAN STATE UNIVERSITY,2022,2021.0,191.0,42.0,0.0,40.0,189.0,138.0,0.0,73.02%,74.12%,-1.10%,73.02%,,,,,,,,,,,
"MICHIGAN, UNIVERSITY OF",2022,2021.0,362.0,5.0,19.0,16.0,354.0,344.0,1.0,97.18%,79.79%,17.39%,97.18%,,,,,,,,,,,
"MINNESOTA, UNIVERSITY OF",2022,2021.0,225.0,28.0,0.0,11.0,208.0,199.0,0.0,95.67%,79.40%,16.27%,95.67%,,,,,,,,,,,
MISSISSIPPI COLLEGE,2022,2021.0,88.0,20.0,0.0,24.0,92.0,64.0,0.0,69.57%,74.79%,-5.22%,69.57%,,,,,,,,,,,
"MISSISSIPPI, UNIVERSITY OF",2022,2021.0,144.0,28.0,0.0,33.0,149.0,104.0,0.0,69.80%,75.22%,-5.42%,69.80%,,,,,,,,,,,
"MISSOURI, UNIVERSITY OF",2022,2021.0,92.0,11.0,1.0,8.0,88.0,73.0,0.0,82.95%,81.59%,1.36%,82.95%,,,,,,,,,,,
"MISSOURI-KANSAS CITY, UNIVERSITY OF",2022,2021.0,136.0,43.0,0.0,22.0,115.0,86.0,0.0,74.78%,81.76%,-6.98%,74.78%,,,,,,,,,,,
MITCHELL|HAMLINE,2022,2021.0,331.0,81.0,0.0,59.0,309.0,184.0,0.0,59.55%,78.18%,-18.63%,59.55%,,,,,,,,,,,
"MONTANA, UNIVERSITY OF",2022,2021.0,71.0,5.0,2.0,2.0,66.0,55.0,0.0,83.34%,76.44%,6.90%,83.33%,,,,,,,,,,,
"NEBRASKA, UNIVERSITY OF",2022,2021.0,112.0,11.0,0.0,12.0,113.0,90.0,0.0,79.65%,73.64%,6.01%,79.65%,,,,,,,,,,,
NEW ENGLAND LAW | BOSTON,2022,2021.0,154.0,13.0,1.0,5.0,145.0,111.0,0.0,76.55%,79.11%,-2.56%,76.55%,,,,,,,,,,,
NEW HAMPSHIRE UNIVERSITY OF,2022,2021.0,84.0,9.0,0.0,9.0,84.0,71.0,0.0,84.52%,73.78%,10.74%,84.52%,,,,,,,,,,,
"NEW MEXICO, UNIVERSITY OF",2022,2021.0,100.0,10.0,4.0,22.0,108.0,87.0,0.0,80.55%,76.80%,3.75%,80.56%,,,,,,,,,,,
NEW YORK LAW SCHOOL,2022,2021.0,310.0,0.0,24.0,14.0,300.0,223.0,0.0,74.33%,84.56%,-10.23%,74.33%,,,,,,,,,,,
NEW YORK UNIVERSITY,2022,2021.0,464.0,17.0,0.0,16.0,463.0,457.0,0.0,98.70%,84.24%,14.46%,98.70%,,,,,,,,,,,
NORTH CAROLINA CENTRAL UNIVERSITY,2022,2021.0,89.0,14.0,0.0,21.0,96.0,65.0,0.0,67.71%,79.61%,-11.90%,67.71%,,,,,,,,,,,
"NORTH CAROLINA, UNIVERSITY OF",2022,2021.0,206.0,21.0,1.0,2.0,186.0,166.0,0.0,89.25%,79.81%,9.44%,89.25%,,,,,,,,,,,
"NORTH DAKOTA, UNIVERSITY OF",2022,2021.0,60.0,20.0,2.0,14.0,52.0,36.0,0.0,69.23%,74.62%,-5.39%,69.23%,,,,,,,,,,,
NORTHEASTERN UNIVERSITY,2022,2021.0,198.0,23.0,0.0,14.0,189.0,165.0,0.0,87.30%,79.53%,7.77%,87.30%,,,,,,,,,,,
NORTHERN ILLINOIS UNIVERSITY,2022,2021.0,83.0,34.0,0.0,16.0,65.0,41.0,0.0,63.07%,76.39%,-13.32%,63.08%,,,,,,,,,,,
NORTHERN KENTUCKY UNIVERSITY,2022,2021.0,103.0,16.0,23.0,14.0,78.0,60.0,0.0,76.92%,78.12%,-1.20%,76.92%,,,,,,,,,,,
NORTHWESTERN UNIVERSITY,2022,2021.0,273.0,0.0,11.0,21.0,283.0,269.0,0.0,95.05%,79.00%,16.05%,95.05%,,,,,,,,,,,
"NOTRE DAME, UNIVERSITY OF",2022,2021.0,184.0,7.0,3.0,18.0,192.0,176.0,0.0,91.67%,77.82%,13.85%,91.67%,,,,,,,,,,,
NOVA SOUTHEASTERN UNIVERSITY,2022,2021.0,190.0,18.0,2.0,15.0,185.0,115.0,0.0,62.16%,70.43%,-8.27%,62.16%,,,,,,,,,,,
OHIO NORTHERN UNIVERSITY,2022,2021.0,41.0,8.0,1.0,9.0,41.0,29.0,0.0,70.73%,78.01%,-7.28%,70.73%,,,,,,,,,,,
OHIO STATE UNIVERSITY,2022,2021.0,175.0,14.0,1.0,15.0,175.0,164.0,0.0,93.71%,79.18%,14.53%,93.71%,,,,,,,,,,,
OKLAHOMA CITY UNIVERSITY,2022,2021.0,135.0,24.0,0.0,21.0,132.0,92.0,0.0,69.69%,78.40%,-8.71%,69.70%,,,,,,,,,,,
"OKLAHOMA, UNIVERSITY OF",2022,2021.0,171.0,6.0,0.0,4.0,169.0,155.0,0.0,91.72%,78.13%,13.59%,91.72%,,,,,,,,,,,
"OREGON, UNIVERSITY OF",2022,2021.0,127.0,11.0,0.0,11.0,127.0,112.0,0.0,88.19%,80.39%,7.80%,88.19%,,,,,,,,,,,
PACE UNIVERSITY,2022,2021.0,209.0,15.0,0.0,13.0,207.0,152.0,0.0,73.43%,84.01%,-10.58%,73.43%,,,,,,,,,,,
PENNSYLVANIA STATE - DICKINSON LAW,2022,2021.0,72.0,6.0,0.0,3.0,69.0,56.0,0.0,81.16%,75.34%,5.82%,81.16%,,,,,,,,,,,
PENNSYLVANIA STATE - PENN STATE LAW,2022,2021.0,118.0,10.0,0.0,9.0,117.0,105.0,0.0,89.74%,77.68%,12.06%,89.74%,,,,,,,,,,,
"PENNSYLVANIA, UNIVERSITY OF",2022,2021.0,258.0,19.0,0.0,15.0,254.0,245.0,0.0,96.46%,81.50%,14.96%,96.46%,,,,,,,,,,,
PEPPERDINE UNIVERSITY,2022,2021.0,148.0,21.0,0.0,10.0,137.0,119.0,0.0,86.87%,76.89%,9.98%,86.86%,,,,,,,,,,,
"PITTSBURGH, UNIVERSITY OF",2022,2021.0,130.0,18.0,0.0,11.0,123.0,95.0,0.0,77.23%,75.47%,1.76%,77.24%,,,,,,,,,,,
PONTIFICAL CATHOLIC UNIVERSITY OF P.R.,2022,2021.0,96.0,60.0,1.0,70.0,105.0,31.0,0.0,29.52%,33.70%,-4.18%,29.52%,,,,,,,,,,,
"PUERTO RICO, UNIVERSITY OF",2022,2021.0,135.0,28.0,0.0,7.0,114.0,51.0,0.0,44.74%,34.11%,10.63%,44.74%,,,,,,,,,,,
QUINNIPIAC UNIVERSITY,2022,2021.0,107.0,19.0,2.0,13.0,99.0,70.0,0.0,70.70%,74.87%,-4.17%,70.71%,,,,,,,,,,,
REGENT UNIVERSITY,2022,2021.0,86.0,18.0,0.0,1.0,69.0,53.0,0.0,76.81%,78.18%,-1.37%,76.81%,,,,,,,,,,,
"RICHMOND, UNIVERSITY OF",2022,2021.0,134.0,18.0,0.0,9.0,125.0,106.0,0.0,84.80%,78.32%,6.48%,84.80%,,,,,,,,,,,
ROGER WILLIAMS UNIVERSITY,2022,2021.0,139.0,9.0,0.0,34.0,164.0,100.0,0.0,60.98%,77.85%,-16.87%,60.98%,,,,,,,,,,,
RUTGERS UNIVERSITY,2022,2021.0,381.0,4.0,39.0,42.0,380.0,255.0,0.0,67.10%,71.06%,-3.96%,67.11%,,,,,,,,,,,
RUTGERS UNIVERSITY-NEWARK,2022,2021.0,231.0,2.0,24.0,22.0,227.0,161.0,0.0,70.92%,71.32%,-0.40%,70.93%,,,,,,,,,,,
SAINT LOUIS UNIVERSITY,2022,2021.0,167.0,20.0,8.0,25.0,164.0,140.0,0.0,85.37%,81.07%,4.30%,85.37%,,,,,,,,,,,
SAMFORD UNIVERSITY,2022,2021.0,121.0,8.0,2.0,15.0,126.0,90.0,0.0,71.43%,78.95%,-7.52%,71.43%,,,,,,,,,,,
"SAN DIEGO, UNIVERSITY OF",2022,2021.0,222.0,22.0,1.0,26.0,225.0,184.0,0.0,81.78%,76.97%,4.81%,81.78%,,,,,,,,,,,
"SAN FRANCISCO, UNIVERSITY OF",2022,2021.0,107.0,9.0,0.0,22.0,120.0,79.0,0.0,65.83%,76.98%,-11.15%,65.83%,,,,,,,,,,,
SANTA CLARA UNIVERSITY,2022,2021.0,214.0,36.0,0.0,38.0,216.0,150.0,0.0,69.44%,77.21%,-7.77%,69.44%,,,,,,,,,,,
SEATTLE UNIVERSITY,2022,2021.0,193.0,34.0,9.0,31.0,182.0,138.0,0.0,75.82%,82.24%,-6.42%,75.82%,,,,,,,,,,,
SETON HALL UNIVERSITY,2022,2021.0,221.0,25.0,0.0,6.0,202.0,181.0,0.0,89.60%,71.89%,17.71%,89.60%,,,,,,,,,,,
"SOUTH CAROLINA, UNIVERSITY OF",2022,2021.0,207.0,23.0,2.0,18.0,200.0,164.0,0.0,82.00%,74.90%,7.10%,82.00%,,,,,,,,,,,
"SOUTH DAKOTA, UNIVERSITY OF",2022,2021.0,63.0,8.0,1.0,8.0,62.0,45.0,0.0,72.58%,71.80%,0.78%,72.58%,,,,,,,,,,,
SOUTH TEXAS COLLEGE OF LAW HOUSTON,2022,2021.0,264.0,72.0,0.0,97.0,289.0,207.0,0.0,71.38%,77.46%,-6.08%,71.63%,,,,,,,,,,,
"SOUTHERN CALIFORNIA, UNIVERSITY OF",2022,2021.0,191.0,11.0,0.0,6.0,186.0,177.0,0.0,95.16%,77.65%,17.51%,95.16%,,,,,,,,,,,
SOUTHERN ILLINOIS UNIVERSITY-CARBONDALE,2022,2021.0,62.0,13.0,0.0,20.0,69.0,41.0,0.0,59.42%,78.66%,-19.24%,59.42%,,,,,,,,,,,
SOUTHERN METHODIST UNIVERSITY,2022,2021.0,210.0,17.0,0.0,37.0,230.0,200.0,0.0,86.96%,77.61%,9.35%,86.96%,,,,,,,,,,,
SOUTHERN UNIVERSITY,2022,2021.0,199.0,38.0,40.0,0.0,121.0,76.0,0.0,62.81%,74.68%,-11.87%,62.81%,,,,,,,,,,,
SOUTHWESTERN LAW SCHOOL,2022,2021.0,223.0,13.0,12.0,28.0,226.0,172.0,0.0,76.11%,76.99%,-0.88%,76.11%,,,,,,,,,,,
ST. JOHN'S UNIVERSITY,2022,2021.0,235.0,11.0,4.0,10.0,230.0,212.0,0.0,92.18%,85.58%,6.60%,92.17%,,,,,,,,,,,
ST. MARY'S UNIVERSITY,2022,2021.0,200.0,31.0,0.0,46.0,215.0,153.0,0.0,71.17%,77.52%,-6.35%,71.16%,,,,,,,,,,,
ST. THOMAS UNIVERSITY (FLORIDA),2022,2021.0,150.0,22.0,0.0,30.0,158.0,79.0,0.0,50.00%,70.42%,-20.42%,50.00%,,,,,,,,,,,
"ST. THOMAS, UNIVERSITY OF (MINNESOTA)",2022,2021.0,142.0,5.0,0.0,4.0,141.0,113.0,0.0,80.14%,79.32%,0.82%,80.14%,,,,,,,,,,,
STANFORD UNIVERSITY,2022,2021.0,182.0,18.0,4.0,11.0,171.0,166.0,0.0,97.08%,79.73%,17.35%,97.08%,,,,,,,,,,,
STETSON UNIVERSITY,2022,2021.0,269.0,64.0,0.0,46.0,252.0,192.0,0.0,76.19%,70.25%,5.94%,76.19%,,,,,,,,,,,
SUFFOLK UNIVERSITY,2022,2021.0,338.0,29.0,22.0,28.0,315.0,243.0,0.0,77.14%,79.90%,-2.76%,77.14%,,,,,,,,,,,
SYRACUSE UNIVERSITY,2022,2021.0,168.0,33.0,5.0,25.0,160.0,133.0,0.0,83.13%,82.66%,0.47%,83.13%,,,,,,,,,,,
TEMPLE UNIVERSITY,2022,2021.0,239.0,10.0,18.0,17.0,228.0,186.0,0.0,81.58%,74.83%,6.75%,81.58%,,,,,,,,,,,
"TENNESSEE, UNIVERSITY OF",2022,2021.0,120.0,14.0,5.0,12.0,113.0,100.0,0.0,88.50%,72.57%,15.93%,88.50%,,,,,,,,,,,
TEXAS A&M UNIVERSITY,2022,2021.0,170.0,8.0,0.0,9.0,171.0,159.0,0.0,92.98%,77.57%,15.41%,92.98%,,,,,,,,,,,
"TEXAS AT AUSTIN, UNIVERSITY OF",2022,2021.0,372.0,19.0,1.0,45.0,397.0,375.0,0.0,94.45%,77.95%,16.50%,94.46%,,,,,,,,,,,
TEXAS SOUTHERN UNIVERSITY,2022,2021.0,164.0,44.0,0.0,54.0,174.0,93.0,0.0,53.45%,77.47%,-24.02%,53.45%,,,,,,,,,,,
TEXAS TECH UNIVERSITY,2022,2021.0,133.0,5.0,0.0,17.0,145.0,129.0,0.0,88.96%,77.39%,11.57%,88.97%,,,,,,,,,,,
"TOLEDO, UNIVERSITY OF",2022,2021.0,75.0,23.0,6.0,25.0,71.0,55.0,0.0,77.47%,77.76%,-0.29%,77.46%,,,,,,,,,,,
TOURO UNIVERSITY,2022,2021.0,134.0,17.0,0.0,7.0,124.0,78.0,0.0,62.90%,85.67%,-22.77%,62.90%,,,,,,,,,,,
TULANE UNIVERSITY,2022,2021.0,202.0,14.0,2.0,22.0,208.0,164.0,0.0,78.85%,77.14%,1.71%,78.85%,,,,,,,,,,,
"TULSA, UNIVERSITY OF",2022,2021.0,99.0,45.0,0.0,37.0,91.0,67.0,0.0,73.63%,78.47%,-4.84%,73.63%,,,,,,,,,,,
UNIVERSITY OF BUFFALO-SUNY,2022,2021.0,139.0,3.0,11.0,9.0,134.0,98.0,0.0,73.13%,86.11%,-12.98%,73.13%,,,,,,,,,,,
"UNIVERSITY OF CALIFORNIA COLLEGE OF THE LAW, SAN FRANCISCO",2022,2021.0,287.0,29.0,2.0,34.0,290.0,237.0,0.0,81.72%,77.05%,4.67%,81.72%,,,,,,,,,,,
UNIVERSITY OF ILLINOIS CHICAGO SCHOOL OF LAW,2022,2021.0,289.0,75.0,3.0,67.0,278.0,179.0,0.0,64.39%,76.98%,-12.59%,64.39%,,,,,,,,,,,
UNIVERSITY OF MASSACHUSETTS DARTMOUTH,2022,2021.0,86.0,13.0,0.0,2.0,75.0,48.0,0.0,64.00%,79.29%,-15.29%,64.00%,,,,,,,,,,,
UNIVERSITY OF NEVADA - LAS VEGAS,2022,2021.0,166.0,40.0,0.0,26.0,152.0,113.0,0.0,73.86%,68.53%,5.33%,74.34%,,,,,,,,,,,
UNT DALLAS COLLEGE OF LAW,2022,2021.0,109.0,13.0,0.0,8.0,104.0,71.0,0.0,68.27%,77.45%,-9.18%,68.27%,,,,,,,,,,,
"UTAH, UNIVERSITY OF",2022,2021.0,88.0,11.0,1.0,9.0,85.0,79.0,0.0,92.94%,87.62%,5.32%,92.94%,,,,,,,,,,,
VANDERBILT UNIVERSITY,2022,2021.0,191.0,8.0,1.0,24.0,206.0,196.0,0.0,95.15%,78.02%,17.13%,95.15%,,,,,,,,,,,
VERMONT LAW SCHOOL,2022,2021.0,161.0,24.0,19.0,26.0,144.0,85.0,0.0,59.03%,71.93%,-12.90%,59.03%,,,,,,,,,,,
VILLANOVA UNIVERSITY,2022,2021.0,172.0,8.0,0.0,23.0,187.0,165.0,0.0,88.24%,74.74%,13.50%,88.24%,,,,,,,,,,,
"VIRGINIA, UNIVERSITY OF",2022,2021.0,318.0,4.0,0.0,14.0,328.0,311.0,0.0,94.82%,79.90%,14.92%,94.82%,,,,,,,,,,,
WAKE FOREST UNIVERSITY,2022,2021.0,170.0,9.0,4.0,0.0,157.0,148.0,0.0,94.27%,78.63%,15.64%,94.27%,,,,,,,,,,,
WASHBURN UNIVERSITY,2022,2021.0,101.0,15.0,0.0,13.0,99.0,71.0,0.0,71.72%,78.76%,-7.04%,71.72%,,,,,,,,,,,
WASHINGTON AND LEE UNIVERSITY,2022,2021.0,118.0,4.0,0.0,14.0,128.0,111.0,0.0,86.72%,78.29%,8.43%,86.72%,,,,,,,,,,,
WASHINGTON UNIVERSITY,2022,2021.0,246.0,21.0,0.0,14.0,239.0,219.0,0.0,91.63%,79.26%,12.37%,91.63%,,,,,,,,,,,
"WASHINGTON, UNIVERSITY OF",2022,2021.0,166.0,20.0,0.0,9.0,155.0,142.0,0.0,92.21%,82.05%,10.16%,91.61%,,,,,,,,,,,
WAYNE STATE UNIVERSITY,2022,2021.0,131.0,30.0,0.0,20.0,121.0,101.0,0.0,83.47%,72.35%,11.12%,83.47%,,,,,,,,,,,
WEST VIRGINIA UNIVERSITY,2022,2021.0,103.0,8.0,0.0,11.0,106.0,68.0,0.0,64.15%,64.44%,-0.29%,64.15%,,,,,,,,,,,
WESTERN MICHIGAN UNIVERSITY,2022,2021.0,429.0,140.0,0.0,104.0,393.0,149.0,0.0,37.91%,73.05%,-35.14%,37.91%,,,,,,,,,,,
WESTERN NEW ENGLAND UNIVERSITY,2022,2021.0,73.0,6.0,0.0,2.0,69.0,38.0,0.0,55.07%,77.84%,-22.77%,55.07%,,,,,,,,,,,
WESTERN STATE COLLEGE OF LAW,2022,2021.0,76.0,25.0,0.0,37.0,88.0,48.0,0.0,54.54%,76.99%,-22.45%,54.55%,,,,,,,,,,,
WIDENER UNIVERSITY-DELAWARE,2022,2021.0,185.0,27.0,0.0,44.0,202.0,111.0,0.0,54.95%,72.77%,-17.82%,54.95%,,,,,,,,,,,
WIDENER-COMMONWEALTH,2022,2021.0,84.0,20.0,0.0,25.0,89.0,50.0,0.0,56.18%,75.82%,-19.64%,56.18%,,,,,,,,,,,
WILLAMETTE UNIVERSITY,2022,2021.0,101.0,10.0,0.0,1.0,92.0,63.0,0.0,68.48%,80.43%,-11.95%,68.48%,,,,,,,,,,,
WILLIAM AND MARY LAW SCHOOL,2022,2021.0,179.0,10.0,4.0,13.0,178.0,167.0,0.0,93.82%,78.66%,15.16%,93.82%,,,,,,,,,,,
"WISCONSIN, UNIVERSITY OF",2022,2021.0,265.0,253.0,3.0,1.0,10.0,9.0,248.0,90.00%,77.46%,12.54%,99.61%,,,,,,,,,,,
"WYOMING, UNIVERSITY OF",2022,2021.0,73.0,9.0,0.0,3.0,72.0,51.0,0.0,70.84%,75.47%,-4.63%,70.83%,,,,,,,,,,,
YALE UNIVERSITY,2022,2021.0,221.0,32.0,0.0,26.0,215.0,211.0,0.0,98.14%,80.69%,17.45%,98.14%,,,,,,,,,,,
*Law School pass rate is how the Law School’s graduates performed across all jurisdictions where they took the bar examination for the first time.,2022,,,,,,,,,,,,,,,,,,,,,,,
"**The ABA weighted average bar pass rate is the average pass rate for graduates from ABA-accredited law schools for each jurisdiction in which the Law School’s graduates sat for the bar exam. This number is weighted so that bar pass rates from ju  
    
  risdictions where more of the Law School’s graduates sat for the bar exam have a greater impact on the ABA weighted average bar pass rate than bar pass rates from jurisdictions where fewer of the Law School’s graduates sat for the bar exam.",2022,,,,,,,,,,,,,,,,,,,,,,,
"***The difference between the Law School pass rate and the ABA weighted average bar pass rate compares the performance of the Law School’s graduates on the bar exam in all jurisdictions where they took the bar exam for the first time with the per  
    
  formance of graduates from all ABA-accredited law schools on the bar exam in those same jurisdictions.",2022,,,,,,,,,,,,,,,,,,,,,,,
"Akron, The University of",2023,,,,0.0,31.0,111.0,82.0,,73.87%,78.64%,-4.77%,,124.0,44.0,0.0,0.0,73.87%,,,,,,
"Alabama, The University of",2023,,,,2.0,4.0,126.0,115.0,,91.27%,80.36%,10.91%,,132.0,8.0,0.0,0.0,91.27%,,,,,,
Albany Law School,2023,,,,3.0,28.0,161.0,114.0,,70.81%,82.39%,-11.58%,,156.0,28.0,8.0,0.0,70.81%,,,,,,
American University,2023,,,,,49.0,315.0,230.0,,73.02%,78.02%,-5%,,315.0,49.0,0.0,,73.02%,,,,,,
Appalachian School of Law,2023,,,,1.0,10.0,41.0,21.0,,51.22%,74.92%,-23.7%,,39.0,7.0,0.0,0.0,51.22%,,,,,,
Arizona State University,2023,,,,4.0,16.0,258.0,218.0,,84.5%,71.66%,12.84%,,267.0,28.0,7.0,0.0,84.50%,,,,,,
"Arizona, The University of",2023,,,,0.0,21.0,136.0,98.0,,72.06%,73.16%,-1.1%,,127.0,24.0,12.0,0.0,72.06%,,,,,,
"Arkansas at Little Rock, University of",2023,,,,0.0,8.0,138.0,97.0,,70.29%,73.74%,-3.45%,,140.0,10.0,0.0,0.0,70.29%,,,,,,
"Arkansas, University of",2023,,,,13.0,7.0,94.0,77.0,,81.91%,73.86%,8.05%,,112.0,12.0,0.0,0.0,81.91%,,,,,,
Atlanta's John Marshall Law School,2023,,,,1.0,10.0,55.0,36.0,,65.45%,78.06%,-12.61%,,58.0,12.0,0.0,0.0,65.45%,,,,,,
Ave Maria School of Law,2023,,,,0.0,23.0,74.0,49.0,,66.22%,66.23%,-0.01%,,85.0,34.0,0.0,0.0,66.22%,,,,,,
"Baltimore, University of",2023,,,,0.0,28.0,172.0,104.0,,60.47%,75.96%,-15.49%,,188.0,44.0,0.0,0.0,60.47%,,,,,,
Barry University,2023,,,,3.0,43.0,166.0,82.0,,49.4%,65.51%,-16.11%,,168.0,42.0,0.0,0.0,49.40%,,,,,,
Baylor University,2023,,,,0.0,15.0,137.0,126.0,,91.97%,75.29%,16.68%,,144.0,22.0,0.0,0.0,91.97%,,,,,,
Belmont University,2023,,,,0.0,4.0,116.0,101.0,,87.07%,71.54%,15.53%,,120.0,8.0,0.0,0.0,87.07%,,,,,,
Boston College,2023,,,,0.0,2.0,243.0,223.0,,91.77%,80.3%,11.47%,,260.0,19.0,0.0,0.0,91.77%,,,,,,
Boston University,2023,,,,,7.0,221.0,203.0,,91.86%,79.18%,12.68%,,228.0,17.0,3.0,,91.86%,,,,,,
Brigham Young University,2023,,,,0.0,11.0,117.0,109.0,,93.16%,82.67%,10.49%,,119.0,13.0,0.0,0.0,93.16%,,,,,,
Brooklyn Law School,2023,,,,3.0,20.0,348.0,266.0,,76.44%,82.06%,-5.62%,,342.0,11.0,0.0,0.0,76.44%,,,,,,
"Buffalo, University at",2023,,,,4.0,7.0,129.0,97.0,,75.19%,82.39%,-7.2%,,127.0,7.0,6.0,0.0,75.19%,,,,,,
California Western School of Law,2023,,,,0.0,18.0,215.0,115.0,,53.49%,71.99%,-18.5%,,271.0,74.0,0.0,0.0,53.49%,,,,,,
"California-Berkeley, University of",2023,,,,2.0,4.0,346.0,323.0,,93.35%,74.41%,18.94%,,358.0,14.0,0.0,0.0,93.35%,,,,,,
"California-Davis, University of",2023,,,,5.0,11.0,214.0,175.0,,81.78%,72.4%,9.38%,,217.0,9.0,0.0,0.0,81.78%,,,,,,
"California-Irvine, University of",2023,,,,0.0,11.0,141.0,119.0,,84.4%,72.73%,11.67%,,140.0,10.0,0.0,0.0,84.40%,,,,,,
"California-Los Angeles, University of",2023,,,,18.0,14.0,332.0,307.0,,92.47%,73.23%,19.24%,,339.0,3.0,0.0,0.0,92.47%,,,,,,
"California-San Francisco, University of",2023,,,,0.0,21.0,306.0,217.0,,70.92%,72.52%,-1.6%,,308.0,23.0,0.0,0.0,70.92%,,,,,,
Campbell University,2023,,,,0.0,2.0,147.0,111.0,,75.51%,72.38%,3.13%,,157.0,12.0,0.0,0.0,75.51%,,,,,,
Capital University Law School,2023,,,,0.0,21.0,137.0,100.0,,72.99%,78.37%,-5.38%,,133.0,17.0,0.0,0.0,72.99%,,,,,,
"Cardozo, Yeshiva University",2023,,,,8.0,11.0,284.0,237.0,,83.45%,81.75%,1.7%,,280.0,6.0,7.0,0.0,83.45%,,,,,,
Case Western Reserve University,2023,,,,0.0,10.0,114.0,99.0,,86.84%,77.92%,8.92%,,115.0,11.0,0.0,0.0,86.84%,,,,,,
"Catholic University of America, The",2023,,,,0.0,12.0,119.0,93.0,,78.15%,77.2%,0.95%,,110.0,3.0,0.0,0.0,78.15%,,,,,,
Chapman University,2023,,,,0.0,0.0,140.0,104.0,,74.29%,72.01%,2.28%,,142.0,2.0,0.0,0.0,74.29%,,,,,,
Charleston School of Law,2023,,,,3.0,35.0,166.0,106.0,,63.86%,76.26%,-12.4%,,169.0,35.0,0.0,0.0,63.86%,,,,,,
"Chicago, The University of",2023,,,,0.0,4.0,209.0,197.0,,94.26%,76.96%,17.3%,,218.0,13.0,0.0,0.0,94.26%,,,,,,
"Chicago-Kent, Illinois Institute of Technology",2023,,,,34.0,33.0,205.0,160.0,,78.05%,75.02%,3.03%,,224.0,18.0,0.0,0.0,78.05%,,,,,,
"Cincinnati, University of",2023,,,,5.0,0.0,116.0,92.0,,79.31%,77.88%,1.43%,,127.0,6.0,0.0,0.0,79.31%,,,,,,
"City University of New York, University of",2023,,,,,4.0,169.0,126.0,,74.56%,81.81%,-7.25%,,188.0,23.0,,,74.56%,,,,,,
Cleveland State University,2023,,,,2.0,14.0,127.0,99.0,,77.95%,78.5%,-0.55%,,133.0,18.0,0.0,0.0,77.95%,,,,,,
"Colorado, University of",2023,,,,0.0,19.0,160.0,135.0,,84.38%,74.18%,10.2%,,161.0,20.0,0.0,0.0,84.38%,,,,,,
Columbia University,2023,,,,2.0,4.0,397.0,372.0,,93.7%,81.31%,12.39%,,400.0,17.0,12.0,0.0,93.70%,,,,,,
"Connecticut, University of",2023,,,,,9.0,130.0,111.0,,85.38%,73.02%,12.36%,,151.0,30.0,,,85.38%,,,,,,
Cooley Law School,2023,,,,0.0,104.0,250.0,90.0,,36%,71.36%,-35.36%,,248.0,102.0,0.0,0.0,36.00%,,,,,,
Cornell University,2023,,,,7.0,8.0,196.0,177.0,,90.31%,80.52%,9.79%,,182.0,4.0,17.0,0.0,90.31%,,,,,,
Creighton University,2023,,,,0.0,13.0,107.0,74.0,,69.16%,79.43%,-10.27%,,117.0,23.0,0.0,0.0,69.16%,,,,,,
"Dayton, University of",2023,,,,0.0,6.0,86.0,65.0,,75.58%,76.81%,-1.23%,,87.0,7.0,0.0,0.0,75.58%,,,,,,
"Denver, University of",2023,,,,2.0,29.0,225.0,176.0,,78.22%,74.35%,3.87%,,243.0,45.0,0.0,0.0,78.22%,,,,,,
DePaul University,2023,,,,6.0,10.0,174.0,119.0,,68.39%,74.95%,-6.56%,,186.0,16.0,0.0,0.0,68.39%,,,,,,
"Detroit Mercy, University of",2023,,,,1.0,14.0,92.0,72.0,,78.26%,74.71%,3.55%,,185.0,106.0,0.0,0.0,78.26%,,,,,,
"District of Columbia, University of",2023,,,,0.0,11.0,65.0,22.0,,33.85%,78.15%,-44.3%,,66.0,12.0,0.0,0.0,33.85%,,,,,,
Drake University,2023,,,,0.0,19.0,103.0,91.0,,88.35%,81.67%,6.68%,,96.0,12.0,0.0,0.0,88.35%,,,,,,
Drexel University,2023,,,,0.0,13.0,160.0,115.0,,71.88%,72.79%,-0.91%,,159.0,12.0,0.0,0.0,71.88%,,,,,,
Duke University,2023,,,,0.0,6.0,214.0,202.0,,94.39%,77.21%,17.18%,,213.0,7.0,2.0,0.0,94.39%,,,,,,
Duquesne University,2023,,,,3.0,0.0,121.0,100.0,,82.64%,73.46%,9.18%,,129.0,5.0,0.0,0.0,82.64%,,,,,,
Elon University,2023,,,,0.0,125.0,125.0,64.0,,51.2%,73.57%,-22.37%,,127.0,127.0,0.0,0.0,51.20%,,,,,,
Emory University,2023,,,,0.0,8.0,229.0,202.0,,88.21%,77.77%,10.44%,,248.0,27.0,0.0,0.0,88.21%,,,,,,
Faulkner University,2023,,,,,8.0,44.0,30.0,,65.91%,80.67%,-14.76%,,45.0,9.0,,0.0,68.18%,,,,,,
Florida A&M University,2023,,,,11.0,32.0,140.0,75.0,,53.57%,65.98%,-12.41%,,154.0,35.0,0.0,0.0,53.57%,,,,,,
Florida International University,2023,,,,0.0,24.0,162.0,130.0,,80.25%,64.23%,16.02%,,158.0,20.0,0.0,0.0,80.25%,,,,,,
Florida State University,2023,,,,3.0,24.0,215.0,167.0,,77.21%,64.5%,12.71%,,212.0,18.0,0.0,0.0,77.67%,,,,,,
"Florida, University of",2023,,,,0.0,32.0,211.0,162.0,,76.78%,66.69%,10.09%,,221.0,42.0,0.0,0.0,76.78%,,,,,,
Fordham University,2023,,,,7.0,13.0,385.0,349.0,,90.65%,82.09%,8.56%,,395.0,23.0,7.0,0.0,90.65%,,,,,,
George Mason University,2023,,,,0.0,15.0,135.0,118.0,,87.41%,77.86%,9.55%,,150.0,30.0,0.0,0.0,87.41%,,,,,,
"George Washington University, The",2023,,,,51.0,0.0,509.0,438.0,,86.05%,78.96%,7.09%,,565.0,5.0,0.0,0.0,86.05%,,,,,,
Georgetown University,2023,,,,37.0,66.0,681.0,624.0,,91.63%,78.97%,12.66%,,652.0,0.0,0.0,0.0,91.63%,,,,,,
Georgia State University,2023,,,,25.0,0.0,167.0,138.0,,79.04%,78.24%,0.8%,,213.0,21.0,0.0,0.0,82.63%,,,,,,
"Georgia, University of",2023,,,,0.0,8.0,192.0,171.0,,89.06%,77.48%,11.58%,,196.0,12.0,0.0,0.0,89.06%,,,,,,
Gonzaga University,2023,,,,0.0,12.0,119.0,84.0,,71.43%,77.56%,-6.13%,,128.0,21.0,0.0,0.0,70.59%,,,,,,
Harvard University,2023,,,,30.0,22.0,586.0,577.0,,98.46%,78.78%,19.68%,,608.0,16.0,2.0,0.0,98.46%,,,,,,
"Hawaii, University of",2023,,,,0.0,24.0,104.0,74.0,,72.12%,74.78%,-2.66%,,104.0,25.0,1.0,0.0,71.15%,,,,,,
Hofstra University,2023,,,,0.0,10.0,255.0,177.0,,69.41%,81.9%,-12.49%,,249.0,14.0,10.0,0.0,69.41%,,,,,,
"Houston, University of",2023,,,,5.0,26.0,205.0,171.0,,83.9%,75.41%,8.49%,,208.0,24.0,0.0,0.0,83.41%,,,,,,
Howard University,2023,,,,0.0,6.0,133.0,89.0,,65.41%,79.17%,-13.76%,,160.0,33.0,0.0,0.0,66.92%,,,,,,
"Idaho, University of",2023,,,,6.0,19.0,157.0,99.0,,63.06%,70.97%,-7.91%,,162.0,18.0,0.0,0.0,63.06%,,,,,,
"Illinois, University of",2023,,,,0.0,2.0,126.0,114.0,,90.48%,74.99%,15.49%,,129.0,5.0,0.0,0.0,90.48%,,,,,,
"Illinois-Chicago, University of",2023,,,,9.0,63.0,264.0,138.0,,52.27%,75.01%,-22.74%,,271.0,61.0,0.0,0.0,52.27%,,,,,,
Indiana University-Bloomington,2023,,,,0.0,11.0,171.0,141.0,,82.46%,75.56%,6.9%,,173.0,15.0,2.0,0.0,82.46%,,,,,,
Indiana University-Indianapolis,2023,,,,0.0,45.0,222.0,164.0,,73.87%,75.17%,-1.3%,,235.0,60.0,2.0,0.0,73.87%,,,,,,
Inter American University of Puerto Rico,2023,,,,24.0,16.0,109.0,54.0,,49.54%,47.21%,2.33%,,188.0,71.0,0.0,0.0,49.54%,,,,,,
"Iowa, University of",2023,,,,2.0,9.0,144.0,122.0,,84.72%,80.5%,4.22%,,161.0,25.0,1.0,0.0,84.72%,,,,,,
"Kansas, The University of",2023,,,,0.0,10.0,103.0,88.0,,85.44%,79.41%,6.03%,,95.0,2.0,0.0,0.0,85.44%,,,,,,
"Kentucky, University of",2023,,,,0.0,5.0,76.0,63.0,,82.89%,71.27%,11.62%,,86.0,15.0,0.0,0.0,82.89%,,,,,,
Lewis & Clark Law School,2023,,,,0.0,22.0,173.0,136.0,,78.61%,77.31%,1.3%,,176.0,26.0,1.0,0.0,78.61%,,,,,,
Liberty University,2023,,,,0.0,8.0,69.0,53.0,,76.81%,74.08%,2.73%,,67.0,6.0,0.0,0.0,76.81%,,,,,,
Lincoln Memorial University,2023,,,,0.0,12.0,82.0,51.0,,62.2%,72.3%,-10.1%,,82.0,12.0,0.0,0.0,62.20%,,,,,,
Louisiana State University,2023,,,,26.0,1.0,155.0,130.0,,83.87%,73.54%,10.33%,,196.0,16.0,0.0,0.0,83.87%,,,,,,
"Louisville, University of",2023,,,,0.0,22.0,93.0,61.0,,65.59%,71.01%,-5.42%,,87.0,16.0,0.0,0.0,65.59%,,,,,,
Loyola Marymount University-Los Angeles,2023,,,,0.0,24.0,324.0,259.0,,79.94%,72.28%,7.66%,,334.0,34.0,0.0,0.0,79.94%,,,,,,
Loyola University-Chicago,2023,,,,37.0,0.0,220.0,175.0,,79.09%,75.06%,4.03%,,258.0,1.0,0.0,0.0,79.55%,,,,,,
Loyola University-New Orleans,2023,,,,4.0,16.0,147.0,105.0,,71.43%,73.62%,-2.19%,,152.0,17.0,0.0,0.0,71.43%,,,,,,
"Maine, University of",2023,,,,0.0,7.0,76.0,58.0,,76.32%,71.93%,4.39%,,73.0,4.0,0.0,0.0,76.32%,,,,,,
Marquette University,2023,,,,0.0,0.0,1.0,1.0,,100%,79.16%,20.84%,,187.0,186.0,0.0,185.0,100.00%,,,,,,
"Maryland, University of",2023,,,,5.0,16.0,190.0,152.0,,80.42%,76.37%,4.05%,,199.0,21.0,1.0,,80.00%,,,,,,
"Massachusetts/Dartmouth, University of",2023,,,,0.0,10.0,88.0,48.0,,54.55%,76.64%,-22.09%,,84.0,6.0,0.0,0.0,54.55%,,,,,,
"Memphis, The University of",2023,,,,3.0,17.0,103.0,67.0,,65.05%,71.94%,-6.89%,,116.0,27.0,0.0,0.0,65.05%,,,,,,
Mercer University,2023,,,,0.0,1.0,116.0,90.0,,77.59%,77.95%,-0.36%,,120.0,5.0,0.0,0.0,77.59%,,,,,,
"Miami, University of",2023,,,,0.0,72.0,378.0,264.0,,69.84%,66.36%,3.48%,,366.0,60.0,0.0,0.0,69.84%,,,,,,
Michigan State University,2023,,,,0.0,19.0,173.0,134.0,,77.46%,74.23%,3.23%,,229.0,75.0,0.0,0.0,77.46%,,,,,,
"Michigan, University of",2023,,,,20.0,12.0,310.0,297.0,,95.48%,77.67%,17.81%,,322.0,4.0,0.0,0.0,95.81%,,,,,,
"Minnesota, University of",2023,,,,0.0,10.0,230.0,215.0,,93.48%,83.03%,10.45%,,235.0,15.0,0.0,0.0,93.48%,,,,,,
Mississippi College,2023,,,,0.0,16.0,104.0,68.0,,65.38%,74.66%,-9.28%,,109.0,21.0,0.0,0.0,65.38%,,,,,,
"Mississippi, The University of",2023,,,,0.0,20.0,131.0,85.0,,64.89%,74.48%,-9.59%,,147.0,36.0,0.0,0.0,64.89%,,,,,,
"Missouri, University of",2023,,,,0.0,7.0,87.0,79.0,,90.8%,78.67%,12.13%,,88.0,8.0,0.0,0.0,90.80%,,,,,,
"Missouri-Kansas City, University of",2023,,,,0.0,33.0,117.0,92.0,,78.63%,78.76%,-0.13%,,111.0,27.0,0.0,0.0,78.63%,,,,,,
Mitchell/Hamline School of Law,2023,,,,0.0,56.0,324.0,232.0,,71.6%,80.24%,-8.64%,,333.0,67.0,2.0,0.0,71.60%,,,,,,
"Montana, University of",2023,,,,8.0,7.0,71.0,59.0,,83.1%,75.49%,7.61%,,84.0,12.0,0.0,0.0,83.10%,,,,,,
"Nebraska, University of",2023,,,,0.0,6.0,127.0,109.0,,85.83%,80.15%,5.68%,,140.0,19.0,0.0,0.0,85.83%,,,,,,
"Nevada-Las Vegas, University of",2023,,,,1.0,36.0,142.0,103.0,,72.54%,63.62%,8.92%,,135.0,28.0,0.0,0.0,72.54%,,,,,,
New England Law/Boston,2023,,,,26.0,5.0,231.0,172.0,,74.46%,79.53%,-5.07%,,283.0,31.0,0.0,0.0,74.46%,,,,,,
"New Hampshire, University of",2023,,,,0.0,2.0,84.0,73.0,,86.9%,68.32%,18.58%,,123.0,41.0,1.0,0.0,86.90%,,,,,,
"New Mexico, The University of",2023,,,,16.0,12.0,74.0,60.0,,81.08%,78.04%,3.04%,,83.0,5.0,0.0,0.0,81.08%,,,,,,
New York Law School,2023,,,,40.0,16.0,342.0,248.0,,72.51%,81.54%,-9.03%,,366.0,0.0,0.0,0.0,72.51%,,,,,,
New York University,2023,,,,0.0,10.0,471.0,447.0,,94.9%,81.01%,13.89%,,463.0,10.0,8.0,0.0,94.90%,,,,,,
North Carolina Central University,2023,,,,1.0,11.0,126.0,54.0,,42.86%,73.01%,-30.15%,,133.0,17.0,0.0,0.0,42.86%,,,,,,
"North Carolina, University of",2023,,,,6.0,6.0,176.0,166.0,,93.75%,73.27%,20.48%,,192.0,16.0,0.0,0.0,94.32%,,,,,,
"North Dakota, University of",2023,,,,1.0,15.0,73.0,46.0,,63.01%,71.8%,-8.79%,,83.0,24.0,0.0,0.0,63.01%,,,,,,
"North Texas at Dallas, University of",2023,,,,0.0,6.0,107.0,65.0,,60.75%,75.31%,-14.56%,,109.0,8.0,0.0,0.0,60.75%,,,,,,
Northeastern University,2023,,,,3.0,10.0,180.0,161.0,,89.44%,79.54%,9.9%,,191.0,18.0,0.0,0.0,89.44%,,,,,,
Northern Illinois University,2023,,,,0.0,26.0,99.0,59.0,,58.59%,75.32%,-16.73%,,89.0,16.0,0.0,0.0,59.60%,,,,,,
Northern Kentucky University,2023,,,,16.0,25.0,113.0,79.0,,69.91%,74.04%,-4.13%,,112.0,8.0,0.0,0.0,69.91%,,,,,,
Northwestern University,2023,,,,0.0,0.0,253.0,235.0,,92.89%,76.19%,16.7%,,265.0,12.0,0.0,0.0,92.89%,,,,,,
"Notre Dame, University of",2023,,,,4.0,6.0,206.0,191.0,,92.72%,76.53%,16.19%,,210.0,6.0,0.0,0.0,92.72%,,,,,,
Nova Southeastern University,2023,,,,0.0,15.0,166.0,94.0,,55.42%,64.23%,-8.81%,,169.0,18.0,0.0,0.0,56.63%,,,,,,
Ohio Northern University,2023,,,,1.0,3.0,41.0,31.0,,73.17%,77.22%,-4.05%,,43.0,4.0,,0.0,75.61%,,,,,,
Oklahoma City University,2023,,,,3.0,20.0,143.0,82.0,,57.34%,69.17%,-11.83%,,142.0,16.0,0.0,0.0,57.34%,,,,,,
"Oklahoma, University of",2023,,,,0.0,5.0,162.0,138.0,,85.19%,69.78%,15.41%,,167.0,10.0,0.0,0.0,85.19%,,,,,,
"Oregon, University of",2023,,,,0.0,9.0,138.0,112.0,,81.16%,76.81%,4.35%,,138.0,11.0,2.0,0.0,81.16%,,,,,,
Pace University,2023,,,,0.0,7.0,194.0,122.0,,62.89%,80.93%,-18.04%,,201.0,23.0,9.0,0.0,62.89%,,,,,,
"Pacific, University of the",2023,,,,3.0,5.0,113.0,65.0,,57.52%,72.04%,-14.52%,,148.0,37.0,0.0,0.0,57.52%,,,,,,
Penn State Dickinson Law,2023,,,,0.0,0.0,77.0,68.0,,88.31%,73.46%,14.85%,,82.0,5.0,0.0,0.0,88.31%,,,,,,
Penn State University,2023,,,,5.0,3.0,124.0,105.0,,86.29%,74.18%,12.11%,,135.0,9.0,0.0,0.0,84.68%,,,,,,
"Pennsylvania, University of",2023,,,,0.0,8.0,257.0,241.0,,93.77%,78.59%,15.18%,,260.0,11.0,0.0,0.0,93.77%,,,,,,
Pepperdine University,2023,,,,0.0,3.0,161.0,128.0,,79.5%,72.84%,6.66%,,176.0,18.0,0.0,0.0,79.50%,,,,,,
"Pittsburgh, University of",2023,,,,0.0,9.0,119.0,91.0,,76.47%,73.78%,2.69%,,123.0,13.0,0.0,0.0,76.47%,,,,,,
Pontifical Catholic University of Puerto Rico,2023,,,,3.0,56.0,102.0,36.0,,35.29%,46.06%,-10.77%,,82.0,33.0,0.0,0.0,35.29%,,,,,,
"Puerto Rico, University of",2023,,,,0.0,10.0,124.0,83.0,,66.94%,47.03%,19.91%,,146.0,32.0,0.0,0.0,66.94%,,,,,,
Quinnipiac University,2023,,,,1.0,11.0,118.0,76.0,,64.41%,72.66%,-8.25%,,130.0,22.0,0.0,0.0,64.41%,,,,,,
Regent University,2023,,,,1.0,6.0,81.0,75.0,,92.59%,76.28%,16.31%,,97.0,21.0,0.0,0.0,92.59%,,,,,,
"Richmond, University of",2023,,,,0.0,8.0,126.0,97.0,,76.98%,77.12%,-0.14%,,125.0,8.0,1.0,0.0,76.98%,,,,,,
Roger Williams University,2023,,,,1.0,13.0,135.0,64.0,,47.41%,71.06%,-23.65%,,158.0,35.0,,0.0,47.41%,,,,,,
Rutgers University,2023,,,,0.0,15.0,355.0,244.0,,68.73%,72.67%,-3.94%,,387.0,47.0,0.0,0.0,68.73%,,,,,,
Saint Louis University,2023,,,,0.0,26.0,184.0,134.0,,72.83%,78.61%,-5.78%,,184.0,26.0,0.0,0.0,72.83%,,,,,,
Samford University,2023,,,,0.0,4.0,141.0,118.0,,83.69%,81.3%,2.39%,,149.0,12.0,0.0,0.0,83.69%,,,,,,
"San Diego, University of",2023,,,,1.0,17.0,245.0,187.0,,76.33%,72.49%,3.84%,,245.0,16.0,0.0,0.0,76.33%,,,,,,
"San Francisco, University of",2023,,,,0.0,7.0,124.0,72.0,,58.06%,72.34%,-14.28%,,140.0,23.0,0.0,0.0,58.06%,,,,,,
Santa Clara University,2023,,,,,27.0,217.0,139.0,,64.06%,72.38%,-8.32%,,216.0,26.0,0.0,0.0,64.06%,,,,,,
Seattle University,2023,,,,19.0,32.0,191.0,145.0,,76.44%,79.36%,-2.92%,,205.0,27.0,,0.0,75.92%,,,,,,
Seton Hall University,2023,,,,4.0,12.0,196.0,168.0,,85.71%,71.43%,14.28%,,197.0,9.0,0.0,0.0,85.71%,,,,,,
"South Carolina, University of",2023,,,,0.0,16.0,199.0,153.0,,76.88%,75.8%,1.08%,,202.0,21.0,2.0,0.0,76.88%,,,,,,
"South Dakota, University of",2023,,,,0.0,6.0,79.0,57.0,,72.15%,79.53%,-7.38%,,82.0,9.0,0.0,0.0,72.15%,,,,,,
South Texas College of Law Houston,2023,,,,,66.0,284.0,221.0,,77.82%,75.3%,2.52%,,276.0,58.0,,,77.82%,,,,,,
"Southern California, University of",2023,,,,4.0,7.0,209.0,186.0,,89%,73.65%,15.35%,,212.0,6.0,0.0,0.0,89.00%,,,,,,
Southern Illinois University,2023,,,,0.0,8.0,73.0,39.0,,53.42%,75%,-21.58%,,75.0,10.0,0.0,0.0,53.42%,,,,,,
Southern Methodist University,2023,,,,0.0,12.0,265.0,226.0,,85.28%,75.44%,9.84%,,269.0,18.0,2.0,0.0,85.28%,,,,,,
Southern University,2023,,,,90.0,0.0,107.0,62.0,,57.94%,74.12%,-16.18%,,206.0,9.0,0.0,0.0,57.94%,,,,,,
Southwestern Law School,2023,,,,13.0,24.0,296.0,178.0,,60.14%,72.23%,-12.09%,,308.0,23.0,0.0,0.0,60.14%,,,,,,
St. John's University,2023,,,,1.0,10.0,235.0,201.0,,85.53%,81.97%,3.56%,,236.0,10.0,0.0,0.0,85.53%,,,,,,
St. Mary's University,2023,,,,0.0,26.0,215.0,154.0,,71.63%,75.29%,-3.66%,,228.0,39.0,0.0,0.0,71.63%,,,,,,
St. Thomas University (Miami),2023,,,,2.0,9.0,182.0,110.0,,60.44%,64.59%,-4.15%,,207.0,32.0,0.0,0.0,60.44%,,,,,,
"St. Thomas, (Minneapolis) University of",2023,,,,6.0,5.0,144.0,125.0,,86.81%,84.88%,1.93%,,163.0,18.0,0.0,0.0,86.81%,,,,,,
Stanford University,2023,,,,,9.0,179.0,169.0,,94.41%,75.86%,18.55%,,193.0,23.0,,,94.41%,,,,,,
Stetson University,2023,,,,0.0,42.0,250.0,162.0,,64.8%,64.6%,0.2%,,257.0,54.0,5.0,,64.80%,,,,,,
Suffolk University,2023,,,,14.0,20.0,301.0,214.0,,71.1%,79.39%,-8.29%,,326.0,31.0,0.0,0.0,71.10%,,,,,,
Syracuse University,2023,,,,1.0,27.0,174.0,122.0,,70.11%,79.42%,-9.31%,,201.0,59.0,6.0,0.0,70.11%,,,,,,
Temple University,2023,,,,4.0,18.0,242.0,201.0,,83.06%,73%,10.06%,,238.0,10.0,0.0,0.0,83.06%,,,,,,
"Tennessee, University of",2023,,,,2.0,8.0,112.0,99.0,,88.39%,72.36%,16.03%,,123.0,17.0,0.0,0.0,88.39%,,,,,,
Texas A&M University,2023,,,,0.0,5.0,170.0,152.0,,89.41%,75.53%,13.88%,,172.0,10.0,3.0,0.0,89.41%,,,,,,
Texas Southern University,2023,,,,3.0,46.0,164.0,77.0,,46.95%,75.24%,-28.29%,,146.0,34.0,9.0,0.0,46.95%,,,,,,
Texas Tech University,2023,,,,0.0,6.0,122.0,97.0,,79.51%,75.45%,4.06%,,129.0,13.0,0.0,0.0,79.51%,,,,,,
"Texas, University of",2023,,,,1.0,14.0,281.0,254.0,,90.39%,75.85%,14.54%,,287.0,19.0,0.0,0.0,90.39%,,,,,,
The Ohio State University,2023,,,,0.0,6.0,178.0,160.0,,89.89%,78.16%,11.73%,,188.0,16.0,0.0,0.0,89.89%,,,,,,
"Toledo, The University of",2023,,,,3.0,31.0,94.0,62.0,,65.96%,77.43%,-11.47%,,84.0,18.0,0.0,0.0,65.96%,,,,,,
Touro University,2023,,,,0.0,15.0,154.0,92.0,,59.74%,82.27%,-22.53%,,148.0,18.0,9.0,0.0,59.74%,,,,,,
Tulane University,2023,,,,13.0,6.0,166.0,123.0,,74.7%,75.23%,-0.53%,,181.0,8.0,0.0,0.0,74.10%,,,,,,
"Tulsa, The University of",2023,,,,,34.0,98.0,70.0,,71.43%,69.29%,2.14%,,94.0,30.0,0.0,0.0,71.43%,,,,,,
"Utah, The University of",2023,,,,0.0,9.0,103.0,97.0,,94.17%,86.11%,8.06%,,103.0,9.0,0.0,0.0,94.17%,,,,,,
Vanderbilt University,2023,,,,5.0,7.0,176.0,162.0,,92.05%,76.88%,15.17%,,178.0,5.0,1.0,0.0,92.05%,,,,,,
Vermont Law School,2023,,,,9.0,22.0,140.0,75.0,,53.57%,69.09%,-15.52%,,151.0,33.0,9.0,0.0,53.57%,,,,,,
Villanova University,2023,,,,4.0,3.0,178.0,144.0,,80.9%,73.66%,7.24%,,186.0,7.0,0.0,0.0,80.90%,,,,,,
"Virginia, University of",2023,,,,1.0,5.0,322.0,308.0,,95.65%,77.93%,17.72%,,326.0,9.0,1.0,0.0,95.65%,,,,,,
Wake Forest University,2023,,,,4.0,4.0,187.0,168.0,,89.84%,73.96%,15.88%,,200.0,13.0,0.0,0.0,89.84%,,,,,,
Washburn University,2023,,,,0.0,13.0,104.0,80.0,,76.92%,77.24%,-0.32%,,115.0,24.0,0.0,0.0,76.92%,,,,,,
Washington and Lee University,2023,,,,0.0,0.0,113.0,103.0,,91.15%,77.14%,14.01%,,120.0,7.0,0.0,0.0,91.15%,,,,,,
Washington University (St. Louis),2023,,,,1.0,12.0,222.0,205.0,,92.34%,76.98%,15.36%,,226.0,15.0,0.0,0.0,92.34%,,,,,,
"Washington, University of",2023,,,,0.0,13.0,151.0,135.0,,89.4%,79.23%,10.17%,,152.0,14.0,0.0,0.0,89.40%,,,,,,
Wayne State University,2023,,,,0.0,20.0,113.0,95.0,,84.07%,74.64%,9.43%,,115.0,22.0,0.0,0.0,84.07%,,,,,,
West Virginia University,2023,,,,0.0,2.0,98.0,58.0,,59.18%,67.7%,-8.52%,,108.0,12.0,0.0,0.0,59.18%,,,,,,
Western New England University,2023,,,,0.0,4.0,67.0,48.0,,67.16%,78.45%,-11.29%,,86.0,23.0,0.0,0.0,71.64%,,,,,,
"Western State, Westcliff University",2023,,,,0.0,24.0,45.0,21.0,,46.67%,72.11%,-25.44%,,29.0,8.0,0.0,0.0,46.67%,,,,,,
Widener University Commonwealth Law School,2023,,,,3.0,18.0,94.0,45.0,,47.87%,73.64%,-25.77%,,95.0,16.0,0.0,0.0,47.87%,,,,,,
Widener University Delaware Law School,2023,,,,2.0,27.0,182.0,96.0,,51.65%,70.73%,-19.08%,,188.0,31.0,0.0,0.0,52.75%,,,,,,
Willamette University,2023,,,,0.0,4.0,90.0,65.0,,72.22%,76.35%,-4.13%,,98.0,12.0,0.0,0.0,72.22%,,,,,,
William & Mary,2023,,,,9.0,8.0,213.0,201.0,,93.9%,76.87%,17.03%,,225.0,11.0,0.0,0.0,94.37%,,,,,,
"Wisconsin, University of",2023,,,,0.0,1.0,8.0,6.0,,75%,76.77%,-1.77%,,221.0,214.0,0.0,213.0,99.10%,,,,,,
"Wyoming, University of",2023,,,,0.0,9.0,70.0,43.0,,61.43%,65.42%,-3.99%,,71.0,10.0,0.0,0.0,61.43%,,,,,,
Yale University,2023,,,,0.0,22.0,213.0,204.0,,95.77%,78.4%,17.37%,,209.0,18.0,0.0,0.0,95.77%,,,,,,
*Law School pass rate is how the Law School’s graduates performed across all jurisdictions where they took the bar examination for the first time.,2023,,,,,,,,,,,,,,,,,,,,,,,
**The ABA weighted average bar pass rate is the average pass rate for graduates from ABA-accredited law schools for each jurisdiction in which the Law School’s graduates sat for the bar exam. This number is weighted so that bar pass rates from jurisdictions where more of the Law School’s graduates sat for the bar exam have a greater impact on the ABA weighted average bar pass rate than bar pass rates from jurisdictions where fewer of the Law School’s graduates sat for the bar exam.,2023,,,,,,,,,,,,,,,,,,,,,,,
***The difference between the Law School pass rate and the ABA weighted average bar pass rate compares the performance of the Law School’s graduates on the bar exam in all jurisdictions where they took the bar exam for the first time with the performance of graduates from all ABA-accredited law schools on the bar exam in those same jurisdictions.,2023,,,,,,,,,,,,,,,,,,,,,,,
"Akron, The University of",2024,,,,0.0,44.0,120.0,87.0,0.0,72.5%,77.08%,-4.58%,72.50%,,,,,,120.0,44.0,0.0,76.0,,
"Alabama, The University of",2024,,,,4.0,1.0,115.0,105.0,0.0,91.3%,78.23%,13.07%,91.30%,,,,,,122.0,4.0,0.0,114.0,,
Albany Law School,2024,,,,2.0,21.0,156.0,128.0,0.0,82.05%,82.17%,-0.12%,82.05%,,,,,,182.0,45.0,7.0,128.0,,
American University,2024,,,,2.0,37.0,326.0,244.0,0.0,74.85%,79.95%,-5.1%,74.85%,,,,,,321.0,30.0,0.0,289.0,,
Appalachian School of Law,2024,,,,0.0,7.0,49.0,30.0,0.0,61.22%,74.61%,-13.39%,61.22%,,,,,,50.0,8.0,0.0,42.0,,
Arizona State University,2024,,,,8.0,19.0,238.0,206.0,,86.55%,74.72%,11.83%,86.55%,,,,,,262.0,35.0,4.0,215.0,,
"Arizona, The University of",2024,,,,0.0,19.0,116.0,91.0,0.0,78.45%,74.95%,3.5%,78.45%,,,,,,116.0,19.0,17.0,80.0,,
"Arkansas at Little Rock, University of",2024,,,,0.0,14.0,126.0,95.0,0.0,75.4%,77.22%,-1.82%,75.40%,,,,,,122.0,10.0,0.0,112.0,,
"Arkansas, University of",2024,,,,1.0,19.0,126.0,103.0,0.0,81.75%,77.48%,4.27%,81.75%,,,,,,113.0,5.0,0.0,107.0,,
Atlanta's John Marshall Law School,2024,,,,3.0,8.0,77.0,50.0,0.0,64.94%,77.48%,-12.54%,64.94%,,,,,,83.0,11.0,0.0,69.0,,
Ave Maria School of Law,2024,,,,0.0,28.0,93.0,63.0,0.0,67.74%,69.15%,-1.41%,67.74%,,,,,,75.0,10.0,0.0,65.0,,
"Baltimore, University of",2024,,,,0.0,28.0,201.0,130.0,0.0,64.68%,69.63%,-4.95%,64.68%,,,,,,206.0,33.0,0.0,173.0,,
Barry University,2024,,,,30.0,40.0,163.0,86.0,0.0,52.76%,68.71%,-15.95%,52.76%,,,,,,196.0,43.0,2.0,121.0,,
Baylor University,2024,,,,0.0,19.0,143.0,131.0,0.0,91.61%,79.03%,12.58%,91.61%,,,,,,143.0,19.0,2.0,122.0,,
Belmont University,2024,,,,0.0,2.0,109.0,102.0,0.0,93.58%,74.36%,19.22%,93.58%,,,,,,112.0,5.0,0.0,107.0,,
Boston College,2024,,,,4.0,9.0,243.0,233.0,0.0,95.88%,79.49%,16.39%,95.88%,,,,,,242.0,4.0,1.0,233.0,,
Boston University,2024,,,,0.0,13.0,244.0,214.0,0.0,87.7%,79.44%,8.26%,87.70%,,,,,,243.0,12.0,2.0,229.0,,
Brigham Young University,2024,,,,0.0,8.0,109.0,104.0,0.0,95.41%,84.29%,11.12%,95.41%,,,,,,111.0,10.0,0.0,101.0,,
Brooklyn Law School,2024,,,,1.0,12.0,373.0,294.0,0.0,78.82%,82.42%,-3.6%,78.82%,,,,,,376.0,14.0,5.0,356.0,,
"Buffalo, University at",2024,,,,2.0,9.0,153.0,124.0,0.0,81.05%,82.13%,-1.08%,81.05%,,,,,,157.0,11.0,8.0,136.0,,
California Western School of Law,2024,,,,0.0,63.0,182.0,88.0,0.0,48.35%,72.51%,-24.16%,48.35%,,,,,,183.0,64.0,0.0,119.0,,
"California-Berkeley, University of",2024,,,,3.0,5.0,323.0,285.0,0.0,88.24%,74.54%,13.7%,88.24%,,,,,,335.0,14.0,0.0,318.0,,
"California-Davis, University of",2024,,,,0.0,5.0,173.0,143.0,0.0,82.66%,72.84%,9.82%,82.66%,,,,,,177.0,9.0,0.0,168.0,,
"California-Irvine, University of",2024,,,,0.0,11.0,137.0,119.0,0.0,86.86%,73.22%,13.64%,86.86%,,,,,,131.0,5.0,0.0,126.0,,
"California-Los Angeles, University of",2024,,,,9.0,14.0,322.0,286.0,0.0,88.82%,73.62%,15.2%,88.82%,,,,,,320.0,3.0,0.0,308.0,,
"California-San Francisco, University of",2024,,,,1.0,12.0,323.0,233.0,0.0,72.14%,72.67%,-0.53%,72.14%,,,,,,343.0,31.0,3.0,308.0,,
Campbell University,2024,,,,0.0,1.0,138.0,113.0,0.0,81.88%,74.04%,7.84%,81.88%,,,,,,161.0,24.0,3.0,134.0,,
Capital University Law School,2024,,,,0.0,11.0,133.0,103.0,0.0,77.44%,76.87%,0.57%,77.44%,,,,,,126.0,4.0,1.0,121.0,,
"Cardozo, Yeshiva University",2024,,,,7.0,13.0,316.0,265.0,0.0,83.86%,82.29%,1.57%,83.86%,,,,,,319.0,9.0,12.0,291.0,,
Case Western Reserve University,2024,,,,0.0,4.0,108.0,77.0,0.0,71.3%,76.69%,-5.39%,71.30%,,,,,,119.0,15.0,1.0,103.0,,
"Catholic University of America, The",2024,,,,0.0,3.0,103.0,87.0,0.0,84.47%,79.26%,5.21%,84.47%,,,,,,109.0,9.0,0.0,100.0,,
Chapman University,2024,,,,0.0,1.0,140.0,112.0,0.0,80%,72.3%,7.7%,80.00%,,,,,,139.0,0.0,1.0,138.0,,
Charleston School of Law,2024,,,,6.0,32.0,160.0,105.0,0.0,65.63%,77.21%,-11.58%,65.63%,,,,,,168.0,34.0,0.0,128.0,,
"Chicago, The University of",2024,,,,0.0,5.0,207.0,201.0,0.0,97.1%,79.27%,17.83%,97.10%,,,,,,212.0,10.0,1.0,201.0,,
"Chicago-Kent, Illinois Institute of Technology",2024,,,,23.0,32.0,201.0,169.0,0.0,84.08%,78.28%,5.8%,84.08%,,,,,,212.0,20.0,0.0,169.0,,
"Cincinnati, University of",2024,,,,0.0,0.0,116.0,102.0,0.0,87.93%,77.13%,10.8%,87.93%,,,,,,128.0,12.0,1.0,115.0,,
"City University of New York, University of",2024,,,,0.0,16.0,204.0,114.0,0.0,55.88%,81.94%,-26.06%,55.88%,,,,,,206.0,18.0,5.0,183.0,,
Cleveland State University,2024,,,,0.0,14.0,116.0,77.0,0.0,66.38%,77.13%,-10.75%,66.38%,,,,,,122.0,20.0,0.0,102.0,,
"Colorado, University of",2024,,,,1.0,14.0,175.0,142.0,0.0,81.14%,77.55%,3.59%,81.14%,,,,,,171.0,9.0,0.0,161.0,,
Columbia University,2024,,,,3.0,10.0,419.0,400.0,0.0,95.47%,81.63%,13.84%,95.47%,,,,,,426.0,14.0,12.0,397.0,,
"Connecticut, University of",2024,,,,0.0,7.0,147.0,119.0,0.0,80.95%,71.36%,9.59%,80.95%,,,,,,157.0,17.0,2.0,138.0,,
Cooley Law School,2024,,,,0.0,90.0,204.0,76.0,0.0,37.25%,67.4%,-30.15%,37.25%,,,,,,161.0,47.0,0.0,114.0,,
Cornell University,2024,,,,2.0,8.0,175.0,166.0,0.0,94.86%,81.58%,13.28%,94.86%,,,,,,175.0,6.0,11.0,156.0,,
Creighton University,2024,,,,12.0,3.0,98.0,64.0,0.0,65.31%,73.5%,-8.19%,65.31%,,,,,,124.0,17.0,0.0,95.0,,
"Dayton, University of",2024,,,,0.0,5.0,111.0,96.0,0.0,86.49%,75.96%,10.53%,86.49%,,,,,,114.0,8.0,0.0,106.0,,
"Denver, University of",2024,,,,0.0,40.0,257.0,210.0,0.0,81.71%,77.71%,4%,81.71%,,,,,,261.0,44.0,0.0,217.0,,
DePaul University,2024,,,,11.0,11.0,140.0,105.0,0.0,75%,78.06%,-3.06%,75.00%,,,,,,150.0,10.0,0.0,129.0,,
"Detroit Mercy, University of",2024,,,,0.0,33.0,130.0,77.0,0.0,59.23%,62.95%,-3.72%,59.23%,,,,,,182.0,85.0,0.0,97.0,,
"District of Columbia, University of",2024,,,,0.0,6.0,48.0,23.0,0.0,47.92%,79.51%,-31.59%,47.92%,,,,,,49.0,7.0,4.0,38.0,,
Drake University,2024,,,,0.0,8.0,96.0,87.0,0.0,90.63%,85.07%,5.56%,90.63%,,,,,,107.0,19.0,0.0,88.0,,
Drexel University,2024,,,,0.0,5.0,142.0,109.0,0.0,76.76%,73.64%,3.12%,76.76%,,,,,,152.0,15.0,1.0,136.0,,
Duke University,2024,,,,1.0,4.0,234.0,221.0,0.0,94.44%,79.32%,15.12%,94.44%,,,,,,237.0,6.0,2.0,228.0,,
Duquesne University,2024,,,,0.0,0.0,132.0,110.0,0.0,83.33%,75.12%,8.21%,83.33%,,,,,,137.0,5.0,0.0,132.0,,
Elon University,2024,,,,0.0,123.0,123.0,73.0,0.0,59.35%,74.65%,-15.3%,59.35%,,,,,,140.0,140.0,0.0,0.0,,
Emory University,2024,,,,0.0,18.0,254.0,219.0,0.0,86.22%,77.37%,8.85%,86.22%,,,,,,258.0,22.0,0.0,236.0,,
Faulkner University,2024,,,,0.0,5.0,39.0,26.0,0.0,66.67%,79.02%,-12.35%,66.67%,,,,,,36.0,2.0,0.0,34.0,,
Florida A&M University,2024,,,,7.0,34.0,102.0,41.0,0.0,40.2%,70.63%,-30.43%,40.20%,,,,,,103.0,28.0,0.0,68.0,,
Florida International University,2024,,,,0.0,18.0,148.0,128.0,0.0,86.49%,67.85%,18.64%,86.49%,,,,,,162.0,32.0,0.0,130.0,,
Florida State University,2024,,,,7.0,19.0,182.0,151.0,,82.97%,68.46%,14.51%,82.97%,,,,,,203.0,33.0,0.0,163.0,,
"Florida, University of",2024,,,,2.0,35.0,216.0,177.0,0.0,81.94%,70.08%,11.86%,81.94%,,,,,,219.0,36.0,1.0,180.0,,
Fordham University,2024,,,,0.0,12.0,409.0,359.0,0.0,87.78%,82.4%,5.38%,87.78%,,,,,,412.0,15.0,11.0,386.0,,
George Mason University,2024,,,,2.0,30.0,167.0,146.0,0.0,87.43%,79.03%,8.4%,87.43%,,,,,,155.0,16.0,3.0,134.0,,
"George Washington University, The",2024,,,,66.0,7.0,489.0,421.0,0.0,86.09%,80.88%,5.21%,86.09%,,,,,,551.0,3.0,0.0,482.0,,
Georgetown University,2024,,,,38.0,21.0,664.0,601.0,0.0,90.51%,80.75%,9.76%,90.51%,,,,,,682.0,1.0,3.0,640.0,,
Georgia State University,2024,,,,0.0,21.0,177.0,139.0,0.0,78.53%,77.47%,1.06%,78.53%,,,,,,184.0,28.0,0.0,156.0,,
"Georgia, University of",2024,,,,0.0,6.0,166.0,152.0,0.0,91.57%,77.68%,13.89%,91.57%,,,,,,169.0,9.0,0.0,160.0,,
Gonzaga University,2024,,,,0.0,18.0,137.0,95.0,0.0,69.34%,80%,-10.66%,69.34%,,,,,,135.0,16.0,0.0,119.0,,
Harvard University,2024,,,,13.0,22.0,564.0,542.0,0.0,96.1%,79.91%,16.19%,96.10%,,,,,,572.0,17.0,4.0,538.0,,
"Hawaii, University of",2024,,,,0.0,15.0,81.0,56.0,0.0,69.14%,69.4%,-0.26%,69.14%,,,,,,88.0,22.0,0.0,66.0,,
Hofstra University,2024,,,,0.0,9.0,262.0,200.0,0.0,76.34%,82.42%,-6.08%,76.34%,,,,,,260.0,7.0,11.0,242.0,,
"Houston, University of",2024,,,,0.0,34.0,243.0,209.0,0.0,86.01%,78.96%,7.05%,86.01%,,,,,,234.0,25.0,9.0,200.0,,
Howard University,2024,,,,0.0,9.0,128.0,95.0,0.0,74.22%,80.4%,-6.18%,74.22%,,,,,,133.0,14.0,0.0,119.0,,
"Idaho, University of",2024,,,,9.0,2.0,103.0,77.0,0.0,74.76%,74.51%,0.25%,74.76%,,,,,,115.0,5.0,0.0,101.0,,
"Illinois, University of",2024,,,,0.0,1.0,149.0,108.0,0.0,72.48%,77.62%,-5.14%,72.48%,,,,,,151.0,3.0,0.0,148.0,,
"Illinois-Chicago, University of",2024,,,,2.0,61.0,272.0,161.0,0.0,59.19%,78.14%,-18.95%,59.19%,,,,,,298.0,85.0,0.0,211.0,,
Indiana University-Bloomington,2024,,,,0.0,10.0,162.0,132.0,0.0,81.48%,76.05%,5.43%,81.48%,,,,,,174.0,22.0,3.0,149.0,,
Indiana University-Indianapolis,2024,,,,24.0,10.0,175.0,133.0,0.0,76%,74.4%,1.6%,76.00%,,,,,,215.0,26.0,0.0,165.0,,
Inter American University of Puerto Rico,2024,,,,13.0,69.0,143.0,65.0,0.0,45.45%,49.42%,-3.97%,45.45%,,,,,,134.0,47.0,0.0,74.0,,
"Iowa, University of",2024,,,,1.0,11.0,153.0,135.0,0.0,88.24%,81.18%,7.06%,88.24%,,,,,,167.0,24.0,1.0,141.0,,
"Kansas, The University of",2024,,,,1.0,2.0,86.0,79.0,0.0,91.86%,78.81%,13.05%,91.86%,,,,,,93.0,8.0,0.0,84.0,,
"Kentucky, University of",2024,,,,3.0,10.0,124.0,92.0,0.0,74.19%,75.71%,-1.52%,74.19%,,,,,,132.0,15.0,0.0,114.0,,
Lewis & Clark Law School,2024,,,,0.0,13.0,165.0,128.0,0.0,77.58%,74.02%,3.56%,77.58%,,,,,,178.0,26.0,6.0,146.0,,
Liberty University,2024,,,,0.0,0.0,84.0,69.0,0.0,82.14%,75.23%,6.91%,82.14%,,,,,,92.0,8.0,0.0,84.0,,
Lincoln Memorial University,2024,,,,0.0,11.0,92.0,56.0,0.0,60.87%,74.13%,-13.26%,60.87%,,,,,,97.0,16.0,0.0,81.0,,
Louisiana State University,2024,,,,17.0,1.0,150.0,138.0,0.0,92%,73.45%,18.55%,92.00%,,,,,,177.0,11.0,0.0,149.0,,
"Louisville, University of",2024,,,,3.0,13.0,107.0,80.0,0.0,74.77%,75.61%,-0.84%,74.77%,,,,,,110.0,13.0,0.0,94.0,,
Loyola Marymount University-Los Angeles,2024,,,,0.0,25.0,306.0,241.0,0.0,78.76%,72.43%,6.33%,78.76%,,,,,,318.0,37.0,0.0,281.0,,
Loyola University-Chicago,2024,,,,0.0,1.0,225.0,188.0,0.0,83.56%,77.93%,5.63%,83.56%,,,,,,227.0,3.0,0.0,224.0,,
Loyola University-New Orleans,2024,,,,0.0,15.0,184.0,122.0,0.0,66.3%,72.69%,-6.39%,66.30%,,,,,,185.0,16.0,1.0,168.0,,
"Maine, University of",2024,,,,0.0,1.0,76.0,67.0,0.0,88.16%,72.46%,15.7%,88.16%,,,,,,85.0,10.0,0.0,75.0,,
Marquette University,2024,,,,0.0,1.0,1.0,0.0,184.0,0%,75.42%,-75.42%,99.46%,,,,,,186.0,2.0,0.0,0.0,,
"Maryland, University of",2024,,,,16.0,16.0,199.0,149.0,0.0,74.87%,71.56%,3.31%,74.87%,,,,,,211.0,12.0,0.0,183.0,,
"Massachusetts/Dartmouth, University of",2024,,,,0.0,5.0,106.0,63.0,0.0,59.43%,78.27%,-18.84%,59.43%,,,,,,114.0,13.0,0.0,101.0,,
"Memphis, The University of",2024,,,,19.0,12.0,92.0,70.0,0.0,76.09%,73.91%,2.18%,76.09%,,,,,,99.0,0.0,0.0,80.0,,
Mercer University,2024,,,,0.0,0.0,119.0,91.0,0.0,76.47%,77.61%,-1.14%,76.47%,,,,,,124.0,5.0,0.0,119.0,,
"Miami, University of",2024,,,,0.0,55.0,385.0,291.0,0.0,75.58%,69.89%,5.69%,75.58%,,,,,,398.0,68.0,1.0,329.0,,
Michigan State University,2024,,,,0.0,23.0,180.0,131.0,,72.78%,66.45%,6.33%,72.78%,,,,,,190.0,33.0,,157.0,,
"Michigan, University of",2024,,,,2.0,8.0,293.0,285.0,0.0,97.27%,77.87%,19.4%,97.27%,,,,,,309.0,22.0,0.0,285.0,,
"Minnesota, University of",2024,,,,0.0,8.0,201.0,180.0,0.0,89.55%,80.23%,9.32%,89.55%,,,,,,208.0,15.0,0.0,193.0,,
Mississippi College,2024,,,,0.0,8.0,101.0,76.0,0.0,75.25%,73.59%,1.66%,75.25%,,,,,,108.0,15.0,0.0,93.0,,
"Mississippi, The University of",2024,,,,0.0,28.0,156.0,115.0,0.0,73.72%,74.97%,-1.25%,73.72%,,,,,,155.0,27.0,1.0,127.0,,
"Missouri, University of",2024,,,,0.0,4.0,99.0,86.0,0.0,86.87%,83.56%,3.31%,86.87%,,,,,,104.0,9.0,0.0,95.0,,
"Missouri-Kansas City, University of",2024,,,,1.0,21.0,136.0,105.0,0.0,77.21%,83.52%,-6.31%,77.21%,,,,,,155.0,39.0,0.0,115.0,,
Mitchell/Hamline School of Law,2024,,,,0.0,56.0,307.0,222.0,0.0,72.31%,78.81%,-6.5%,72.31%,,,,,,320.0,69.0,0.0,251.0,,
"Montana, University of",2024,,,,1.0,1.0,64.0,55.0,0.0,85.94%,83.88%,2.06%,85.94%,,,,,,79.0,15.0,0.0,63.0,,
"Nebraska, University of",2024,,,,0.0,16.0,125.0,95.0,0.0,76%,70.61%,5.39%,76.00%,,,,,,123.0,14.0,0.0,109.0,,
"Nevada-Las Vegas, University of",2024,,,,12.0,25.0,125.0,96.0,0.0,76.8%,71.11%,5.69%,76.80%,,,,,,150.0,38.0,0.0,100.0,,
New England Law/Boston,2024,,,,12.0,21.0,295.0,211.0,0.0,71.53%,79.18%,-7.65%,71.53%,,,,,,318.0,32.0,0.0,274.0,,
"New Hampshire, University of",2024,,,,0.0,30.0,140.0,97.0,11.0,69.29%,74.01%,-4.72%,71.52%,,,,,,160.0,39.0,3.0,107.0,,
"New Mexico, The University of",2024,,,,2.0,16.0,94.0,77.0,0.0,81.91%,81.4%,0.51%,81.91%,,,,,,101.0,21.0,0.0,78.0,,
New York Law School,2024,,,,13.0,22.0,297.0,210.0,0.0,70.71%,81.61%,-10.9%,70.71%,,,,,,288.0,0.0,11.0,264.0,,
New York University,2024,,,,0.0,11.0,438.0,423.0,0.0,96.58%,81.51%,15.07%,96.58%,,,,,,443.0,16.0,12.0,415.0,,
North Carolina Central University,2024,,,,3.0,17.0,129.0,73.0,0.0,56.59%,75.01%,-18.42%,56.59%,,,,,,129.0,14.0,0.0,112.0,,
"North Carolina, University of",2024,,,,4.0,2.0,175.0,161.0,0.0,92%,75.48%,16.52%,92.00%,,,,,,187.0,10.0,0.0,173.0,,
"North Dakota, University of",2024,,,,0.0,19.0,56.0,34.0,0.0,60.71%,72.01%,-11.3%,60.71%,,,,,,58.0,21.0,0.0,37.0,,
"North Texas at Dallas, University of",2024,,,,0.0,4.0,89.0,61.0,0.0,68.54%,78.87%,-10.33%,68.54%,,,,,,93.0,8.0,5.0,80.0,,
Northeastern University,2024,,,,0.0,14.0,196.0,169.0,0.0,86.22%,80.04%,6.18%,86.22%,,,,,,205.0,23.0,0.0,182.0,,
Northern Illinois University,2024,,,,0.0,15.0,89.0,53.0,0.0,59.55%,78.09%,-18.54%,59.55%,,,,,,95.0,21.0,0.0,74.0,,
Northern Kentucky University,2024,,,,15.0,8.0,87.0,71.0,0.0,81.61%,76.29%,5.32%,81.61%,,,,,,102.0,8.0,0.0,79.0,,
Northwestern University,2024,,,,0.0,0.0,262.0,240.0,0.0,91.6%,78.56%,13.04%,91.60%,,,,,,278.0,16.0,0.0,262.0,,
"Notre Dame, University of",2024,,,,0.0,6.0,164.0,150.0,0.0,91.46%,77.47%,13.99%,91.46%,,,,,,165.0,7.0,0.0,158.0,,
Nova Southeastern University,2024,,,,5.0,14.0,158.0,101.0,0.0,63.92%,67.84%,-3.92%,63.92%,,,,,,166.0,17.0,0.0,144.0,,
Ohio Northern University,2024,,,,0.0,2.0,53.0,27.0,0.0,50.94%,75.31%,-24.37%,50.94%,,,,,,52.0,1.0,0.0,51.0,,
Oklahoma City University,2024,,,,3.0,15.0,160.0,95.0,,59.38%,71.25%,-11.87%,59.38%,,,,,,160.0,12.0,0.0,145.0,,
"Oklahoma, University of",2024,,,,0.0,4.0,165.0,145.0,0.0,87.88%,72.27%,15.61%,87.88%,,,,,,168.0,7.0,0.0,161.0,,
"Oregon, University of",2024,,,,0.0,9.0,150.0,115.0,0.0,76.67%,74.5%,2.17%,76.67%,,,,,,154.0,13.0,1.0,140.0,,
Pace University,2024,,,,0.0,17.0,241.0,157.0,0.0,65.15%,80.59%,-15.44%,65.15%,,,,,,248.0,24.0,17.0,207.0,,
"Pacific, University of the",2024,,,,0.0,28.0,167.0,112.0,0.0,67.07%,72.52%,-5.45%,67.07%,,,,,,161.0,22.0,0.0,139.0,,
Penn State Dickinson Law,2024,,,,0.0,0.0,71.0,55.0,0.0,77.46%,75.35%,2.11%,77.46%,,,,,,75.0,4.0,2.0,69.0,,
Penn State University,2024,,,,4.0,4.0,106.0,92.0,0.0,86.79%,75.6%,11.19%,86.79%,,,,,,113.0,7.0,0.0,102.0,,
"Pennsylvania, University of",2024,,,,1.0,6.0,240.0,231.0,0.0,96.25%,79.72%,16.53%,96.25%,,,,,,251.0,16.0,0.0,234.0,,
Pepperdine University,2024,,,,0.0,11.0,156.0,130.0,0.0,83.33%,73.18%,10.15%,83.33%,,,,,,165.0,20.0,0.0,145.0,,
"Pittsburgh, University of",2024,,,,0.0,6.0,110.0,93.0,0.0,84.55%,74.79%,9.76%,84.55%,,,,,,112.0,8.0,0.0,104.0,,
Pontifical Catholic University of Puerto Rico,2024,,,,4.0,26.0,69.0,43.0,0.0,62.32%,48.19%,14.13%,62.32%,,,,,,89.0,42.0,0.0,43.0,,
"Puerto Rico, University of",2024,,,,0.0,23.0,140.0,72.0,0.0,51.43%,48.69%,2.74%,51.43%,,,,,,139.0,22.0,0.0,117.0,,
Quinnipiac University,2024,,,,3.0,14.0,115.0,76.0,0.0,66.09%,69.24%,-3.15%,66.09%,,,,,,123.0,19.0,0.0,101.0,,
Regent University,2024,,,,0.0,18.0,97.0,81.0,0.0,83.51%,75.46%,8.05%,83.51%,,,,,,94.0,15.0,1.0,78.0,,
"Richmond, University of",2024,,,,0.0,6.0,147.0,117.0,0.0,79.59%,76.8%,2.79%,79.59%,,,,,,150.0,9.0,4.0,137.0,,
Roger Williams University,2024,,,,0.0,25.0,171.0,99.0,0.0,57.89%,77.1%,-19.21%,57.89%,,,,,,163.0,17.0,4.0,142.0,,
Rutgers University,2024,,,,4.0,35.0,391.0,262.0,0.0,67.01%,70.05%,-3.04%,67.01%,,,,,,403.0,43.0,1.0,355.0,,
Saint Louis University,2024,,,,5.0,23.0,181.0,157.0,0.0,86.74%,82.99%,3.75%,86.74%,,,,,,185.0,22.0,0.0,158.0,,
Samford University,2024,,,,0.0,7.0,134.0,105.0,0.0,78.36%,78.88%,-0.52%,78.36%,,,,,,138.0,11.0,0.0,127.0,,
"San Diego, University of",2024,,,,0.0,11.0,226.0,178.0,0.0,78.76%,72.52%,6.24%,78.76%,,,,,,223.0,8.0,0.0,215.0,,
"San Francisco, University of",2024,,,,0.0,19.0,95.0,64.0,0.0,67.37%,72.43%,-5.06%,67.37%,,,,,,86.0,10.0,0.0,76.0,,
Santa Clara University,2024,,,,0.0,25.0,212.0,131.0,,61.79%,72.57%,-10.78%,61.79%,,,,,,229.0,42.0,0.0,187.0,,
Seattle University,2024,,,,8.0,6.0,165.0,123.0,0.0,74.55%,82.11%,-7.56%,74.55%,,,,,,205.0,38.0,0.0,159.0,,
Seton Hall University,2024,,,,2.0,15.0,242.0,199.0,0.0,82.23%,70.27%,11.96%,82.23%,,,,,,241.0,12.0,0.0,227.0,,
"South Carolina, University of",2024,,,,0.0,19.0,212.0,173.0,0.0,81.6%,77.03%,4.57%,81.60%,,,,,,209.0,16.0,1.0,192.0,,
"South Dakota, University of",2024,,,,0.0,4.0,55.0,37.0,,67.27%,78.5%,-11.23%,67.27%,,,,,,57.0,6.0,0.0,51.0,,
South Texas College of Law Houston,2024,,,,0.0,76.0,290.0,233.0,0.0,80.34%,79.13%,1.21%,80.34%,,,,,,258.0,44.0,0.0,214.0,,
"Southern California, University of",2024,,,,1.0,5.0,182.0,150.0,0.0,82.42%,73.57%,8.85%,82.42%,,,,,,183.0,5.0,0.0,177.0,,
Southern Illinois University,2024,,,,1.0,4.0,67.0,44.0,0.0,65.67%,78.71%,-13.04%,65.67%,,,,,,80.0,16.0,0.0,63.0,,
Southern Methodist University,2024,,,,0.0,14.0,219.0,186.0,0.0,84.93%,78.97%,5.96%,84.93%,,,,,,217.0,12.0,3.0,202.0,,
Southern University,2024,,,,82.0,0.0,85.0,45.0,0.0,52.94%,72.02%,-19.08%,52.94%,,,,,,226.0,59.0,0.0,85.0,,
Southwestern Law School,2024,,,,7.0,34.0,261.0,167.0,0.0,63.98%,72.34%,-8.36%,63.98%,,,,,,255.0,21.0,0.0,227.0,,
St. John's University,2024,,,,1.0,8.0,248.0,216.0,0.0,87.1%,82.59%,4.51%,87.10%,,,,,,247.0,6.0,2.0,238.0,,
St. Mary's University,2024,,,,0.0,35.0,196.0,144.0,0.0,73.47%,79.21%,-5.74%,73.47%,,,,,,201.0,40.0,11.0,150.0,,
St. Thomas University (Miami),2024,,,,2.0,25.0,202.0,118.0,0.0,58.42%,67.81%,-9.39%,58.42%,,,,,,221.0,42.0,0.0,177.0,,
"St. Thomas, (Minneapolis) University of",2024,,,,1.0,17.0,155.0,122.0,0.0,78.71%,81.46%,-2.75%,78.71%,,,,,,146.0,7.0,0.0,138.0,,
Stanford University,2024,,,,1.0,16.0,182.0,176.0,,96.7%,76.96%,19.74%,96.70%,,,,,,180.0,13.0,,166.0,,
Stetson University,2024,,,,,44.0,283.0,217.0,0.0,76.68%,68.12%,8.56%,76.68%,,,,,,284.0,45.0,2.0,237.0,,
Suffolk University,2024,,,,21.0,15.0,329.0,261.0,,79.33%,79.99%,-0.66%,79.33%,,,,,,349.0,14.0,2.0,312.0,,
Syracuse University,2024,,,,2.0,36.0,181.0,135.0,0.0,74.59%,80.2%,-5.61%,74.59%,,,,,,183.0,36.0,4.0,141.0,,
Temple University,2024,,,,4.0,8.0,202.0,172.0,0.0,85.15%,74.82%,10.33%,85.15%,,,,,,210.0,12.0,0.0,194.0,,
"Tennessee, University of",2024,,,,0.0,3.0,104.0,87.0,0.0,83.65%,74.03%,9.62%,83.65%,,,,,,114.0,13.0,0.0,101.0,,
Texas A&M University,2024,,,,0.0,6.0,157.0,146.0,0.0,92.99%,78.91%,14.08%,92.99%,,,,,,165.0,14.0,5.0,146.0,,
Texas Southern University,2024,,,,0.0,30.0,145.0,92.0,0.0,63.45%,78.99%,-15.54%,63.45%,,,,,,156.0,41.0,7.0,108.0,,
Texas Tech University,2024,,,,0.0,10.0,140.0,129.0,0.0,92.14%,79.13%,13.01%,92.14%,,,,,,139.0,9.0,1.0,129.0,,
"Texas, University of",2024,,,,1.0,21.0,284.0,267.0,0.0,94.01%,78.91%,15.1%,94.01%,,,,,,281.0,17.0,2.0,261.0,,
The Ohio State University,2024,,,,1.0,12.0,182.0,165.0,0.0,90.66%,77.17%,13.49%,90.66%,,,,,,178.0,7.0,0.0,170.0,,
"Toledo, The University of",2024,,,,8.0,20.0,93.0,65.0,0.0,69.89%,72.16%,-2.27%,69.89%,,,,,,105.0,24.0,0.0,73.0,,
Touro University,2024,,,,0.0,16.0,159.0,88.0,0.0,55.35%,82.07%,-26.72%,55.35%,,,,,,160.0,17.0,8.0,135.0,,
Tulane University,2024,,,,1.0,7.0,206.0,164.0,0.0,79.61%,76.02%,3.59%,79.61%,,,,,,212.0,12.0,0.0,199.0,,
"Tulsa, The University of",2024,,,,0.0,25.0,103.0,73.0,0.0,70.87%,71.76%,-0.89%,70.87%,,,,,,112.0,34.0,0.0,78.0,,
"Utah, The University of",2024,,,,0.0,8.0,83.0,78.0,0.0,93.98%,87.91%,6.07%,93.98%,,,,,,83.0,8.0,0.0,75.0,,
Vanderbilt University,2024,,,,0.0,6.0,198.0,192.0,0.0,96.97%,77.81%,19.16%,96.97%,,,,,,200.0,8.0,0.0,192.0,,
Vermont Law School,2024,,,,7.0,17.0,115.0,73.0,0.0,63.48%,73.12%,-9.64%,63.48%,,,,,,113.0,8.0,12.0,86.0,,
Villanova University,2024,,,,3.0,8.0,171.0,157.0,0.0,91.81%,75.81%,16%,91.81%,,,,,,175.0,9.0,0.0,163.0,,
"Virginia, University of",2024,,,,0.0,9.0,286.0,276.0,0.0,96.5%,79.39%,17.11%,96.50%,,,,,,289.0,12.0,0.0,277.0,,
Wake Forest University,2024,,,,3.0,8.0,92.0,85.0,0.0,92.39%,75.43%,16.96%,92.39%,,,,,,91.0,4.0,1.0,83.0,,
Washburn University,2024,,,,5.0,21.0,94.0,79.0,0.0,84.04%,78.24%,5.8%,84.04%,,,,,,100.0,22.0,0.0,73.0,,
Washington and Lee University,2024,,,,0.0,3.0,108.0,90.0,0.0,83.33%,77.84%,5.49%,83.33%,,,,,,107.0,2.0,1.0,104.0,,
Washington University (St. Louis),2024,,,,0.0,6.0,224.0,205.0,0.0,91.52%,80.01%,11.51%,91.52%,,,,,,228.0,10.0,0.0,218.0,,
"Washington, University of",2024,,,,0.0,14.0,162.0,151.0,0.0,93.21%,81.19%,12.02%,93.21%,,,,,,168.0,20.0,0.0,148.0,,
Wayne State University,2024,,,,0.0,21.0,105.0,70.0,0.0,66.67%,63.58%,3.09%,66.67%,,,,,,110.0,26.0,0.0,84.0,,
West Virginia University,2024,,,,0.0,4.0,98.0,68.0,0.0,69.39%,73.67%,-4.28%,69.39%,,,,,,106.0,12.0,1.0,93.0,,
Western New England University,2024,,,,0.0,4.0,86.0,59.0,0.0,68.6%,74.1%,-5.5%,68.60%,,,,,,102.0,20.0,0.0,82.0,,
"Western State, Westcliff University",2024,,,,0.0,8.0,53.0,31.0,0.0,58.49%,72.24%,-13.75%,58.49%,,,,,,56.0,11.0,0.0,45.0,,
Widener University Commonwealth Law School,2024,,,,1.0,13.0,80.0,43.0,0.0,53.75%,74.26%,-20.51%,53.75%,,,,,,82.0,14.0,1.0,66.0,,
Widener University Delaware Law School,2024,,,,1.0,25.0,185.0,118.0,0.0,63.78%,71.63%,-7.85%,63.78%,,,,,,181.0,20.0,1.0,159.0,,
Willamette University,2024,,,,0.0,8.0,93.0,50.0,0.0,53.76%,74.22%,-20.46%,53.76%,,,,,,96.0,11.0,3.0,82.0,,
William & Mary,2024,,,,4.0,10.0,213.0,198.0,0.0,92.96%,77.73%,15.23%,92.96%,,,,,,217.0,10.0,2.0,201.0,,
"Wisconsin, University of",2024,,,,1.0,1.0,7.0,7.0,225.0,100%,78.25%,21.75%,100.00%,,,,,,235.0,3.0,0.0,6.0,,
"Wyoming, University of",2024,,,,0.0,8.0,68.0,55.0,0.0,80.88%,78.15%,2.73%,80.88%,,,,,,69.0,9.0,0.0,60.0,,
Yale University,2024,,,,0.0,14.0,218.0,211.0,0.0,96.79%,79.97%,16.82%,96.79%,,,,,,227.0,23.0,0.0,204.0,,
*Law School pass rate is how the Law School’s graduates performed across all jurisdictions where they took the bar examination for the first time.,2024,,,,,,,,,,,,,,,,,,,,,,,
**The ABA weighted average bar pass rate is the average pass rate for graduates from ABA-accredited law schools for each jurisdiction in which the Law School’s graduates sat for the bar exam. This number is weighted so that bar pass rates from jurisdictions where more of the Law School’s graduates sat for the bar exam have a greater impact on the ABA weighted average bar pass rate than bar pass rates from jurisdictions where fewer of the Law School’s graduates sat for the bar exam.,2024,,,,,,,,,,,,,,,,,,,,,,,
***The difference between the Law School pass rate and the ABA weighted average bar pass rate compares the performance of the Law School’s graduates on the bar exam in all jurisdictions where they took the bar exam for the first time with the performance of graduates from all ABA-accredited law schools on the bar exam in those same jurisdictions.,2024,,,,,,,,,,,,,,,,,,,,,,,
"Akron, The University of",2025,,,,0.0,45.0,129.0,93.0,0.0,72.09%,80.46%,-8.37%,72.09%,,,,,,,,0.0,84.0,138.0,54.0
"Alabama, The University of",2025,,,,1.0,7.0,151.0,138.0,0.0,91.39%,80.44%,10.95%,91.39%,,,,,,,,0.0,144.0,153.0,8.0
Albany Law School,2025,,,,1.0,46.0,206.0,153.0,0.0,74.27%,85.75%,-11.48%,74.27%,,,,,,,,14.0,146.0,197.0,36.0
American University,2025,,,,9.0,31.0,374.0,304.0,,81.28%,81.98%,-0.7%,81.28%,,,,,,,,4.0,339.0,380.0,28.0
Appalachian School of Law,2025,,,,0.0,4.0,38.0,24.0,0.0,63.16%,77.16%,-14%,63.16%,,,,,,,,0.0,34.0,39.0,5.0
Arizona State University,2025,,,,3.0,33.0,289.0,253.0,0.0,87.54%,75.03%,12.51%,87.54%,,,,,,,,4.0,252.0,287.0,28.0
"Arizona, The University of",2025,,,,1.0,11.0,115.0,83.0,0.0,72.17%,75.3%,-3.13%,72.17%,,,,,,,,16.0,88.0,116.0,11.0
"Arkansas at Little Rock, University of",2025,,,,0.0,8.0,136.0,100.0,0.0,73.53%,76.51%,-2.98%,73.53%,,,,,,,,0.0,128.0,138.0,10.0
"Arkansas, University of",2025,,,,0.0,7.0,120.0,96.0,0.0,80%,77.09%,2.91%,80.00%,,,,,,,,0.0,113.0,124.0,11.0
Atlanta's John Marshall Law School,2025,,,,0.0,9.0,76.0,52.0,0.0,68.42%,80.24%,-11.82%,68.42%,,,,,,,,0.0,67.0,84.0,17.0
Ave Maria School of Law,2025,,,,0.0,11.0,85.0,56.0,0.0,65.88%,73.82%,-7.94%,65.88%,,,,,,,,0.0,74.0,87.0,13.0
"Baltimore, University of",2025,,,,0.0,26.0,198.0,140.0,0.0,70.71%,70.64%,0.07%,70.71%,,,,,,,,0.0,172.0,206.0,34.0
Barry University,2025,,,,2.0,63.0,239.0,164.0,0.0,68.62%,73.45%,-4.83%,68.62%,,,,,,,,2.0,174.0,261.0,83.0
Baylor University,2025,,,,0.0,17.0,197.0,187.0,0.0,94.92%,81.44%,13.48%,94.92%,,,,,,,,3.0,177.0,194.0,14.0
Belmont University,2025,,,,0.0,6.0,120.0,114.0,0.0,95%,77.95%,17.05%,95.00%,,,,,,,,0.0,114.0,115.0,1.0
Boston College,2025,,,,0.0,7.0,340.0,319.0,0.0,93.82%,83.55%,10.27%,93.82%,,,,,,,,0.0,333.0,341.0,8.0
Boston University,2025,,,,,13.0,298.0,275.0,,92.28%,83.3%,8.98%,92.28%,,,,,,,,3.0,282.0,297.0,12.0
Brigham Young University,2025,,,,0.0,5.0,136.0,123.0,0.0,90.44%,83.58%,6.86%,90.44%,,,,,,,,0.0,131.0,145.0,14.0
Brooklyn Law School,2025,,,,1.0,7.0,393.0,332.0,0.0,84.48%,85.73%,-1.25%,84.48%,,,,,,,,1.0,385.0,402.0,15.0
"Buffalo, University at",2025,,,,0.0,13.0,154.0,132.0,0.0,85.71%,86.24%,-0.53%,85.71%,,,,,,,,8.0,133.0,154.0,13.0
California Western School of Law,2025,,,,0.0,59.0,213.0,134.0,0.0,62.91%,77.53%,-14.62%,62.91%,,,,,,,,0.0,154.0,209.0,55.0
"California-Berkeley, University of",2025,,,,12.0,7.0,396.0,361.0,0.0,91.16%,79.91%,11.25%,91.16%,,,,,,,,0.0,389.0,411.0,10.0
"California-Davis, University of",2025,,,,0.0,6.0,235.0,209.0,1.0,88.94%,77.78%,11.16%,88.98%,,,,,,,,0.0,229.0,242.0,12.0
"California-Irvine, University of",2025,,,,0.0,6.0,159.0,136.0,0.0,85.53%,77.98%,7.55%,85.53%,,,,,,,,0.0,153.0,161.0,8.0
"California-Los Angeles, University of",2025,,,,3.0,4.0,364.0,343.0,0.0,94.23%,78.85%,15.38%,94.23%,,,,,,,,0.0,360.0,372.0,9.0
"California-San Francisco, University of",2025,,,,0.0,22.0,359.0,301.0,0.0,83.84%,77.87%,5.97%,83.84%,,,,,,,,1.0,336.0,363.0,26.0
Campbell University,2025,,,,0.0,21.0,164.0,140.0,0.0,85.37%,79.05%,6.32%,85.37%,,,,,,,,2.0,141.0,157.0,14.0
Capital University Law School,2025,,,,0.0,4.0,144.0,104.0,0.0,72.22%,80.4%,-8.18%,72.22%,,,,,,,,0.0,140.0,151.0,11.0
"Cardozo, Yeshiva University",2025,,,,2.0,19.0,321.0,284.0,0.0,88.47%,85.16%,3.31%,88.47%,,,,,,,,9.0,293.0,308.0,4.0
Case Western Reserve University,2025,,,,1.0,16.0,161.0,132.0,0.0,81.99%,81%,0.99%,81.99%,,,,,,,,0.0,145.0,155.0,9.0
"Catholic University of America, The",2025,,,,0.0,7.0,130.0,108.0,0.0,83.08%,81.09%,1.99%,83.08%,,,,,,,,2.0,121.0,126.0,3.0
Chapman University,2025,,,,1.0,0.0,143.0,106.0,0.0,74.13%,77.65%,-3.52%,74.13%,,,,,,,,0.0,143.0,144.0,0.0
Charleston School of Law,2025,,,,11.0,34.0,216.0,160.0,0.0,74.07%,76.83%,-2.76%,74.07%,,,,,,,,3.0,179.0,234.0,41.0
"Chicago, The University of",2025,,,,0.0,5.0,194.0,189.0,0.0,97.42%,81.49%,15.93%,97.42%,,,,,,,,0.0,189.0,199.0,10.0
"Chicago-Kent, Illinois Institute of Technology",2025,,,,19.0,12.0,205.0,162.0,0.0,79.02%,78.68%,0.34%,79.02%,,,,,,,,0.0,193.0,226.0,14.0
"Cincinnati, University of",2025,,,,1.0,1.0,118.0,101.0,0.0,85.59%,80.62%,4.97%,85.59%,,,,,,,,0.0,117.0,127.0,9.0
"City University of New York, University of",2025,,,,,12.0,201.0,132.0,0.0,65.67%,86%,-20.33%,65.67%,,,,,,,,6.0,183.0,213.0,24.0
Cleveland State University,2025,,,,0.0,19.0,110.0,83.0,0.0,75.45%,80.52%,-5.07%,75.45%,,,,,,,,0.0,91.0,104.0,13.0
"Colorado, University of",2025,,,,0.0,9.0,167.0,151.0,0.0,90.42%,84.93%,5.49%,90.42%,,,,,,,,0.0,158.0,171.0,13.0
Columbia University,2025,,,,3.0,5.0,506.0,485.0,0.0,95.85%,84.98%,10.87%,95.85%,,,,,,,,15.0,486.0,521.0,17.0
"Connecticut, University of",2025,,,,10.0,10.0,150.0,126.0,0.0,84%,75.84%,8.16%,84.00%,,,,,,,,9.0,131.0,150.0,0.0
Cooley Law School,2025,,,,0.0,43.0,130.0,67.0,0.0,51.54%,74.12%,-22.58%,51.54%,,,,,,,,0.0,87.0,120.0,33.0
Cornell University,2025,,,,0.0,4.0,195.0,188.0,0.0,96.41%,84.73%,11.68%,96.41%,,,,,,,,21.0,170.0,196.0,5.0
Creighton University,2025,,,,0.0,15.0,146.0,106.0,0.0,72.6%,82.74%,-10.14%,72.60%,,,,,,,,0.0,131.0,146.0,15.0
"Dayton, University of",2025,,,,0.0,5.0,108.0,95.0,0.0,87.96%,80.1%,7.86%,87.96%,,,,,,,,0.0,103.0,108.0,5.0
"Denver, University of",2025,,,,0.0,35.0,225.0,191.0,0.0,84.89%,85.07%,-0.18%,84.89%,,,,,,,,0.0,190.0,242.0,52.0
DePaul University,2025,,,,10.0,10.0,171.0,130.0,0.0,76.02%,78.56%,-2.54%,76.02%,,,,,,,,0.0,161.0,172.0,1.0
"Detroit Mercy, University of",2025,,,,0.0,22.0,144.0,102.0,0.0,70.83%,73.25%,-2.42%,70.83%,,,,,,,,0.0,122.0,201.0,79.0
"District of Columbia, University of",2025,,,,0.0,11.0,61.0,40.0,0.0,65.57%,80.64%,-15.07%,65.57%,,,,,,,,1.0,49.0,69.0,19.0
Drake University,2025,,,,0.0,15.0,105.0,90.0,0.0,85.71%,83.73%,1.98%,85.71%,,,,,,,,0.0,90.0,102.0,12.0
Drexel University,2025,,,,0.0,10.0,140.0,119.0,0.0,85%,79.48%,5.52%,85.00%,,,,,,,,0.0,130.0,140.0,10.0
Duke University,2025,,,,1.0,5.0,278.0,271.0,0.0,97.48%,82.94%,14.54%,97.48%,,,,,,,,3.0,270.0,279.0,5.0
Duquesne University,2025,,,,0.0,2.0,151.0,134.0,0.0,88.74%,80.14%,8.6%,88.74%,,,,,,,,0.0,149.0,157.0,8.0
Elon University,2025,,,,0.0,138.0,138.0,106.0,0.0,76.81%,78.83%,-2.02%,76.81%,,,,,,,,0.0,0.0,135.0,135.0
Emory University,2025,,,,0.0,27.0,292.0,258.0,0.0,88.36%,80.47%,7.89%,88.36%,,,,,,,,1.0,264.0,290.0,25.0
Faulkner University,2025,,,,0.0,2.0,70.0,50.0,0.0,71.43%,80.6%,-9.17%,71.43%,,,,,,,,0.0,68.0,81.0,13.0
Florida A&M University,2025,,,,0.0,0.0,65.0,49.0,0.0,75.38%,73.28%,2.1%,75.38%,,,,,,,,0.0,65.0,109.0,44.0
Florida International University,2025,,,,0.0,24.0,163.0,144.0,0.0,88.34%,72.91%,15.43%,88.34%,,,,,,,,0.0,139.0,174.0,35.0
Florida State University,2025,,,,1.0,29.0,180.0,157.0,0.0,87.22%,73.35%,13.87%,87.22%,,,,,,,,0.0,151.0,173.0,21.0
"Florida, University of",2025,,,,0.0,32.0,262.0,232.0,0.0,88.55%,75.2%,13.35%,88.55%,,,,,,,,0.0,230.0,257.0,27.0
Fordham University,2025,,,,0.0,16.0,456.0,424.0,0.0,92.98%,85.77%,7.21%,92.98%,,,,,,,,18.0,422.0,455.0,15.0
George Mason University,2025,,,,0.0,12.0,235.0,202.0,0.0,85.96%,80.68%,5.28%,85.96%,,,,,,,,11.0,212.0,234.0,11.0
"George Washington University, The",2025,,,,37.0,13.0,511.0,461.0,0.0,90.22%,82.71%,7.51%,90.22%,,,,,,,,2.0,496.0,551.0,16.0
Georgetown University,2025,,,,39.0,9.0,633.0,589.0,0.0,93.05%,83.29%,9.76%,93.05%,,,,,,,,2.0,622.0,663.0,
Georgia State University,2025,,,,18.0,17.0,189.0,170.0,0.0,89.95%,79.87%,10.08%,89.95%,,,,,,,,0.0,172.0,217.0,27.0
"Georgia, University of",2025,,,,0.0,8.0,187.0,169.0,0.0,90.37%,79.72%,10.65%,90.37%,,,,,,,,0.0,179.0,189.0,10.0
Gonzaga University,2025,,,,0.0,9.0,153.0,122.0,0.0,79.74%,81.33%,-1.59%,79.74%,,,,,,,,0.0,144.0,160.0,16.0
Harvard University,2025,,,,21.0,33.0,608.0,595.0,0.0,97.86%,83.44%,14.42%,97.86%,,,,,,,,3.0,572.0,620.0,24.0
"Hawaii, University of",2025,,,,0.0,13.0,91.0,70.0,0.0,76.92%,74.94%,1.98%,76.92%,,,,,,,,0.0,78.0,107.0,29.0
Hofstra University,2025,,,,4.0,9.0,275.0,217.0,0.0,78.91%,85.69%,-6.78%,78.91%,,,,,,,,9.0,257.0,278.0,8.0
"Houston, University of",2025,,,,0.0,7.0,255.0,226.0,0.0,88.63%,81.34%,7.29%,88.63%,,,,,,,,9.0,239.0,258.0,10.0
Howard University,2025,,,,0.0,8.0,155.0,119.0,0.0,76.77%,82.24%,-5.47%,76.77%,,,,,,,,0.0,147.0,153.0,6.0
"Idaho, University of",2025,,,,8.0,16.0,117.0,80.0,0.0,68.38%,78.38%,-10%,68.38%,,,,,,,,0.0,101.0,113.0,4.0
"Illinois, University of",2025,,,,0.0,2.0,202.0,189.0,0.0,93.56%,79.05%,14.51%,93.56%,,,,,,,,0.0,200.0,206.0,6.0
"Illinois-Chicago, University of",2025,,,,4.0,70.0,296.0,178.0,0.0,60.14%,78.83%,-18.69%,60.14%,,,,,,,,0.0,226.0,292.0,62.0
Indiana University-Bloomington,2025,,,,0.0,9.0,190.0,166.0,0.0,87.37%,79.1%,8.27%,87.37%,,,,,,,,3.0,178.0,202.0,21.0
Indiana University-Indianapolis,2025,,,,4.0,31.0,222.0,164.0,0.0,73.87%,77.95%,-4.08%,73.87%,,,,,,,,10.0,181.0,209.0,14.0
Inter American University of Puerto Rico,2025,,,,15.0,61.0,137.0,66.0,0.0,48.18%,51.95%,-3.77%,48.18%,,,,,,,,0.0,76.0,168.0,77.0
"Iowa, University of",2025,,,,0.0,17.0,166.0,151.0,0.0,90.96%,82.1%,8.86%,90.96%,,,,,,,,2.0,147.0,176.0,27.0
"Kansas, The University of",2025,,,,0.0,4.0,115.0,106.0,0.0,92.17%,80.59%,11.58%,92.17%,,,,,,,,0.0,111.0,116.0,5.0
"Kentucky, University of",2025,,,,5.0,11.0,136.0,113.0,0.0,83.09%,78.83%,4.26%,83.09%,,,,,,,,0.0,125.0,133.0,3.0
Lewis & Clark Law School,2025,,,,0.0,13.0,187.0,159.0,4.0,85.03%,75.03%,10%,85.34%,,,,,,,,2.0,172.0,194.0,16.0
Liberty University,2025,,,,0.0,6.0,112.0,95.0,0.0,84.82%,77.78%,7.04%,84.82%,,,,,,,,0.0,106.0,111.0,5.0
Lincoln Memorial University,2025,,,,0.0,15.0,102.0,65.0,0.0,63.73%,78.36%,-14.63%,63.73%,,,,,,,,0.0,87.0,108.0,21.0
Louisiana State University,2025,,,,16.0,3.0,179.0,152.0,0.0,84.92%,74.57%,10.35%,84.92%,,,,,,,,3.0,173.0,212.0,20.0
"Louisville, University of",2025,,,,2.0,9.0,123.0,93.0,0.0,75.61%,78.52%,-2.91%,75.61%,,,,,,,,0.0,114.0,129.0,13.0
Loyola Marymount University-Los Angeles,2025,,,,0.0,26.0,329.0,277.0,0.0,84.19%,77.65%,6.54%,84.19%,,,,,,,,0.0,303.0,333.0,30.0
Loyola University-Chicago,2025,,,,0.0,8.0,345.0,276.0,0.0,80%,78.82%,1.18%,80.00%,,,,,,,,0.0,337.0,351.0,14.0
Loyola University-New Orleans,2025,,,,3.0,23.0,187.0,129.0,0.0,68.98%,76.04%,-7.06%,68.98%,,,,,,,,2.0,162.0,180.0,13.0
"Maine, University of",2025,,,,0.0,6.0,77.0,65.0,0.0,84.42%,75.15%,9.27%,84.42%,,,,,,,,0.0,71.0,82.0,11.0
Marquette University,2025,,,,0.0,1.0,2.0,1.0,201.0,50%,70.94%,-20.94%,99.51%,,,,,,,,0.0,1.0,202.0,0.0
"Maryland, University of",2025,,,,12.0,18.0,229.0,188.0,0.0,82.1%,72.24%,9.86%,82.10%,,,,,,,,0.0,211.0,243.0,20.0
"Massachusetts/Dartmouth, University of",2025,,,,0.0,6.0,108.0,63.0,0.0,58.33%,78.83%,-20.5%,58.33%,,,,,,,,0.0,102.0,111.0,9.0
"Memphis, The University of",2025,,,,0.0,12.0,94.0,69.0,0.0,73.4%,78.52%,-5.12%,73.40%,,,,,,,,0.0,82.0,102.0,20.0
Mercer University,2025,,,,0.0,0.0,100.0,84.0,0.0,84%,79.31%,4.69%,84.00%,,,,,,,,0.0,100.0,103.0,3.0
"Miami, University of",2025,,,,2.0,57.0,406.0,330.0,0.0,81.28%,74.6%,6.68%,81.28%,,,,,,,,0.0,349.0,397.0,46.0
Michigan State University,2025,,,,0.0,15.0,217.0,170.0,0.0,78.34%,74.39%,3.95%,78.34%,,,,,,,,0.0,202.0,223.0,21.0
"Michigan, University of",2025,,,,0.0,7.0,316.0,302.0,0.0,95.57%,80.44%,15.13%,95.57%,,,,,,,,0.0,309.0,324.0,15.0
"Minnesota, University of",2025,,,,0.0,14.0,237.0,223.0,0.0,94.09%,83.36%,10.73%,94.09%,,,,,,,,0.0,223.0,228.0,5.0
Mississippi College,2025,,,,0.0,11.0,123.0,78.0,0.0,63.41%,79.66%,-16.25%,63.41%,,,,,,,,0.0,112.0,124.0,12.0
"Mississippi, The University of",2025,,,,0.0,17.0,164.0,120.0,0.0,73.17%,79.74%,-6.57%,73.17%,,,,,,,,0.0,147.0,181.0,34.0
"Missouri, University of",2025,,,,0.0,8.0,132.0,110.0,0.0,83.33%,82.12%,1.21%,83.33%,,,,,,,,2.0,122.0,130.0,6.0
"Missouri-Kansas City, University of",2025,,,,0.0,31.0,126.0,106.0,0.0,84.13%,82.17%,1.96%,84.13%,,,,,,,,0.0,95.0,116.0,21.0
Mitchell/Hamline School of Law,2025,,,,0.0,66.0,379.0,269.0,0.0,70.98%,81.61%,-10.63%,70.98%,,,,,,,,2.0,311.0,390.0,77.0
"Montana, University of",2025,,,,0.0,9.0,78.0,64.0,0.0,82.05%,80.67%,1.38%,82.05%,,,,,,,,0.0,69.0,80.0,11.0
"Nebraska, University of",2025,,,,0.0,6.0,148.0,134.0,1.0,90.54%,83.11%,7.43%,90.60%,,,,,,,,0.0,142.0,155.0,12.0
"Nevada-Las Vegas, University of",2025,,,,0.0,20.0,162.0,125.0,0.0,77.16%,70.94%,6.22%,77.16%,,,,,,,,0.0,142.0,167.0,25.0
New England Law/Boston,2025,,,,21.0,0.0,269.0,213.0,0.0,79.18%,83.29%,-4.11%,79.18%,,,,,,,,0.0,269.0,307.0,17.0
"New Hampshire, University of",2025,,,,0.0,18.0,156.0,124.0,15.0,79.49%,79.2%,0.29%,81.29%,,,,,,,,4.0,134.0,206.0,53.0
"New Mexico, The University of",2025,,,,2.0,20.0,112.0,96.0,0.0,85.71%,81.2%,4.51%,85.71%,,,,,,,,0.0,92.0,102.0,8.0
New York Law School,2025,,,,0.0,7.0,337.0,276.0,0.0,81.9%,84.68%,-2.78%,81.90%,,,,,,,,14.0,316.0,345.0,15.0
New York University,2025,,,,0.0,7.0,519.0,502.0,0.0,96.72%,85.02%,11.7%,96.72%,,,,,,,,20.0,492.0,522.0,10.0
North Carolina Central University,2025,,,,3.0,7.0,143.0,80.0,0.0,55.94%,79.92%,-23.98%,55.94%,,,,,,,,0.0,136.0,149.0,10.0
"North Carolina, University of",2025,,,,5.0,12.0,207.0,191.0,0.0,92.27%,79.6%,12.67%,92.27%,,,,,,,,0.0,195.0,211.0,11.0
"North Dakota, University of",2025,,,,0.0,17.0,79.0,54.0,0.0,68.35%,73.32%,-4.97%,68.35%,,,,,,,,0.0,62.0,70.0,8.0
"North Texas at Dallas, University of",2025,,,,0.0,4.0,91.0,66.0,0.0,72.53%,81.48%,-8.95%,72.53%,,,,,,,,6.0,81.0,95.0,8.0
Northeastern University,2025,,,,0.0,20.0,222.0,194.0,0.0,87.39%,82.85%,4.54%,87.39%,,,,,,,,1.0,201.0,212.0,10.0
Northern Illinois University,2025,,,,0.0,17.0,91.0,52.0,0.0,57.14%,78.65%,-21.51%,57.14%,,,,,,,,0.0,74.0,96.0,22.0
Northern Kentucky University,2025,,,,2.0,17.0,130.0,96.0,0.0,73.85%,79.5%,-5.65%,73.85%,,,,,,,,0.0,113.0,126.0,11.0
Northwestern University,2025,,,,0.0,6.0,256.0,235.0,0.0,91.8%,81%,10.8%,91.80%,,,,,,,,0.0,250.0,270.0,20.0
"Notre Dame, University of",2025,,,,0.0,8.0,191.0,176.0,0.0,92.15%,79.83%,12.32%,92.15%,,,,,,,,0.0,183.0,187.0,4.0
Nova Southeastern University,2025,,,,0.0,12.0,190.0,128.0,,67.37%,72.78%,-5.41%,67.37%,,,,,,,,0.0,178.0,196.0,18.0
Ohio Northern University,2025,,,,0.0,3.0,57.0,39.0,0.0,68.42%,79.73%,-11.31%,68.42%,,,,,,,,0.0,54.0,67.0,13.0
Oklahoma City University,2025,,,,0.0,3.0,125.0,94.0,0.0,75.2%,80.27%,-5.07%,75.20%,,,,,,,,0.0,122.0,133.0,11.0
"Oklahoma, University of",2025,,,,0.0,3.0,187.0,166.0,0.0,88.77%,80.56%,8.21%,88.77%,,,,,,,,0.0,184.0,193.0,9.0
"Oregon, University of",2025,,,,3.0,7.0,154.0,131.0,5.0,85.06%,76.32%,8.74%,85.53%,,,,,,,,0.0,147.0,161.0,6.0
Pace University,2025,,,,0.0,14.0,248.0,170.0,0.0,68.55%,84.39%,-15.84%,68.55%,,,,,,,,10.0,224.0,252.0,18.0
"Pacific, University of the",2025,,,,0.0,21.0,146.0,103.0,0.0,70.55%,77.62%,-7.07%,70.55%,,,,,,,,0.0,125.0,148.0,23.0
Penn State Dickinson Law,2025,,,,1.0,0.0,216.0,188.0,0.0,87.04%,79.66%,7.38%,87.04%,,,,,,,,1.0,215.0,229.0,12.0
"Pennsylvania, University of",2025,,,,0.0,8.0,303.0,293.0,0.0,96.7%,82.93%,13.77%,96.70%,,,,,,,,3.0,292.0,301.0,6.0
Pepperdine University,2025,,,,0.0,14.0,189.0,164.0,0.0,86.77%,78.03%,8.74%,86.77%,,,,,,,,0.0,175.0,187.0,12.0
"Pittsburgh, University of",2025,,,,0.0,5.0,139.0,120.0,0.0,86.33%,80.21%,6.12%,86.33%,,,,,,,,0.0,134.0,146.0,12.0
Pontifical Catholic University of Puerto Rico,2025,,,,0.0,36.0,102.0,56.0,0.0,54.9%,52.08%,2.82%,54.90%,,,,,,,,0.0,66.0,129.0,63.0
"Puerto Rico, University of",2025,,,,0.0,21.0,127.0,74.0,0.0,58.27%,53.17%,5.1%,58.27%,,,,,,,,0.0,106.0,130.0,24.0
Quinnipiac University,2025,,,,1.0,15.0,114.0,84.0,0.0,73.68%,73.89%,-0.21%,73.68%,,,,,,,,0.0,99.0,105.0,5.0
Regent University,2025,,,,0.0,12.0,110.0,97.0,0.0,88.18%,77.6%,10.58%,88.18%,,,,,,,,4.0,94.0,118.0,20.0
"Richmond, University of",2025,,,,0.0,6.0,151.0,121.0,0.0,80.13%,77.32%,2.81%,80.13%,,,,,,,,2.0,143.0,151.0,6.0
Roger Williams University,2025,,,,0.0,20.0,177.0,101.0,0.0,57.06%,76.37%,-19.31%,57.06%,,,,,,,,6.0,151.0,174.0,17.0
Rutgers University,2025,,,,26.0,15.0,434.0,316.0,0.0,72.81%,75.12%,-2.31%,72.81%,,,,,,,,1.0,418.0,471.0,26.0
Saint Louis University,2025,,,,3.0,18.0,181.0,152.0,0.0,83.98%,81.88%,2.1%,83.98%,,,,,,,,0.0,163.0,175.0,9.0
Samford University,2025,,,,0.0,6.0,151.0,119.0,0.0,78.81%,80.15%,-1.34%,78.81%,,,,,,,,1.0,144.0,152.0,7.0
"San Diego, University of",2025,,,,0.0,8.0,250.0,212.0,0.0,84.8%,77.82%,6.98%,84.80%,,,,,,,,0.0,242.0,250.0,8.0
"San Francisco, University of",2025,,,,0.0,7.0,114.0,85.0,0.0,74.56%,77.74%,-3.18%,74.56%,,,,,,,,0.0,107.0,117.0,10.0
Santa Clara University,2025,,,,,35.0,214.0,160.0,,74.77%,77.97%,-3.2%,74.77%,,,,,,,,,179.0,200.0,21.0
Seattle University,2025,,,,4.0,37.0,207.0,163.0,0.0,78.74%,82.24%,-3.5%,78.74%,,,,,,,,0.0,170.0,229.0,55.0
Seton Hall University,2025,,,,3.0,10.0,305.0,266.0,0.0,87.21%,75.69%,11.52%,87.21%,,,,,,,,0.0,295.0,314.0,16.0
"South Carolina, University of",2025,,,,0.0,24.0,209.0,174.0,0.0,83.25%,75.81%,7.44%,83.25%,,,,,,,,0.0,185.0,200.0,15.0
"South Dakota, University of",2025,,,,0.0,6.0,73.0,53.0,0.0,72.6%,78.62%,-6.02%,72.60%,,,,,,,,1.0,66.0,83.0,16.0
South Texas College of Law Houston,2025,,,,,67.0,293.0,267.0,,91.13%,81.42%,9.71%,91.13%,,,,,,,,,226.0,298.0,72.0
"Southern California, University of",2025,,,,1.0,0.0,217.0,204.0,0.0,94.01%,78.74%,15.27%,94.01%,,,,,,,,1.0,216.0,221.0,3.0
Southern Illinois University,2025,,,,0.0,11.0,79.0,47.0,0.0,59.49%,79.22%,-19.73%,59.49%,,,,,,,,0.0,68.0,82.0,14.0
Southern Methodist University,2025,,,,0.0,10.0,245.0,221.0,0.0,90.2%,81.36%,8.84%,90.20%,,,,,,,,4.0,231.0,246.0,11.0
Southern University,2025,,,,29.0,0.0,121.0,73.0,0.0,60.33%,75.91%,-15.58%,60.33%,,,,,,,,0.0,121.0,214.0,64.0
Southwestern Law School,2025,,,,1.0,26.0,288.0,187.0,0.0,64.93%,77.76%,-12.83%,64.93%,,,,,,,,0.0,262.0,288.0,25.0
St. John's University,2025,,,,0.0,8.0,261.0,229.0,0.0,87.74%,86.11%,1.63%,87.74%,,,,,,,,4.0,249.0,266.0,13.0
St. Mary's University,2025,,,,1.0,40.0,243.0,160.0,0.0,65.84%,81.51%,-15.67%,65.84%,,,,,,,,12.0,191.0,233.0,29.0
St. Thomas University (Miami),2025,,,,0.0,27.0,246.0,199.0,0.0,80.89%,72.73%,8.16%,80.89%,,,,,,,,0.0,219.0,247.0,28.0
"St. Thomas, (Minneapolis) University of",2025,,,,5.0,16.0,166.0,124.0,,74.7%,84.41%,-9.71%,74.70%,,,,,,,,0.0,150.0,159.0,4.0
Stanford University,2025,,,,1.0,13.0,200.0,193.0,,96.5%,81.4%,15.1%,96.50%,,,,,,,,,187.0,199.0,11.0
Stetson University,2025,,,,,32.0,283.0,218.0,,77.03%,73.18%,3.85%,77.03%,,,,,,,,1.0,250.0,287.0,36.0
Suffolk University,2025,,,,12.0,13.0,383.0,304.0,0.0,79.37%,83.51%,-4.14%,79.37%,,,,,,,,3.0,367.0,408.0,26.0
Syracuse University,2025,,,,0.0,62.0,193.0,160.0,0.0,82.9%,82.61%,0.29%,82.90%,,,,,,,,3.0,128.0,199.0,68.0
Temple University,2025,,,,2.0,8.0,216.0,195.0,0.0,90.28%,79.72%,10.56%,90.28%,,,,,,,,0.0,208.0,225.0,15.0
"Tennessee, University of",2025,,,,1.0,8.0,124.0,114.0,0.0,91.94%,78.49%,13.45%,91.94%,,,,,,,,1.0,115.0,128.0,11.0
Texas A&M University,2025,,,,0.0,9.0,174.0,167.0,0.0,95.98%,81.39%,14.59%,95.98%,,,,,,,,4.0,161.0,175.0,10.0
Texas Southern University,2025,,,,0.0,46.0,199.0,144.0,0.0,72.36%,81.3%,-8.94%,72.36%,,,,,,,,14.0,139.0,185.0,32.0
Texas Tech University,2025,,,,0.0,6.0,146.0,126.0,0.0,86.3%,81.48%,4.82%,86.30%,,,,,,,,0.0,140.0,142.0,2.0
"Texas, University of",2025,,,,1.0,19.0,411.0,394.0,0.0,95.86%,81.57%,14.29%,95.86%,,,,,,,,0.0,392.0,416.0,23.0
The Ohio State University,2025,,,,0.0,9.0,174.0,160.0,0.0,91.95%,80.32%,11.63%,91.95%,,,,,,,,0.0,165.0,176.0,11.0
"Toledo, The University of",2025,,,,11.0,28.0,119.0,86.0,0.0,72.27%,77.23%,-4.96%,72.27%,,,,,,,,1.0,90.0,119.0,17.0
Touro University,2025,,,,0.0,17.0,154.0,95.0,0.0,61.69%,85.78%,-24.09%,61.69%,,,,,,,,9.0,128.0,144.0,7.0
Tulane University,2025,,,,0.0,11.0,211.0,164.0,,77.73%,79.22%,-1.49%,77.73%,,,,,,,,1.0,199.0,218.0,18.0
"Tulsa, The University of",2025,,,,0.0,33.0,119.0,94.0,0.0,78.99%,80.12%,-1.13%,78.99%,,,,,,,,0.0,86.0,116.0,30.0
"Utah, The University of",2025,,,,0.0,9.0,95.0,90.0,0.0,94.74%,84.88%,9.86%,94.74%,,,,,,,,0.0,86.0,97.0,11.0
Vanderbilt University,2025,,,,0.0,5.0,164.0,155.0,1.0,94.51%,81.05%,13.46%,94.55%,,,,,,,,0.0,159.0,166.0,6.0
Vermont Law School,2025,,,,5.0,12.0,134.0,87.0,0.0,64.93%,76.45%,-11.52%,64.93%,,,,,,,,3.0,119.0,150.0,23.0
Villanova University,2025,,,,3.0,7.0,206.0,188.0,0.0,91.26%,80.14%,11.12%,91.26%,,,,,,,,0.0,199.0,211.0,9.0
"Virginia, University of",2025,,,,0.0,10.0,299.0,284.0,0.0,94.98%,82.83%,12.15%,94.98%,,,,,,,,0.0,289.0,294.0,5.0
Wake Forest University,2025,,,,0.0,6.0,153.0,135.0,,88.24%,79.29%,8.95%,88.24%,,,,,,,,0.0,147.0,154.0,7.0
Washburn University,2025,,,,2.0,26.0,90.0,64.0,0.0,71.11%,79.97%,-8.86%,71.11%,,,,,,,,0.0,64.0,92.0,26.0
Washington and Lee University,2025,,,,0.0,2.0,141.0,126.0,0.0,89.36%,80.09%,9.27%,89.36%,,,,,,,,0.0,139.0,143.0,4.0
Washington University (St. Louis),2025,,,,0.0,11.0,280.0,262.0,0.0,93.57%,81.37%,12.2%,93.57%,,,,,,,,3.0,266.0,284.0,15.0
"Washington, University of",2025,,,,0.0,16.0,169.0,155.0,0.0,91.72%,82.21%,9.51%,91.72%,,,,,,,,0.0,153.0,168.0,15.0
Wayne State University,2025,,,,0.0,20.0,129.0,111.0,0.0,86.05%,72.93%,13.12%,86.05%,,,,,,,,2.0,107.0,127.0,18.0
West Virginia University,2025,,,,0.0,8.0,106.0,83.0,0.0,78.3%,76.46%,1.84%,78.30%,,,,,,,,0.0,98.0,106.0,8.0
Western New England University,2025,,,,0.0,7.0,101.0,78.0,0.0,77.23%,80.82%,-3.59%,77.23%,,,,,,,,0.0,94.0,108.0,14.0
"Western State, Westcliff University",2025,,,,0.0,12.0,77.0,49.0,0.0,63.64%,77.78%,-14.14%,63.64%,,,,,,,,0.0,65.0,86.0,21.0
Widener University Commonwealth Law School,2025,,,,0.0,10.0,100.0,54.0,0.0,54%,80.07%,-26.07%,54.00%,,,,,,,,3.0,87.0,97.0,7.0
Widener University Delaware Law School,2025,,,,1.0,14.0,181.0,120.0,0.0,66.3%,76.55%,-10.25%,66.30%,,,,,,,,0.0,167.0,196.0,28.0
Willamette University,2025,,,,0.0,4.0,90.0,60.0,10.0,66.67%,75.22%,-8.55%,70.00%,,,,,,,,3.0,83.0,112.0,16.0
William & Mary,2025,,,,2.0,10.0,171.0,143.0,0.0,83.63%,79.98%,3.65%,83.63%,,,,,,,,0.0,161.0,170.0,7.0
"Wisconsin, University of",2025,,,,0.0,2.0,5.0,4.0,249.0,80%,78.72%,1.28%,99.61%,,,,,,,,0.0,3.0,258.0,6.0
"Wyoming, University of",2025,,,,2.0,6.0,78.0,61.0,0.0,78.21%,72.71%,5.5%,78.21%,,,,,,,,1.0,71.0,83.0,9.0
Yale University,2025,,,,3.0,14.0,200.0,193.0,0.0,96.5%,83.57%,12.93%,96.50%,,,,,,,,2.0,184.0,214.0,25.0
*Law School pass rate is how the Law School’s graduates performed across all jurisdictions where they took the bar examination for the first time.,2025,,,,,,,,,,,,,,,,,,,,,,,
**The ABA weighted average bar pass rate is the average pass rate for graduates from ABA-accredited law schools for each jurisdiction in which the Law School’s graduates sat for the bar exam. This number is weighted so that bar pass rates from jurisdictions where more of the Law School’s graduates sat for the bar exam have a greater impact on the ABA weighted average bar pass rate than bar pass rates from jurisdictions where fewer of the Law School’s graduates sat for the bar exam.,2025,,,,,,,,,,,,,,,,,,,,,,,
***The difference between the Law School pass rate and the ABA weighted average bar pass rate compares the performance of the Law School’s graduates on the bar exam in all jurisdictions where they took the bar exam for the first time with the performance of graduates from all ABA-accredited law schools on the bar exam in those same jurisdictions.,2025,,,,,,,,,,,,,,,,,,,,,,,
